1.6749765661985272e-01,3.5689699979768591e-01
1.6733081018349991e-01,3.5681833575382566e-01
1.6715455365900250e-01,3.5673522996273066e-01
1.6696837429057895e-01,3.5664743971641860e-01
1.6677167886913188e-01,3.5655468415354918e-01
1.6656390242013561e-01,3.5645669568545246e-01
1.6634442920030870e-01,3.5635318257427295e-01
1.6611261553546097e-01,3.5624383975355761e-01
1.6586778071729025e-01,3.5612834446972164e-01
1.6560920921721958e-01,3.5600635729263008e-01
1.6533614414068262e-01,3.5587751901900316e-01
1.6504779230095334e-01,3.5574145297841914e-01
1.6474331887166746e-01,3.5559776249514591e-01
1.6442184484873715e-01,3.5544602966594874e-01
1.6408245173365857e-01,3.5528581751073013e-01
1.6372417553901178e-01,3.5511666714055773e-01
1.6334600195450411e-01,3.5493809519735686e-01
1.6294687202764102e-01,3.5474959676378731e-01
1.6252567238055027e-01,3.5455064026727112e-01
1.6208124215740402e-01,3.5434067109790762e-01
1.6161236682918945e-01,3.5411910803746038e-01
1.6111778036231666e-01,3.5388534457789583e-01
1.6059616452207306e-01,3.5363874863045131e-01
1.6004614662687958e-01,3.5337866116200140e-01
1.5946630739318118e-01,3.5310439879507943e-01
1.5885517212380196e-01,3.5281525023476362e-01
1.5821120837329605e-01,3.5251047509602496e-01
1.5753282920315068e-01,3.5218930501107598e-01
1.5681842489013065e-01,3.5185095757715651e-01
1.5606634743609135e-01,3.5149462922412461e-01
1.5527491374523786e-01,3.5111949636684053e-01
1.5444241980296280e-01,3.5072472129236110e-01
1.5356713948198766e-01,3.5030945157465604e-01
1.5264734493241441e-01,3.4987282865778657e-01
1.5168133995922031e-01,3.4941400204266237e-01
1.5066745239253862e-01,3.4893212586921463e-01
1.4960407663240757e-01,3.4842637729475789e-01
1.4848967939756733e-01,3.4789595873484724e-01
1.4732285663508302e-01,3.4734012299567513e-01
1.4610235511607925e-01,3.4675818251646301e-01
1.4482711652392330e-01,3.4614952802159321e-01
1.4349634596828731e-01,3.4551365795206224e-01
1.4210953053370728e-01,3.4485018691870101e-01
1.4066655710126577e-01,3.4415889779431513e-01
1.3916775047251456e-01,3.4343975756308631e-01
1.3761396468743584e-01,3.4269295578027759e-01
1.3600665872415943e-01,3.4191893839309889e-01
1.3434801239311325e-01,3.4111845865786605e-01
1.3264099938339044e-01,3.4029260742940898e-01
1.3088949706909853e-01,3.3944285964928306e-01
1.2909836184952436e-01,3.3857110640762228e-01
1.2727351738449810e-01,3.3767969145909404e-01
1.2542198516112718e-01,3.3677141999683197e-01
1.2355193236487724e-01,3.3584957580523889e-01
1.2167260922287451e-01,3.3491788798021122e-01
1.1979424494923724e-01,3.3398047685349552e-01
1.1792789706344400e-01,3.3304177735860380e-01
1.1608514493537826e-01,3.3210639156682520e-01
1.1427773058190649e-01,3.3117891578534814e-01
1.1251699342343843e-01,3.3026367180012639e-01
1.1081330799696977e-01,3.2936443999797504e-01
1.0917534164161093e-01,3.2848410732845634e-01
1.0760929439696064e-01,3.2762430701544959e-01
1.0611814123128305e-01,3.2678505809714598e-01
1.0470094806430978e-01,3.2596443729322155e-01
1.0335235482836032e-01,3.2515832624708241e-01
1.0206234189367802e-01,3.2436028812728790e-01
1.0081628293460423e-01,3.2356157322667162e-01
9.9595370683570508e-02,3.2275129453265422e-01
9.8377346607665714e-02,3.2191674142340637e-01
9.7137424829434396e-02,3.2104377971412368e-01
9.5849308836280081e-02,3.2011729279124607e-01
9.4486089236892334e-02,3.1912156533090685e-01
9.3021004469673874e-02,3.1804060363972669e-01
9.1427549972119035e-02,3.1685815193361833e-01
8.9679492652851855e-02,3.1555766138612606e-01
8.7750371729121882e-02,3.1412202342918061e-01
8.5612716146309123e-02,3.1253316900349420e-01
8.3237166284122532e-02,3.1077161734498043e-01
8.0591520188298446e-02,3.0881599645270774e-01
7.7639752189623143e-02,3.0664254468446833e-01
7.4341033400271733e-02,3.0422462066610945e-01
7.0648687660054055e-02,3.0153219125868724e-01
6.6509131471714195e-02,2.9853131523060439e-01
6.1860499518219252e-02,2.9518352013716215e-01
5.6631167549916955e-02,2.9144515148918820e-01
5.0738061634668610e-02,2.8726666381812349e-01
4.4084501587273540e-02,2.8259178450695893e-01
3.6557884494993899e-02,2.7735667349188448e-01
2.8026918634179415e-02,2.7148902207831221e-01
1.8338594667816843e-02,2.6490718304744226e-01
7.3149789518266728e-03,2.5751944074943306e-01
-5.2498570659751977e-03,2.4922358611312873e-01
-1.9592238865310939e-02,2.3990701032859815e-01
-3.5979221580448494e-02,2.2944799969484733e-01
-5.4705189379172361e-02,2.1771854320030584e-01
-7.6080602345651629e-02,2.0459014558436758e-01
-1.0040751530039016e-01,1.8994379318348667e-01
-1.2793235282035736e-01,1.7368660426516205e-01
-1.5876340279345977e-01,1.5577769117294454e-01
-1.9274092869941392e-01,1.3626524863482603e-01
-2.2925596609233820e-01,1.1533428025335467e-01
-2.6704669021115574e-01,9.3355527276794026e-02
-3.0406175974217886e-01,7.0909004798169542e-02
-3.3754486195883515e-01,4.8738149622864671e-02
-3.6447066359982627e-01,2.7592158944867006e-02
-3.8226111586510647e-01,7.9741361784924688e-03
-3.8943210812571288e-01,-1.0082677505665065e-02
-3.8579477909021448e-01,-2.7040340864902371e-02
-3.7217218731820001e-01,-4.3626496956674414e-02
-3.4993030042148848e-01,-6.0500508453342323e-02
-3.2063275309386652e-01,-7.8041928096905536e-02
-2.8591056540873810e-01,-9.6349715455349177e-02
-2.4745880350739291e-01,-1.1536127372467396e-01
-2.0704222619529675e-01,-1.3496708520890599e-01
-1.6645126487436887e-01,-1.5505870073129974e-01
-1.2739233672658273e-01,-1.7552926035218794e-01
-9.1347988042477651e-02,-1.9625356175841532e-01
-5.9444415160620726e-02,-2.1707448591109615e-01
-3.2359550179320129e-02,-2.3780915559350921e-01
-1.0307152452769060e-02,-2.5826810232372666e-01
6.9053270642620151e-03,-2.7827845105426091e-01
1.9765730021394402e-02,-2.9770109194678551e-01
2.8928024671008724e-02,-3.1643788730645217e-01
3.5096275419632457e-02,-3.3443022981139858e-01
3.8939662622630308e-02,-3.5165262586414830e-01
4.1042790201875505e-02,-3.6810471154056418e-01
4.1885588130645073e-02,-3.8380377504838159e-01
4.1843536366701330e-02,-3.9877862110001011e-01
4.1199247040464682e-02,-4.1306489999131774e-01
4.0158708126470107e-02,-4.2670172403823703e-01
3.8867928527404533e-02,-4.3972930564469348e-01
3.7427840122388152e-02,-4.5218736628450584e-01
3.5906536533413476e-02,-4.6411413308768151e-01
3.4348826722305506e-02,-4.7554574041772957e-01
3.2783379421287492e-02,-4.8651592565892626e-01
3.1227929389791527e-02,-4.9705592152505368e-01
2.9692941560981945e-02,-5.0719448033078052e-01
2.8184156788522225e-02,-5.1695797748375949e-01
2.6704312879142655e-02,-5.2637056078047462e-01
2.5254291110068841e-02,-5.3545432126757786e-01
2.3833882299765984e-02,-5.4422946915162440e-01
2.2442257132227566e-02,-5.5271450750859363e-01
2.1078270476399763e-02,-5.6092639599135474e-01
1.9740646138975183e-02,-5.6888070195747631e-01
1.8428081530710953e-02,-5.7659173845461953e-01
1.7139313879865992e-02,-5.8407268821260805e-01
1.5873150299440655e-02,-5.9133571488122449e-01
1.4628480363791198e-02,-5.9839206236922526e-01
1.3404279236916412e-02,-6.0525214310036513e-01
1.2199605308635513e-02,-6.1192561653006639e-01
1.1013594778647606e-02,-6.1842145897901157e-01
9.8454553991318226e-03,-6.2474802605616320e-01
8.6944592673012678e-03,-6.3091310795870270e-01
7.5599340113301616e-03,-6.3692397726826477e-01
6.4412614206938003e-03,-6.4278743680496142e-01
5.3378674643169231e-03,-6.4850985513775128e-01
4.2492202837917529e-03,-6.5409720601244958e-01
3.1748241002010494e-03,-6.5955509693266823e-01
2.1142162645442384e-03,-6.6488880088739621e-01
1.0669636237390543e-03,-6.7010328008707787e-01
3.2659694789981828e-05,-6.7520321140564721e-01
-9.8907782350626154e-04,-6.8019300636827296e-01
-1.9986093929086120e-03,-6.8507683163165267e-01
-2.9962754892329294e-03,-6.8985862593374925e-01
-3.9823984341147223e-03,-6.9454211675616706e-01
-4.9572840057268410e-03,-6.9913083553906530e-01
-5.9212225793301128e-03,-7.0362813003343494e-01
-6.8744898732672633e-03,-7.0803717425477775e-01
-7.8173492398375694e-03,-7.1236098601724873e-01
-8.7500520110205589e-03,-7.1660243413020153e-01
-9.6728377289799633e-03,-7.2076424465497646e-01
-1.0585936081291653e-02,-7.2484901586364092e-01
-1.1489567007167559e-02,-7.2885922307263462e-01
-1.2383941005811304e-02,-7.3279722429706440e-01
-1.3269260488959586e-02,-7.3666527176362273e-01
-1.4145719835457687e-02,-7.4046551542434580e-01
-1.5013505739549078e-02,-7.4420000806712516e-01
-1.5872798135747861e-02,-7.4787071406900996e-01
-1.6723770253926868e-02,-7.5147951212893149e-01
-1.7566588953674259e-02,-7.5502819977300395e-01
-1.8401415374046472e-02,-7.5851850006944255e-01
-1.9228404993602885e-02,-7.6195206382544511e-01
-2.0047707927987574e-02,-7.6533047348896821e-01
-2.0859469392467918e-02,-7.6865524837595389e-01
-2.1663829770271582e-02,-7.7192784647410206e-01
-2.2460924884976703e-02,-7.7514966794092788e-01
-2.3250886376049534e-02,-7.7832205947983879e-01
-2.4033841656412796e-02,-7.8144631487660920e-01
-2.4809914110077141e-02,-7.8452367764812370e-01
-2.5579223351074612e-02,-7.8755534424343732e-01
-2.6341885741261225e-02,-7.9054246965934571e-01
-2.7098014037962866e-02,-7.9348616473930389e-01
-2.7847717649334060e-02,-7.9638749919652285e-01
-2.8591102839838831e-02,-7.9924750422788715e-01
-2.9328273046514797e-02,-8.0206717632916003e-01
-3.0059328707717648e-02,-8.0484747579494353e-01
-3.0784367443148882e-02,-8.0758932900377545e-01
-3.1503484214874297e-02,-8.1029363050506453e-01
-3.2216771556256719e-02,-8.1296124586062901e-01
-3.2924319460084096e-02,-8.1559301060043865e-01
-3.3626215523380819e-02,-8.1818973207010626e-01
-3.4322545072237885e-02,-8.2075219108689024e-01
-3.5013391316653257e-02,-8.2328114396513385e-01
-3.5698835299480161e-02,-8.2577732196312337e-01
-3.6378956005705697e-02,-8.2824143271998563e-01
-3.7053830462033997e-02,-8.3067416158911955e-01
-3.7723533847948319e-02,-8.3307617311956095e-01
-3.8388139474216723e-02,-8.3544811077957970e-01
-3.9047718868595212e-02,-8.3779059809213030e-01
-3.9702341857350935e-02,-8.4010423972528292e-01
-4.0352076647682422e-02,-8.4238962259268280e-01
-4.0996989822465205e-02,-8.4464731574548946e-01
-4.1637146409018944e-02,-8.4687787127951297e-01
-4.2272609957624281e-02,-8.4908182539683796e-01
-4.2903442599072021e-02,-8.5125969916483724e-01
-4.3529705025514502e-02,-8.5341199816817159e-01
-4.4151456555043940e-02,-8.5553921336861305e-01
-4.4768755166112215e-02,-8.5764182152938628e-01
-4.5381657552745439e-02,-8.5972028592568039e-01
-4.5990219303563333e-02,-8.6177505877015803e-01
-4.6594494752825934e-02,-8.6380657908740510e-01
-4.7194537048086280e-02,-8.6581527359052335e-01
-4.7790398198114176e-02,-8.6780155728193420e-01
-4.8382129101124820e-02,-8.6976583378105765e-01
-4.8969779625834174e-02,-8.7170849675092410e-01
-4.9553398616699079e-02,-8.7362992978006704e-01
-5.0133033880651198e-02,-8.7553050589742853e-01
-5.0708732234535321e-02,-8.7741058834808516e-01
-5.1280539527124011e-02,-8.7927053085982099e-01
-5.1848500677324973e-02,-8.8111067819569078e-01
-5.2412659742156330e-02,-8.8293136722644638e-01
-5.2973059860010191e-02,-8.8473292586154628e-01
-5.3529743294519767e-02,-8.8651567372032725e-01
-5.4082751455218556e-02,-8.8827992241040621e-01
-5.4632124923563341e-02,-8.9002597577172504e-01
-5.5177903705785868e-02,-8.9175413097365741e-01
-5.5720127067496288e-02,-8.9346467800169216e-01
-5.6258833517945354e-02,-8.9515789970247417e-01
-5.6794060897694731e-02,-8.9683407221057720e-01
-5.7325846407934512e-02,-8.9849346513925898e-01
-5.7854226489133014e-02,-9.0013634184385050e-01
-5.8379236702632273e-02,-9.0176295967040143e-01
-5.8900912087915543e-02,-9.0337356992066675e-01
-5.9419287023291356e-02,-9.0496841808650419e-01
-5.9934395226122893e-02,-9.0654774399182159e-01
-6.0446269780869484e-02,-9.0811178199138565e-01
-6.0954943367045648e-02,-9.0966076170257737e-01
-6.1460448020388782e-02,-9.1119490747017040e-01
-6.1962815174792130e-02,-9.1271443858232248e-01
-6.2462075707647537e-02,-9.1421956948899774e-01
-6.2958259951575238e-02,-9.1571050992295733e-01
-6.3451397759600334e-02,-9.1718746533204976e-01
-6.3941518499827335e-02,-9.1865063688894955e-01
-6.4428651012765667e-02,-9.2010022127462854e-01
-6.4912823656597854e-02,-9.2153641097736372e-01
-6.5394064319306056e-02,-9.2295939439038899e-01
-6.5872400430471559e-02,-9.2436935590247282e-01
-6.6347858972696183e-02,-9.2576647598369133e-01
-6.6820466479451057e-02,-9.2715093186179109e-01
-6.7290249052205237e-02,-9.2852289730671322e-01
-6.7757232380659921e-02,-9.2988254225313027e-01
-6.8221441745461672e-02,-9.3123003319172715e-01
-6.8682902027362130e-02,-9.3256553324775071e-01
-6.9141637716009299e-02,-9.3388920225432825e-01
-6.9597672918317768e-02,-9.3520119682458291e-01
-7.0051031361177629e-02,-9.3650167082748348e-01
-7.0501736402456827e-02,-9.3779077518922327e-01
-7.0949811041179880e-02,-9.3906865772455328e-01
-7.1395277921900702e-02,-9.4033546338295027e-01
-7.1838159341028385e-02,-9.4159133431023212e-01
-7.2278477252768980e-02,-9.4283640990613549e-01
-7.2716253275565537e-02,-9.4407082688491051e-01
-7.3151508745862737e-02,-9.4529471971351753e-01
-7.3584264686760048e-02,-9.4650822036801019e-01
-7.4014541794346786e-02,-9.4771145823039371e-01
-7.4442360462059126e-02,-9.4890456028867265e-01
-7.4867740786523779e-02,-9.5008765118783089e-01
-7.5290702573150486e-02,-9.5126085327783683e-01
-7.5711265341988632e-02,-9.5242428666633994e-01
-7.6129448350567827e-02,-9.5357806952512925e-01
-7.6545270583631336e-02,-9.5472231790417905e-01
-7.6958750753581773e-02,-9.5585714570602631e-01
-7.7369907311321276e-02,-9.5698266481574945e-01
-7.7778758451115759e-02,-9.5809898514269465e-01
-7.8185322115255598e-02,-9.5920621465992550e-01
-7.8589615999188428e-02,-9.6030445944998677e-01
-7.8991657571728269e-02,-9.6139382394255934e-01
-7.9391464063985631e-02,-9.6247441075496676e-01
-7.9789052471401778e-02,-9.6354632069951085e-01
-8.0184439562536722e-02,-9.6460965287694334e-01
-8.0577641883186571e-02,-9.6566450471089860e-01
-8.0968675760337491e-02,-9.6671097198056688e-01
-8.1357557306693543e-02,-9.6774914886064434e-01
-8.1744302436882271e-02,-9.6877912810467515e-01
-8.2128926857884227e-02,-9.6980100091265953e-01
-8.2511446072245434e-02,-9.7081485695560255e-01
-8.2891875384808453e-02,-9.7182078444343900e-01
-8.3270229906216478e-02,-9.7281887015363966e-01
-8.3646524556285948e-02,-9.7380919945844679e-01
-8.4020774068561371e-02,-9.7479185636663557e-01
-8.4392993008943845e-02,-9.7576692373575624e-01
-8.4763195757462800e-02,-9.7673448303870369e-01
-8.5131396513676932e-02,-9.7769461441637528e-01
-8.5497609303449434e-02,-9.7864739674717371e-01
-8.5861847981758402e-02,-9.7959290766876261e-01
-8.6224126235385182e-02,-9.8053122359856904e-01
-8.6584457585481472e-02,-9.8146241975303672e-01
-8.6942855390014673e-02,-9.8238657016562680e-01
-8.7299332846091413e-02,-9.8330374770356777e-01
-8.7653902995254288e-02,-9.8421402411923897e-01
-8.8006578771786151e-02,-9.8511747060044186e-01
-8.8357372944957421e-02,-9.8601415709096807e-01
-8.8706298124520078e-02,-9.8690415234475026e-01
-8.9053366775796006e-02,-9.8778752409142889e-01
-8.9398591221943838e-02,-9.8866433905340068e-01
-8.9741983646133949e-02,-9.8953466296195847e-01
-9.0083556093631209e-02,-9.9039856057252040e-01
-9.0423320473785179e-02,-9.9125609567894790e-01
-9.0761288561928388e-02,-9.9210733112695437e-01
-9.1097472002907284e-02,-9.9295232884639462e-01
-9.1431882346096435e-02,-9.9379115024492704e-01
-9.1764531006509498e-02,-9.9462385575389323e-01
-9.2095429265925080e-02,-9.9545050483345687e-01
-9.2424588284999831e-02,-9.9627115610395367e-01
-9.2752019105100017e-02,-9.9708586735942328e-01
-9.3077732650062112e-02,-9.9789469558047483e-01
-9.3401739727882571e-02,-9.9869769694648669e-01
-9.3724051032336345e-02,-9.9949492684713970e-01
-9.4044677144524816e-02,-1.0002864398932860e+00
-9.4363628535361260e-02,-1.0010722899378302e+00
-9.4680915592916193e-02,-1.0018525303599317e+00
-9.4996548594208863e-02,-1.0026272137610468e+00
-9.5310537703588730e-02,-1.0033963919426099e+00
-9.5622892983169186e-02,-1.0041601160114189e+00
-9.5933624394333131e-02,-1.0049184363905672e+00
-9.6242741799184489e-02,-1.0056714028298872e+00
-9.6550254961945248e-02,-1.0064190644159061e+00
-9.6856173550298699e-02,-1.0071614695813131e+00
-9.7160507136678551e-02,-1.0078986661139397e+00
-9.7463265200021326e-02,-1.0086307011704909e+00
-9.7764457145470995e-02,-1.0093576214720172e+00
-9.8064092285921639e-02,-1.0100794731132337e+00
-9.8362179839007524e-02,-1.0107963015282311e+00
-9.8658728935478057e-02,-1.0115081515714686e+00
-9.8953748620440984e-02,-1.0122150675266481e+00
-9.9247247854563445e-02,-1.0129170931152243e+00
-9.9539235515231347e-02,-1.0136142715045506e+00
-9.9829720397667007e-02,-1.0143066453156631e+00
-1.0011871121600439e-01,-1.0149942566306960e+00
-1.0040621660455883e-01,-1.0156771470023660e+00
-1.0069224513133007e-01,-1.0163553575894861e+00
-1.0097680528682514e-01,-1.0170289290384247e+00
-1.0125990548067590e-01,-1.0176979014448890e+00
-1.0154155404806676e-01,-1.0183623144167897e+00
-1.0182175925075225e-01,-1.0190222070814654e+00
-1.0210052927804146e-01,-1.0196776180926326e+00
-1.0237787224774894e-01,-1.0203285856370594e+00
-1.0265379620711244e-01,-1.0209751474409616e+00
-1.0292830913367694e-01,-1.0216173407761235e+00
-1.0320141893311208e-01,-1.0222552024529015e+00
-1.0347313348041366e-01,-1.0228887689967368e+00
-1.0374346057254424e-01,-1.0235180764496556e+00
-1.0401240793756765e-01,-1.0241431604107716e+00
-1.0427998324158610e-01,-1.0247640560673521e+00
-1.0454619408987931e-01,-1.0253807982012075e+00
-1.0481104802801597e-01,-1.0259934211948274e+00
-1.0507455254293938e-01,-1.0266019590372717e+00
-1.0533671506402832e-01,-1.0272064453298233e+00
-1.0559754296413600e-01,-1.0278069132914116e+00
-1.0585704356028923e-01,-1.0284033957639269e+00
-1.0611522406121990e-01,-1.0289959252364553e+00
-1.0637209161408441e-01,-1.0295845338335894e+00
-1.0662765333858076e-01,-1.0301692533080711e+00
-1.0688191629635140e-01,-1.0307501150565350e+00
-1.0713488749124242e-01,-1.0313271501239538e+00
-1.0738657386951121e-01,-1.0319003892079213e+00
-1.0763698231998294e-01,-1.0324698626627811e+00
-1.0788611967415696e-01,-1.0330356005036077e+00
-1.0813399270626352e-01,-1.0335976324100511e+00
-1.0838060813327126e-01,-1.0341559877300481e+00
-1.0862597261484659e-01,-1.0347106954834133e+00
-1.0887009275326530e-01,-1.0352617843653129e+00
-1.0911297509327689e-01,-1.0358092827496348e+00
-1.0935462616113292e-01,-1.0363532187599842e+00
-1.0959505254240567e-01,-1.0368936204076713e+00
-1.0983426068553624e-01,-1.0374305152559493e+00
-1.1007225698391371e-01,-1.0379639305653565e+00
-1.1030904778565186e-01,-1.0384938933141818e+00
-1.1054463939459037e-01,-1.0390204302037878e+00
-1.1077903807133747e-01,-1.0395435676640246e+00
-1.1101225003435709e-01,-1.0400633318587549e+00
-1.1124428146110350e-01,-1.0405797486914925e+00
-1.1147513848920602e-01,-1.0410928438111733e+00
-1.1170482721770721e-01,-1.0416026426180656e+00
-1.1193335370835696e-01,-1.0421091702698362e+00
-1.1216072398696567e-01,-1.0426124516877797e+00
-1.1238694404161206e-01,-1.0431125115514246e+00
-1.1261201974713760e-01,-1.0436093740218404e+00
-1.1283595696217570e-01,-1.0441030630997852e+00
-1.1305876153537056e-01,-1.0445936026496436e+00
-1.1328043927886831e-01,-1.0450810163028905e+00
-1.1350099596921172e-01,-1.0455653274623469e+00
-1.1372043734826162e-01,-1.0460465593064903e+00
-1.1393876912414592e-01,-1.0465247347938249e+00
-1.1415599697223802e-01,-1.0469998766673188e+00
-1.1437212653616581e-01,-1.0474720074589119e+00
-1.1458716342885325e-01,-1.0479411494941056e+00
-1.1480111323359522e-01,-1.0484073248966381e+00
-1.1501398150516785e-01,-1.0488705555932509e+00
-1.1522577377097536e-01,-1.0493308633185561e+00
-1.1543649546830427e-01,-1.0497882694782015e+00
-1.1564615191482532e-01,-1.0502427950858095e+00
-1.1585474848636325e-01,-1.0506944611596891e+00
-1.1606229052589530e-01,-1.0511432885234098e+00
-1.1626878334084748e-01,-1.0515892978022672e+00
-1.1647423220300299e-01,-1.0520325094255787e+00
-1.1667864234836856e-01,-1.0524729436289282e+00
-1.1688201897699846e-01,-1.0529106204563599e+00
-1.1708436725277468e-01,-1.0533455597625236e+00
-1.1728569230314265e-01,-1.0537777812147724e+00
-1.1748599921880153e-01,-1.0542073042952129e+00
-1.1768529305334827e-01,-1.0546341483027106e+00
-1.1788357882287433e-01,-1.0550583323548526e+00
-1.1808086151853371e-01,-1.0554798753972152e+00
-1.1827714621850743e-01,-1.0558987962687305e+00
-1.1847243791130796e-01,-1.0563151136040874e+00
-1.1866674153119733e-01,-1.0567288458558635e+00
-1.1886006198467199e-01,-1.0571400113116063e+00
-1.1905240415106159e-01,-1.0575486280962954e+00
-1.1924377288315312e-01,-1.0579547141748138e+00
-1.1943417300784143e-01,-1.0583582873544310e+00
-1.1962360932680727e-01,-1.0587593652873013e+00
-1.1981208661722431e-01,-1.0591579654729788e+00
-1.1999960963249628e-01,-1.0595541052609523e+00
-1.2018618310302519e-01,-1.0599478018532020e+00
-1.2037181173701227e-01,-1.0603390723067803e+00
-1.2055650022129269e-01,-1.0607279335364213e+00
-1.2074025316645461e-01,-1.0611144022406021e+00
-1.2092307513235555e-01,-1.0614984949380184e+00
-1.2110497070109810e-01,-1.0618802280692252e+00
-1.2128594442908482e-01,-1.0622596179321779e+00
-1.2146600084716185e-01,-1.0626366806838061e+00
-1.2164514446077335e-01,-1.0630114323415891e+00
-1.2182337975010434e-01,-1.0633838887851017e+00
-1.2200071117021170e-01,-1.0637540657575315e+00
-1.2217714315114341e-01,-1.0641219788671674e+00
-1.2235268009804555e-01,-1.0644876435888595e+00
-1.2252732639125700e-01,-1.0648510752654539e+00
-1.2270108638639153e-01,-1.0652122891091980e+00
-1.2287396441440719e-01,-1.0655713002031220e+00
-1.2304596478584298e-01,-1.0659281235057292e+00
-1.2321709180638132e-01,-1.0662827738647127e+00
-1.2338734974601781e-01,-1.0666352659936287e+00
-1.2355674284976156e-01,-1.0669856144817051e+00
-1.2372527534018415e-01,-1.0673338337971310e+00
-1.2389295141762273e-01,-1.0676799382884612e+00
-1.2405977526038169e-01,-1.0680239421860105e+00
-1.2422575102493318e-01,-1.0683658596032337e+00
-1.2439088284611667e-01,-1.0687057045380972e+00
-1.2455517483733738e-01,-1.0690434908744397e+00
-1.2471863109076406e-01,-1.0693792323833240e+00
-1.2488125567752607e-01,-1.0697129427243801e+00
-1.2504305264791005e-01,-1.0700446354471422e+00
-1.2520402603152134e-01,-1.0703743239922014e+00
-1.2536417983496273e-01,-1.0707020216797660e+00
-1.2552351804452591e-01,-1.0710277417236322e+00
-1.2568204462742388e-01,-1.0713514972377562e+00
-1.2583976353071835e-01,-1.0716733012311304e+00
-1.2599667868148567e-01,-1.0719931666089377e+00
-1.2615279398698148e-01,-1.0723111061736941e+00
-1.2630811333480385e-01,-1.0726271326263799e+00
-1.2646264059305537e-01,-1.0729412585675615e+00
-1.2661637961050390e-01,-1.0732534964985032e+00
-1.2676933421674241e-01,-1.0735638588222698e+00
-1.2692150822234796e-01,-1.0738723578448213e+00
-1.2707290541903946e-01,-1.0741790057760989e+00
-1.2722352957983502e-01,-1.0744838147311042e+00
-1.2737338445738072e-01,-1.0747867967231206e+00
-1.2752247378193343e-01,-1.0750879636554438e+00
-1.2767080126934319e-01,-1.0753873273560646e+00
-1.2781837061744991e-01,-1.0756848995625781e+00
-1.2796518550595271e-01,-1.0759806919220098e+00
-1.2811124959654915e-01,-1.0762747159917969e+00
-1.2825656653307391e-01,-1.0765669832407634e+00
-1.2840113994163641e-01,-1.0768575050500901e+00
-1.2854497343075807e-01,-1.0771462927142783e+00
-1.2868807059150908e-01,-1.0774333574421100e+00
-1.2883043499764424e-01,-1.0777187103576038e+00
-1.2897207020573895e-01,-1.0780023625009658e+00
-1.2911297975532463e-01,-1.0782843248295391e+00
-1.2925316716902382e-01,-1.0785646082187490e+00
-1.2939263595268524e-01,-1.0788432234630476e+00
-1.2953138959551869e-01,-1.0791201812768556e+00
-1.2966943157023000e-01,-1.0793954922955027e+00
-1.2980676533315602e-01,-1.0796691670761684e+00
-1.2994339432439964e-01,-1.0799412160988224e+00
-1.3007932196796512e-01,-1.0802116497671637e+00
-1.3021455167185866e-01,-1.0804804784093580e+00
-1.3034908681849910e-01,-1.0807477122224780e+00
-1.3048293077403422e-01,-1.0810133613267803e+00
-1.3061608689515974e-01,-1.0812774358054773e+00
-1.3074855852266251e-01,-1.0815399456673722e+00
-1.3088034898152406e-01,-1.0818009008476119e+00
-1.3101146158102356e-01,-1.0820603112084319e+00
-1.3114189961484007e-01,-1.0823181865399012e+00
-1.3127166636115437e-01,-1.0825745365606614e+00
-1.3140076508275003e-01,-1.0828293709186623e+00
-1.3152919902711441e-01,-1.0830826991918951e+00
-1.3165697142653879e-01,-1.0833345308891242e+00
-1.3178408549821860e-01,-1.0835848754506137e+00
-1.3191054444435293e-01,-1.0838337422488544e+00
-1.3203635145224421e-01,-1.0840811405892898e+00
-1.3216150969439719e-01,-1.0843270797110376e+00
-1.3228602232861819e-01,-1.0845715687876136e+00
-1.3240989249811413e-01,-1.0848146169276542e+00
-1.3253312333159131e-01,-1.0850562331756370e+00
-1.3265571794335451e-01,-1.0852964265126044e+00
-1.3277767943340582e-01,-1.0855352058568857e+00
-1.3289901088681072e-01,-1.0857725800585352e+00
-1.3301971536836563e-01,-1.0860085578534908e+00
-1.3313979593241854e-01,-1.0862431479476427e+00
-1.3325925562050200e-01,-1.0864763589964133e+00
-1.3337809746008761e-01,-1.0867081995939538e+00
-1.3349632446466858e-01,-1.0869386782737234e+00
-1.3361393963384180e-01,-1.0871678035090673e+00
-1.3373094595339000e-01,-1.0873955837137916e+00
-1.3384734639536328e-01,-1.0876220272427344e+00
-1.3396314391816072e-01,-1.0878471423923359e+00
-1.3407834146661168e-01,-1.0880709374012050e+00
-1.3419294197205703e-01,-1.0882934204506844e+00
-1.3430694835243023e-01,-1.0885145996654146e+00
-1.3442036351233846e-01,-1.0887344831138954e+00
-1.3453319034314362e-01,-1.0889530788090460e+00
-1.3464543172304344e-01,-1.0891703947087661e+00
-1.3475709051715268e-01,-1.0893864387164927e+00
-1.3486816957758418e-01,-1.0896012186817599e+00
-1.3497867174353051e-01,-1.0898147424007563e+00
-1.3508859984134522e-01,-1.0900270176168827e+00
-1.3519795668462486e-01,-1.0902380520213100e+00
-1.3530674507169577e-01,-1.0904478532374906e+00
-1.3541496778389703e-01,-1.0906564288105915e+00
-1.3552262759469802e-01,-1.0908637862639221e+00
-1.3562972726511094e-01,-1.0910699330706142e+00
-1.3573626954353776e-01,-1.0912748766527243e+00
-1.3584225716583576e-01,-1.0914786243816823e+00
-1.3594769285538269e-01,-1.0916811835787408e+00
-1.3605257932314171e-01,-1.0918825615154188e+00
-1.3615691926772619e-01,-1.0920827654139456e+00
-1.3626071537546433e-01,-1.0922818024477003e+00
-1.3636397032046343e-01,-1.0924796797416512e+00
-1.3646668676467424e-01,-1.0926764043727910e+00
-1.3656886735795509e-01,-1.0928719833705729e+00
-1.3667051473813602e-01,-1.0930664237173429e+00
-1.3677163153108257e-01,-1.0932597323487705e+00
-1.3687222035076005e-01,-1.0934519161542806e+00
-1.3697228379929713e-01,-1.0936429819774816e+00
-1.3707182446705005e-01,-1.0938329366165938e+00
-1.3717084493266646e-01,-1.0940217868248756e+00
-1.3726934776314942e-01,-1.0942095393110522e+00
-1.3736733551388525e-01,-1.0943962007395132e+00
-1.3746481072546546e-01,-1.0945817777106033e+00
-1.3756177592732036e-01,-1.0947662767832147e+00
-1.3765823363917487e-01,-1.0949497044838543e+00
-1.3775418636927686e-01,-1.0951320672956633e+00
-1.3784963661445115e-01,-1.0953133716587757e+00
-1.3794458686015329e-01,-1.0954936239706745e+00
-1.3803903958052327e-01,-1.0956728305865449e+00
-1.3813299723843891e-01,-1.0958509978196267e+00
-1.3822646228556917e-01,-1.0960281319415632e+00
-1.3831943716242723e-01,-1.0962042391827502e+00
-1.3841192429842356e-01,-1.0963793257326806e+00
-1.3850392611191875e-01,-1.0965533977402893e+00
-1.3859544501027632e-01,-1.0967264613142960e+00
-1.3868648338991535e-01,-1.0968985225235464e+00
-1.3877704363636323e-01,-1.0970695873973513e+00
-1.3886712812430815e-01,-1.0972396619258264e+00
-1.3895673921765164e-01,-1.0974087520602283e+00
-1.3904587926956116e-01,-1.0975768637132919e+00
-1.3913455062252253e-01,-1.0977440027595655e+00
-1.3922275560839256e-01,-1.0979101750357445e+00
-1.3931049654812835e-01,-1.0980753863387918e+00
-1.3939777575006640e-01,-1.0982396424141159e+00
-1.3948459551341583e-01,-1.0984029489794813e+00
-1.3957095812726319e-01,-1.0985653117181606e+00
-1.3965686587024106e-01,-1.0987267362766318e+00
-1.3974232101057479e-01,-1.0988872282648670e+00
-1.3982732580612919e-01,-1.0990467932566224e+00
-1.3991188250445524e-01,-1.0992054367897222e+00
-1.3999599334283636e-01,-1.0993631643663440e+00
-1.4007966054833509e-01,-1.0995199814533014e+00
-1.4016288633783922e-01,-1.0996758934823256e+00
-1.4024567291810808e-01,-1.0998309058503448e+00
-1.4032802248581897e-01,-1.0999850239197635e+00
-1.4040993722761302e-01,-1.1001382530187387e+00
-1.4049141932014164e-01,-1.1002905984414573e+00
-1.4057247093011258e-01,-1.1004420654484095e+00
-1.4065309421433597e-01,-1.1005926592666642e+00
-1.4073329131977064e-01,-1.1007423850901414e+00
-1.4081306438357016e-01,-1.1008912480798838e+00
-1.4089241553312917e-01,-1.1010392533643287e+00
-1.4097134688612958e-01,-1.1011864060395777e+00
-1.4104986054961594e-01,-1.1013327111644555e+00
-1.4112795861977065e-01,-1.1014781737593229e+00
-1.4120564318467596e-01,-1.1016227988209220e+00
-1.4128291632284795e-01,-1.1017665913145258e+00
-1.4135978010323536e-01,-1.1019095561739489e+00
-1.4143623658526036e-01,-1.1020516983017830e+00
-1.4151228781885922e-01,-1.1021930225696304e+00
-1.4158793584452295e-01,-1.1023335338183373e+00
-1.4166318269333772e-01,-1.1024732368582248e+00
-1.4173803038702520e-01,-1.1026121364693182e+00
-1.4181248093798304e-01,-1.1027502374015754e+00
-1.4188653634932497e-01,-1.1028875443751147e+00
-1.4196019861492090e-01,-1.1030240620804408e+00
-1.4203346971943723e-01,-1.1031597951786689e+00
-1.4210635163837676e-01,-1.1032947483017499e+00
-1.4217884633811875e-01,-1.1034289260526915e+00
-1.4225095577595886e-01,-1.1035623330057818e+00
-1.4232268190014910e-01,-1.1036949737068085e+00
-1.4239402664993783e-01,-1.1038268526732800e+00
-1.4246499195560958e-01,-1.1039579743946444e+00
-1.4253557973850278e-01,-1.1040883433323703e+00
-1.4260579191007042e-01,-1.1042179639141039e+00
-1.4267563037313047e-01,-1.1043468405413774e+00
-1.4274509702212143e-01,-1.1044749775911618e+00
-1.4281419374267293e-01,-1.1046023794131752e+00
-1.4288292241164247e-01,-1.1047290503300806e+00
-1.4295128489715217e-01,-1.1048549946376791e+00
-1.4301928305862549e-01,-1.1049802166051039e+00
-1.4308691874682380e-01,-1.1051047204750128e+00
-1.4315419380388292e-01,-1.1052285104637796e+00
-1.4322111006334948e-01,-1.1053515907616829e+00
-1.4328766935021747e-01,-1.1054739655330967e+00
-1.4335387348096443e-01,-1.1055956389166777e+00
-1.4341972426358768e-01,-1.1057166150255520e+00
-1.4348522349764076e-01,-1.1058368979475015e+00
-1.4355037297426942e-01,-1.1059564917451499e+00
-1.4361517447624783e-01,-1.1060754004561451e+00
-1.4367962977801466e-01,-1.1061936280933444e+00
-1.4374374064570924e-01,-1.1063111786449968e+00
-1.4380750883720758e-01,-1.1064280560749240e+00
-1.4387093610215834e-01,-1.1065442643227033e+00
-1.4393402418173765e-01,-1.1066598073019367e+00
-1.4399677480760051e-01,-1.1067746888930741e+00
-1.4405918970439588e-01,-1.1068889129604127e+00
-1.4412127058888455e-01,-1.1070024833460461e+00
-1.4418301916975432e-01,-1.1071154038685438e+00
-1.4424443714765509e-01,-1.1072276783231219e+00
-1.4430552621523346e-01,-1.1073393104818114e+00
-1.4436628805716772e-01,-1.1074503040936268e+00
-1.4442672435020257e-01,-1.1075606628847334e+00
-1.4448683676318411e-01,-1.1076703905586149e+00
-1.4454662695709442e-01,-1.1077794907962395e+00
-1.4460609658508658e-01,-1.1078879672562263e+00
-1.4466524729251953e-01,-1.1079958235750107e+00
-1.4472408071699289e-01,-1.1081030633670095e+00
-1.4478259848838179e-01,-1.1082096902247862e+00
-1.4484080222887194e-01,-1.1083157077192149e+00
-1.4489869355299453e-01,-1.1084211193996452e+00
-1.4495627406766118e-01,-1.1085259287940643e+00
-1.4501354537219907e-01,-1.1086301394092628e+00
-1.4507050905838600e-01,-1.1087337547309968e+00
-1.4512716671048553e-01,-1.1088367782241513e+00
-1.4518351990528219e-01,-1.1089392133329032e+00
-1.4523957021211670e-01,-1.1090410634808845e+00
-1.4529531919292141e-01,-1.1091423320713447e+00
-1.4535076840225558e-01,-1.1092430224873144e+00
-1.4540591938734099e-01,-1.1093431380917673e+00
-1.4546077368809737e-01,-1.1094426822277836e+00
-1.4551533283717821e-01,-1.1095416582187128e+00
-1.4556959836000632e-01,-1.1096400693683364e+00
-1.4562357177480981e-01,-1.1097379189610317e+00
-1.4567725459265793e-01,-1.1098352102619342e+00
-1.4573064831727806e-01,-1.1099319465157338e+00
-1.4578375443927249e-01,-1.1100281309105069e+00
-1.4583657444457326e-01,-1.1101237666304389e+00
-1.4588910981452427e-01,-1.1102188568562754e+00
-1.4594136202338082e-01,-1.1103134047496477e+00
-1.4599333253834110e-01,-1.1104074134532045e+00
-1.4604502281957751e-01,-1.1105008860907448e+00
-1.4609643432026811e-01,-1.1105938257673493e+00
-1.4614756848662808e-01,-1.1106862355695115e+00
-1.4619842675794112e-01,-1.1107781185652688e+00
-1.4624901056659087e-01,-1.1108694778043329e+00
-1.4629932133809226e-01,-1.1109603163182198e+00
-1.4634936049112310e-01,-1.1110506371203799e+00
-1.4639912943755551e-01,-1.1111404432063277e+00
-1.4644862958248722e-01,-1.1112297375537703e+00
-1.4649786232427328e-01,-1.1113185231227374e+00
-1.4654682905455749e-01,-1.1114068028557094e+00
-1.4659553115830382e-01,-1.1114945796777460e+00
-1.4664397001382823e-01,-1.1115818564966151e+00
-1.4669214699282998e-01,-1.1116686362029209e+00
-1.4674006346042348e-01,-1.1117549216702316e+00
-1.4678772077516988e-01,-1.1118407157552077e+00
-1.4683512028910881e-01,-1.1119260212977304e+00
-1.4688226334779000e-01,-1.1120108411210292e+00
-1.4692915129030529e-01,-1.1120951780318091e+00
-1.4697578544932036e-01,-1.1121790348203795e+00
-1.4702216715110658e-01,-1.1122624142607818e+00
-1.4706829771557309e-01,-1.1123453191109169e+00
-1.4711417845629879e-01,-1.1124277521126735e+00
-1.4715981068056430e-01,-1.1125097159920567e+00
-1.4720519568938426e-01,-1.1125912134593148e+00
-1.4725033477753940e-01,-1.1126722472090693e+00
-1.4729522922949073e-01,-1.1127528199010259e+00
-1.4733988032121073e-01,-1.1128329341685863e+00
-1.4738428932743247e-01,-1.1129125926529995e+00
-1.4742845751669659e-01,-1.1129917979799866e+00
-1.4747238615134983e-01,-1.1130705527597100e+00
-1.4751607648757212e-01,-1.1131488595868755e+00
-1.4755952977540329e-01,-1.1132267210408358e+00
-1.4760274725877023e-01,-1.1133041396856920e+00
-1.4764573017551366e-01,-1.1133811180703956e+00
-1.4768847975741478e-01,-1.1134576587288509e+00
-1.4773099723022212e-01,-1.1135337641800152e+00
-1.4777328381367824e-01,-1.1136094369279994e+00
-1.4781534072154620e-01,-1.1136846794621695e+00
-1.4785716916163613e-01,-1.1137594942572466e+00
-1.4789877033583190e-01,-1.1138338837734065e+00
-1.4794014544011733e-01,-1.1139078504563791e+00
-1.4798129566460269e-01,-1.1139813967375485e+00
-1.4802222219355107e-01,-1.1140545250340521e+00
-1.4806292620540465e-01,-1.1141272377488791e+00
-1.4810340887281087e-01,-1.1141995372709699e+00
-1.4814367136264872e-01,-1.1142714259753141e+00
-1.4818371483605483e-01,-1.1143429062230490e+00
-1.4822354044844960e-01,-1.1144139803615580e+00
-1.4826314934956322e-01,-1.1144846507245691e+00
-1.4830254268346177e-01,-1.1145549196322520e+00
-1.4834172158857312e-01,-1.1146247893913164e+00
-1.4838068719771291e-01,-1.1146942622951101e+00
-1.4841944063811036e-01,-1.1147633406237158e+00
-1.4845798303143426e-01,-1.1148320266440497e+00
-1.4849631549381873e-01,-1.1149003226099585e+00
-1.4853443913588893e-01,-1.1149682307623170e+00
-1.4857235506172820e-01,-1.1150357533242357e+00
-1.4861006436660346e-01,-1.1151028924905326e+00
-1.4864756814353422e-01,-1.1151696504580555e+00
-1.4868486748044837e-01,-1.1152360294125225e+00
-1.4872196345982377e-01,-1.1153020315268460e+00
-1.4875885715871059e-01,-1.1153676589612158e+00
-1.4879554964875358e-01,-1.1154329138631809e+00
-1.4883204199621416e-01,-1.1154977983677323e+00
-1.4886833526199253e-01,-1.1155623145973841e+00
-1.4890443050164945e-01,-1.1156264646622553e+00
-1.4894032876542815e-01,-1.1156902506601509e+00
-1.4897603109827590e-01,-1.1157536746766425e+00
-1.4901153853986557e-01,-1.1158167387851499e+00
-1.4904685212461721e-01,-1.1158794450470195e+00
-1.4908197288171918e-01,-1.1159417955116069e+00
-1.4911690183514956e-01,-1.1160037922163550e+00
-1.4915164000369704e-01,-1.1160654371868746e+00
-1.4918618840098216e-01,-1.1161267324370228e+00
-1.4922054803547791e-01,-1.1161876799689834e+00
-1.4925471991053071e-01,-1.1162482817733457e+00
-1.4928870502438096e-01,-1.1163085398291828e+00
-1.4932250437018355e-01,-1.1163684561041307e+00
-1.4935611893602835e-01,-1.1164280325544669e+00
-1.4938954970496041e-01,-1.1164872711251890e+00
-1.4942279765500030e-01,-1.1165461737500921e+00
-1.4945586375916406e-01,-1.1166047423518479e+00
-1.4948874898548317e-01,-1.1166629788420825e+00
-1.4952145429702454e-01,-1.1167208851214536e+00
-1.4955398065191008e-01,-1.1167784630797293e+00
-1.4958632900333640e-01,-1.1168357145958649e+00
-1.4961850029959436e-01,-1.1168926415380815e+00
-1.4965049548390699e-01,-1.1169492457627344e+00
-1.4968231549207833e-01,-1.1170055290985930e+00
-1.4971396125644859e-01,-1.1170614933731486e+00
-1.4974543370528393e-01,-1.1171171404084979e+00
-1.4977673376199516e-01,-1.1171724720160876e+00
-1.4980786234515459e-01,-1.1172274899967776e+00
-1.4983882036851237e-01,-1.1172821961409052e+00
-1.4986960874101310e-01,-1.1173365922283458e+00
-1.4990022836681186e-01,-1.1173906800285767e+00
-1.4993068014529032e-01,-1.1174444613007370e+00
-1.4996096497107259e-01,-1.1174979377936918e+00
-1.4999108373404085e-01,-1.1175511112460896e+00
-1.5002103731935104e-01,-1.1176039833864264e+00
-1.5005082660744798e-01,-1.1176565559331042e+00
-1.5008045247408064e-01,-1.1177088305944913e+00
-1.5010991579031718e-01,-1.1177608090689821e+00
-1.5013921742255965e-01,-1.1178124930450566e+00
-1.5016835823255875e-01,-1.1178638842013395e+00
-1.5019733907742816e-01,-1.1179149842066585e+00
-1.5022616080965898e-01,-1.1179657947201032e+00
-1.5025482427713366e-01,-1.1180163173910826e+00
-1.5028333032314006e-01,-1.1180665538593837e+00
-1.5031167978638521e-01,-1.1181165057552287e+00
-1.5033987350100869e-01,-1.1181661746993317e+00
-1.5036791229659627e-01,-1.1182155623029566e+00
-1.5039579699819286e-01,-1.1182646701679735e+00
-1.5042352842631579e-01,-1.1183134998869142e+00
-1.5045110739696743e-01,-1.1183620530430298e+00
-1.5047853472164796e-01,-1.1184103312103462e+00
-1.5050581120736783e-01,-1.1184583359537181e+00
-1.5053293765666007e-01,-1.1185060688288877e+00
-1.5055991486759449e-01,-1.1185535313825365e+00
-1.5058674364368529e-01,-1.1186007251533994e+00
-1.5061342478532586e-01,-1.1186476516714010e+00
-1.5063995908025746e-01,-1.1186943124566950e+00
-1.5066634731203365e-01,-1.1187407090206183e+00
-1.5069259026004220e-01,-1.1187868428657470e+00
-1.5071868869952729e-01,-1.1188327154859516e+00
-1.5074464340161167e-01,-1.1188783283664512e+00
-1.5077045513331916e-01,-1.1189236829838693e+00
-1.5079612465759706e-01,-1.1189687808062876e+00
-1.5082165273333878e-01,-1.1190136232933006e+00
-1.5084704011540645e-01,-1.1190582118960699e+00
-1.5087228755465401e-01,-1.1191025480573786e+00
-1.5089739579795000e-01,-1.1191466332116851e+00
-1.5092236558820069e-01,-1.1191904687851773e+00
-1.5094719766437348e-01,-1.1192340561958256e+00
-1.5097189276152007e-01,-1.1192773968534384e+00
-1.5099645161080016e-01,-1.1193204921597133e+00
-1.5102087493950511e-01,-1.1193633435082928e+00
-1.5104516347108163e-01,-1.1194059522848159e+00
-1.5106931792515590e-01,-1.1194483198669729e+00
-1.5109333901755767e-01,-1.1194904476245582e+00
-1.5111722746034442e-01,-1.1195323369195225e+00
-1.5114098396182596e-01,-1.1195739891060275e+00
-1.5116460922658895e-01,-1.1196154055304983e+00
-1.5118810395552174e-01,-1.1196565875316757e+00
-1.5121146884583916e-01,-1.1196975364406705e+00
-1.5123470459110783e-01,-1.1197382535810154e+00
-1.5125781188127130e-01,-1.1197787402687185e+00
-1.5128079140267556e-01,-1.1198189978123154e+00
-1.5130364383809469e-01,-1.1198590275129234e+00
-1.5132636986675674e-01,-1.1198988306642930e+00
-1.5134897016285120e-01,-1.1199384085499053e+00
-1.5137144539396374e-01,-1.1199777624399274e+00
-1.5139379622768562e-01,-1.1200168936040789e+00
-1.5141602332832785e-01,-1.1200558033052375e+00
-1.5143812735671236e-01,-1.1200944927990322e+00
-1.5146010897019538e-01,-1.1201329633338910e+00
-1.5148196882269108e-01,-1.1201712161510846e+00
-1.5150370756469528e-01,-1.1202092524847740e+00
-1.5152532584330938e-01,-1.1202470735620551e+00
-1.5154682430226418e-01,-1.1202846806030049e+00
-1.5156820358194414e-01,-1.1203220748207261e+00
-1.5158946431941148e-01,-1.1203592574213934e+00
-1.5161060714843047e-01,-1.1203962296042977e+00
-1.5163163269949195e-01,-1.1204329925618917e+00
-1.5165254159983790e-01,-1.1204695474798341e+00
-1.5167333447348619e-01,-1.1205058955370353e+00
-1.5169401194125526e-01,-1.1205420379057012e+00
-1.5171457462078919e-01,-1.1205779757513783e+00
-1.5173502312658288e-01,-1.1206137102329976e+00
-1.5175535807000715e-01,-1.1206492425029200e+00
-1.5177558005933409e-01,-1.1206845737069786e+00
-1.5179568969976276e-01,-1.1207197049845252e+00
-1.5181568759344466e-01,-1.1207546374684725e+00
-1.5183557433950956e-01,-1.1207893722853388e+00
-1.5185535053409158e-01,-1.1208239105552926e+00
-1.5187501677035503e-01,-1.1208582533921947e+00
-1.5189457363852094e-01,-1.1208924019036437e+00
-1.5191402172589316e-01,-1.1209263571910186e+00
-1.5193336161688509e-01,-1.1209601203495225e+00
-1.5195259389304633e-01,-1.1209936924682271e+00
-1.5197171913308952e-01,-1.1210270746301150e+00
-1.5199073790543102e-01,-1.1210602679215460e+00
-1.5200965078446560e-01,-1.1210932733821164e+00
-1.5202845832793857e-01,-1.1211260920862232e+00
-1.5204716110094402e-01,-1.1211587250910815e+00
-1.5206575966567465e-01,-1.1211911734479072e+00
-1.5208425458144104e-01,-1.1212234382019526e+00
-1.5210264640469051e-01,-1.1212555203925412e+00
-1.5212093568902615e-01,-1.1212874210531050e+00
-1.5213912298522550e-01,-1.1213191412112193e+00
-1.5215720884125933e-01,-1.1213506818886392e+00
-1.5217519380231012e-01,-1.1213820441013336e+00
-1.5219307841079063e-01,-1.1214132288595215e+00
-1.5221086320636212e-01,-1.1214442371677069e+00
-1.5222854872595268e-01,-1.1214750700247134e+00
-1.5224613550377533e-01,-1.1215057284237195e+00
-1.5226362407134597e-01,-1.1215362133522928e+00
-1.5228101495750140e-01,-1.1215665257924250e+00
-1.5229830868841696e-01,-1.1215966667205657e+00
-1.5231550578762437e-01,-1.1216266371076575e+00
-1.5233260677602914e-01,-1.1216564379191689e+00
-1.5234961217192811e-01,-1.1216860701151294e+00
-1.5236652249102683e-01,-1.1217155346501624e+00
-1.5238333824645667e-01,-1.1217448324735195e+00
-1.5240005994879202e-01,-1.1217739645291136e+00
-1.5241668810606732e-01,-1.1218029317555522e+00
-1.5243322322379385e-01,-1.1218317350861715e+00
-1.5244966580497665e-01,-1.1218603754490677e+00
-1.5246601635013110e-01,-1.1218888537671319e+00
-1.5248227535729950e-01,-1.1219171709580813e+00
-1.5249844332206747e-01,-1.1219453279344933e+00
-1.5251452073758046e-01,-1.1219733256038360e+00
-1.5253050809449681e-01,-1.1220011648684585e+00
-1.5254640587470122e-01,-1.1220288466211259e+00
-1.5256221455903754e-01,-1.1220563717505565e+00
-1.5257793462988309e-01,-1.1220837411432760e+00
-1.5259356656719508e-01,-1.1221109556808191e+00
-1.5260911084852466e-01,-1.1221380162397607e+00
-1.5262456794903084e-01,-1.1221649236917459e+00
-1.5263993834149411e-01,-1.1221916789035202e+00
-1.5265522249633023e-01,-1.1222182827369593e+00
-1.5267042088160354e-01,-1.1222447360490984e+00
-1.5268553396304035e-01,-1.1222710396921634e+00
-1.5270056220404229e-01,-1.1222971945135982e+00
-1.5271550606569920e-01,-1.1223232013560960e+00
-1.5273036600680223e-01,-1.1223490610576272e+00
-1.5274514248385657e-01,-1.1223747744514692e+00
-1.5275983595109424e-01,-1.1224003423662343e+00
-1.5277444686048652e-01,-1.1224257656258991e+00
-1.5278897566175650e-01,-1.1224510450498328e+00
-1.5280342280239131e-01,-1.1224761814528259e+00
-1.5281778872765431e-01,-1.1225011756451173e+00
-1.5283207388059702e-01,-1.1225260284324239e+00
-1.5284627870207129e-01,-1.1225507406159672e+00
-1.5286040363074072e-01,-1.1225753129925014e+00
-1.5287444910309253e-01,-1.1225997463543413e+00
-1.5288841555344904e-01,-1.1226240414893893e+00
-1.5290230341397895e-01,-1.1226481991811630e+00
-1.5291611311470868e-01,-1.1226722202088215e+00
-1.5292984508353341e-01,-1.1226961053471931e+00
-1.5294349974622815e-01,-1.1227198553668021e+00
-1.5295707752645846e-01,-1.1227434710338946e+00
-1.5297057884579124e-01,-1.1227669531104658e+00
-1.5298400412370533e-01,-1.1227903023542856e+00
-1.5299735377760196e-01,-1.1228135195189255e+00
-1.5301062822281503e-01,-1.1228366053537833e+00
-1.5302382787262128e-01,-1.1228595606041105e+00
-1.5303695313825044e-01,-1.1228823860110366e+00
-1.5305000442889508e-01,-1.1229050823115954e+00
-1.5306298215172046e-01,-1.1229276502387495e+00
-1.5307588671187411e-01,-1.1229500905214167e+00
-1.5308871851249542e-01,-1.1229724038844937e+00
-1.5310147795471929e-01,-1.1229945910488657e+00
-1.5311416543505579e-01,-1.1230166527242000e+00
-1.5312678134814478e-01,-1.1230385896165205e+00
-1.5313932608866149e-01,-1.1230604024334467e+00
-1.5315180004929171e-01,-1.1230820918786266e+00
-1.5316420362073996e-01,-1.1231036586517582e+00
-1.5317653719173721e-01,-1.1231251034486114e+00
-1.5318880114904865e-01,-1.1231464269610496e+00
-1.5320099587748126e-01,-1.1231676298770514e+00
-1.5321312175989124e-01,-1.1231887128807316e+00
-1.5322517917719128e-01,-1.1232096766523623e+00
-1.5323716850835772e-01,-1.1232305218683931e+00
-1.5324909013043755e-01,-1.1232512492014737e+00
-1.5326094441855537e-01,-1.1232718593204720e+00
-1.5327273174591993e-01,-1.1232923528904963e+00
-1.5328445248383091e-01,-1.1233127305729147e+00
-1.5329610700168519e-01,-1.1233329930253748e+00
-1.5330769566698335e-01,-1.1233531409018238e+00
-1.5331921884533564e-01,-1.1233731748525284e+00
-1.5333067690046817e-01,-1.1233930955240934e+00
-1.5334207019422866e-01,-1.1234129035594815e+00
-1.5335339908659226e-01,-1.1234325995980323e+00
-1.5336466393566714e-01,-1.1234521842754814e+00
-1.5337586509769993e-01,-1.1234716582239779e+00
-1.5338700292708105e-01,-1.1234910220721044e+00
-1.5339807777634989e-01,-1.1235102764448941e+00
-1.5340908999619987e-01,-1.1235294219638496e+00
-1.5342003993548334e-01,-1.1235484592469607e+00
-1.5343092794121621e-01,-1.1235673889087221e+00
-1.5344175435858282e-01,-1.1235862115601507e+00
-1.5345251953094016e-01,-1.1236049278088034e+00
-1.5346322379982236e-01,-1.1236235382587936e+00
-1.5347386750494482e-01,-1.1236420435108094e+00
-1.5348445098420829e-01,-1.1236604441621292e+00
-1.5349497457370281e-01,-1.1236787408066389e+00
-1.5350543860771138e-01,-1.1236969340348484e+00
-1.5351584341871372e-01,-1.1237150244339078e+00
-1.5352618933738968e-01,-1.1237330125876228e+00
-1.5353647669262260e-01,-1.1237508990764724e+00
-1.5354670581150254e-01,-1.1237686844776222e+00
-1.5355687701932935e-01,-1.1237863693649417e+00
-1.5356699065210125e-01,-1.1238039543139142e+00
-1.5357704704633146e-01,-1.1238214398976583e+00
-1.5358704652473712e-01,-1.1238388266813308e+00
-1.5359698940839683e-01,-1.1238561152269082e+00
-1.5360687601675829e-01,-1.1238733060932018e+00
-1.5361670666764460e-01,-1.1238903998358742e+00
-1.5362648167726031e-01,-1.1239073970074560e+00
-1.5363620136019754e-01,-1.1239242981573601e+00
-1.5364586602944194e-01,-1.1239411038318983e+00
-1.5365547599637841e-01,-1.1239578145742961e+00
-1.5366503157079703e-01,-1.1239744309247077e+00
-1.5367453306089865e-01,-1.1239909534202315e+00
-1.5368398077330042e-01,-1.1240073825949244e+00
-1.5369337501304142e-01,-1.1240237189798166e+00
-1.5370271608358788e-01,-1.1240399631029268e+00
-1.5371200428683859e-01,-1.1240561154892754e+00
-1.5372123992313005e-01,-1.1240721766608992e+00
-1.5373042329124170e-01,-1.1240881471368658e+00
-1.5373955468840070e-01,-1.1241040274332865e+00
-1.5374863441028710e-01,-1.1241198180633312e+00
-1.5375766275103858e-01,-1.1241355195372400e+00
-1.5376664000325516e-01,-1.1241511323623390e+00
-1.5377556645800386e-01,-1.1241666570430515e+00
-1.5378444240482333e-01,-1.1241820940809117e+00
-1.5379326813172822e-01,-1.1241974439745779e+00
-1.5380204392521360e-01,-1.1242127072198445e+00
-1.5381077007025923e-01,-1.1242278843096549e+00
-1.5381944685033369e-01,-1.1242429757341135e+00
-1.5382807454739861e-01,-1.1242579819804985e+00
-1.5383665344191250e-01,-1.1242729035332735e+00
-1.5384518381283477e-01,-1.1242877408740992e+00
-1.5385366593762953e-01,-1.1243024944818449e+00
-1.5386210009226922e-01,-1.1243171648326011e+00
-1.5387048655123839e-01,-1.1243317523996896e+00
-1.5387882558753707e-01,-1.1243462576536754e+00
-1.5388711747268438e-01,-1.1243606810623772e+00
-1.5389536247672173e-01,-1.1243750230908789e+00
-1.5390356086821610e-01,-1.1243892842015397e+00
-1.5391171291426337e-01,-1.1244034648540049e+00
-1.5391981888049114e-01,-1.1244175655052160e+00
-1.5392787903952754e-01,-1.1244315866184931e+00
-1.5393589366645180e-01,-1.1244455286586654e+00
-1.5394386302468038e-01,-1.1244593920769563e+00
-1.5395178737623447e-01,-1.1244731773219905e+00
-1.5395966698179345e-01,-1.1244868848398586e+00
-1.5396750210070051e-01,-1.1245005150741305e+00
-1.5397529299096827e-01,-1.1245140684658672e+00
-1.5398303990928411e-01,-1.1245275454536334e+00
-1.5399074311101577e-01,-1.1245409464735097e+00
-1.5399840285021660e-01,-1.1245542719591048e+00
-1.5400601937963088e-01,-1.1245675223415679e+00
-1.5401359295069916e-01,-1.1245806980496000e+00
-1.5402112381356345e-01,-1.1245937995094661e+00
-1.5402861221707220e-01,-1.1246068271450065e+00
-1.5403605840878570e-01,-1.1246197813776486e+00
-1.5404346263498081e-01,-1.1246326626264183e+00
-1.5405082514065616e-01,-1.1246454713079508e+00
-1.5405814616953692e-01,-1.1246582078365024e+00
-1.5406542596407979e-01,-1.1246708726239616e+00
-1.5407266476547771e-01,-1.1246834660798590e+00
-1.5407986281366470e-01,-1.1246959886113788e+00
-1.5408702034732052e-01,-1.1247084406233696e+00
-1.5409413760387530e-01,-1.1247208225183543e+00
-1.5410121481951419e-01,-1.1247331346965410e+00
-1.5410825222918179e-01,-1.1247453775558334e+00
-1.5411525006658669e-01,-1.1247575514918398e+00
-1.5412220856420597e-01,-1.1247696568978844e+00
-1.5412912795328940e-01,-1.1247816941650171e+00
-1.5413600846386386e-01,-1.1247936636820217e+00
-1.5414285032473754e-01,-1.1248055658354279e+00
-1.5414965376350420e-01,-1.1248174010095187e+00
-1.5415641900654725e-01,-1.1248291695863413e+00
-1.5416314627904384e-01,-1.1248408719457150e+00
-1.5416983580496896e-01,-1.1248525084652414e+00
-1.5417648780709925e-01,-1.1248640795203133e+00
-1.5418310250701714e-01,-1.1248755854841228e+00
-1.5418968012511453e-01,-1.1248870267276705e+00
-1.5419622088059670e-01,-1.1248984036197744e+00
-1.5420272499148596e-01,-1.1249097165270781e+00
-1.5420919267462549e-01,-1.1249209658140589e+00
-1.5421562414810724e-01,-1.1249321518486626e+00
-1.5422201963076634e-01,-1.1249432750011281e+00
-1.5422837933667996e-01,-1.1249543356312250e+00
-1.5423470347874249e-01,-1.1249653340965469e+00
-1.5424099226872351e-01,-1.1249762707526467e+00
-1.5424724591727229e-01,-1.1249871459530472e+00
-1.5425346463392203e-01,-1.1249979600492501e+00
-1.5425964862709415e-01,-1.1250087133907460e+00
-1.5426579810410251e-01,-1.1250194063250247e+00
-1.5427191327115775e-01,-1.1250300391975834e+00
-1.5427799433337117e-01,-1.1250406123519374e+00
-1.5428404149475911e-01,-1.1250511261296290e+00
-1.5429005495824683e-01,-1.1250615808702367e+00
-1.5429603492567256e-01,-1.1250719769113846e+00
-1.5430198159779163e-01,-1.1250823145887512e+00
-1.5430789517428015e-01,-1.1250925942360783e+00
-1.5431377585373901e-01,-1.1251028161851804e+00
-1.5431962383369785e-01,-1.1251129807659530e+00
-1.5432543931061862e-01,-1.1251230883063816e+00
-1.5433122247989955e-01,-1.1251331391325499e+00
-1.5433697353587869e-01,-1.1251431335686481e+00
-1.5434269267183767e-01,-1.1251530719369824e+00
-1.5434838008000537e-01,-1.1251629545579820e+00
-1.5435403595156136e-01,-1.1251727817502084e+00
-1.5435966047663954e-01,-1.1251825538303619e+00
-1.5436525384433164e-01,-1.1251922711132918e+00
-1.5437081624269056e-01,-1.1252019339120021e+00
-1.5437634785873389e-01,-1.1252115425376608e+00
-1.5438184887844725e-01,-1.1252210972996071e+00
-1.5438731948678752e-01,-1.1252305985053586e+00
-1.5439275986768625e-01,-1.1252400464606196e+00
-1.5439817020405278e-01,-1.1252494414692877e+00
-1.5440355067777742e-01,-1.1252587838334620e+00
-1.5440890146973471e-01,-1.1252680738534488e+00
-1.5441422275978636e-01,-1.1252773118277710e+00
-1.5441951472678447e-01,-1.1252864980531725e+00
-1.5442477754857437e-01,-1.1252956328246273e+00
-1.5443001140199769e-01,-1.1253047164353449e+00
-1.5443521646289532e-01,-1.1253137491767780e+00
-1.5444039290611011e-01,-1.1253227313386280e+00
-1.5444554090631740e-01,-1.1253316632129293e+00
-1.5445066063817739e-01,-1.1253405450947918e+00
-1.5445575227387540e-01,-1.1253493772702774e+00
-1.5446081598457898e-01,-1.1253581600235700e+00
-1.5446585194048607e-01,-1.1253668936372068e+00
-1.5447086031082791e-01,-1.1253755783920845e+00
-1.5447584126387207e-01,-1.1253842145674691e+00
-1.5448079496692546e-01,-1.1253928024410020e+00
-1.5448572158633705e-01,-1.1254013422887097e+00
-1.5449062128750099e-01,-1.1254098343850096e+00
-1.5449549423485909e-01,-1.1254182790027187e+00
-1.5450034059190393e-01,-1.1254266764130612e+00
-1.5450516052118135e-01,-1.1254350268856752e+00
-1.5450995418429336e-01,-1.1254433306886209e+00
-1.5451472174190062e-01,-1.1254515880883875e+00
-1.5451946335372513e-01,-1.1254597993499003e+00
-1.5452417917855293e-01,-1.1254679647365287e+00
-1.5452886937423643e-01,-1.1254760845100917e+00
-1.5453353409769713e-01,-1.1254841589308673e+00
-1.5453817350492788e-01,-1.1254921882575968e+00
-1.5454278775099548e-01,-1.1255001727474936e+00
-1.5454737699004303e-01,-1.1255081126562489e+00
-1.5455194137529218e-01,-1.1255160082380398e+00
-1.5455648105904560e-01,-1.1255238597455337e+00
-1.5456099619268909e-01,-1.1255316674298970e+00
-1.5456548692669395e-01,-1.1255394315408009e+00
-1.5456995341061910e-01,-1.1255471523264271e+00
-1.5457439579311325e-01,-1.1255548300334755e+00
-1.5457881422191699e-01,-1.1255624649071689e+00
-1.5458320884386492e-01,-1.1255700571912608e+00
-1.5458757980488769e-01,-1.1255776071280401e+00
-1.5459192725001392e-01,-1.1255851149583385e+00
-1.5459625132337226e-01,-1.1255925809215352e+00
-1.5460055216819318e-01,-1.1256000052555639e+00
-1.5460482992681107e-01,-1.1256073881969175e+00
-1.5460908474066579e-01,-1.1256147299806551e+00
-1.5461331675030471e-01,-1.1256220308404066e+00
-1.5461752609538443e-01,-1.1256292910083792e+00
-1.5462171291467239e-01,-1.1256365107153619e+00
-1.5462587734604868e-01,-1.1256436901907323e+00
-1.5463001952847219e-01,-1.1256508296652989e+00
-1.5463413960326758e-01,-1.1256579293731654e+00
-1.5463823770663851e-01,-1.1256649895409148e+00
-1.5464231397373066e-01,-1.1256720103934830e+00
-1.5464636853885053e-01,-1.1256789921544788e+00
-1.5465040153546794e-01,-1.1256859350461894e+00
-1.5465441309621863e-01,-1.1256928392895880e+00
-1.5465840335290659e-01,-1.1256997051043389e+00
-1.5466237243650682e-01,-1.1257065327088056e+00
-1.5466632047716752e-01,-1.1257133223200557e+00
-1.5467024760421272e-01,-1.1257200741538684e+00
-1.5467415394614456e-01,-1.1257267884247397e+00
-1.5467803963064575e-01,-1.1257334653458897e+00
-1.5468190478458183e-01,-1.1257401051292679e+00
-1.5468574953400363e-01,-1.1257467079855599e+00
-1.5468957400414945e-01,-1.1257532741241929e+00
-1.5469337831944746e-01,-1.1257598037533425e+00
-1.5469716260351779e-01,-1.1257662970799376e+00
-1.5470092697917492e-01,-1.1257727543096674e+00
-1.5470467156842974e-01,-1.1257791756469859e+00
-1.5470839649249188e-01,-1.1257855612951195e+00
-1.5471210187177167e-01,-1.1257919114560706e+00
-1.5471578782588244e-01,-1.1257982263306252e+00
-1.5471945447364249e-01,-1.1258045061183575e+00
-1.5472310193307723e-01,-1.1258107510176349e+00
-1.5472673032142120e-01,-1.1258169612256250e+00
-1.5473033975512013e-01,-1.1258231369383001e+00
-1.5473393034983285e-01,-1.1258292783504424e+00
-1.5473750222043328e-01,-1.1258353856556504e+00
-1.5474105548101252e-01,-1.1258414590463426e+00
-1.5474459024488052e-01,-1.1258474987137641e+00
-1.5474810662456817e-01,-1.1258535048479912e+00
-1.5475160473182903e-01,-1.1258594776379365e+00
-1.5475508467764132e-01,-1.1258654172713540e+00
-1.5475854657220955e-01,-1.1258713239348441e+00
-1.5476199052496648e-01,-1.1258771978138591e+00
-1.5476541664457472e-01,-1.1258830390927066e+00
-1.5476882503892866e-01,-1.1258888479545561e+00
-1.5477221581515599e-01,-1.1258946245814425e+00
-1.5477558907961947e-01,-1.1259003691542719e+00
-1.5477894494122330e-01,-1.1259060818553257e+00
-1.5478228351543871e-01,-1.1259117628713118e+00
-1.5478560490837237e-01,-1.1259174123813107e+00
-1.5478890922477356e-01,-1.1259230305628389e+00
-1.5479219656870044e-01,-1.1259286175923560e+00
-1.5479546704352320e-01,-1.1259341736452702e+00
-1.5479872075192722e-01,-1.1259396988959443e+00
-1.5480195779591616e-01,-1.1259451935177009e+00
-1.5480517827681525e-01,-1.1259506576828286e+00
-1.5480838229527433e-01,-1.1259560915625859e+00
-1.5481156995127102e-01,-1.1259614953272088e+00
-1.5481474134411388e-01,-1.1259668691459139e+00
-1.5481789657244549e-01,-1.1259722131869061e+00
-1.5482103573424552e-01,-1.1259775276173816e+00
-1.5482415892683396e-01,-1.1259828126035349e+00
-1.5482726624687412e-01,-1.1259880683105634e+00
-1.5483035779037577e-01,-1.1259932949026723e+00
-1.5483343365269817e-01,-1.1259984925430799e+00
-1.5483649392855323e-01,-1.1260036613940230e+00
-1.5483953871200842e-01,-1.1260088016167618e+00
-1.5484256809649008e-01,-1.1260139133715847e+00
-1.5484558217478622e-01,-1.1260189968178138e+00
-1.5484858103904969e-01,-1.1260240521138087e+00
-1.5485156478080120e-01,-1.1260290794169727e+00
-1.5485453349093239e-01,-1.1260340788837573e+00
-1.5485748725970871e-01,-1.1260390506696660e+00
-1.5486042617677262e-01,-1.1260439949292607e+00
-1.5486335033114643e-01,-1.1260489118161647e+00
-1.5486625981123542e-01,-1.1260538014830692e+00
-1.5486915470483076e-01,-1.1260586640817365e+00
-1.5487203509911249e-01,-1.1260634997630046e+00
-1.5487490108065255e-01,-1.1260683086767931e+00
-1.5487775273541768e-01,-1.1260730909721064e+00
-1.5488059014877242e-01,-1.1260778467970387e+00
-1.5488341340548206e-01,-1.1260825762987781e+00
-1.5488622258971554e-01,-1.1260872796236112e+00
-1.5488901778504843e-01,-1.1260919569169281e+00
-1.5489179907446587e-01,-1.1260966083232256e+00
-1.5489456654036543e-01,-1.1261012339861114e+00
-1.5489732026456005e-01,-1.1261058340483101e+00
-1.5490006032828094e-01,-1.1261104086516647e+00
-1.5490278681218053e-01,-1.1261149579371432e+00
-1.5490549979633531e-01,-1.1261194820448415e+00
-1.5490819936024863e-01,-1.1261239811139867e+00
-1.5491088558425667e-01,-1.1261284552842923e+00
-1.5491355855512137e-01,-1.1261329047013360e+00
-1.5491621835291383e-01,-1.1261373295039483e+00
-1.5491886505596275e-01,-1.1261417298289722e+00
-1.5492149874208827e-01,-1.1261461058124504e+00
-1.5492411948860607e-01,-1.1261504575896308e+00
-1.5492672737233157e-01,-1.1261547852949718e+00
-1.5492932246958388e-01,-1.1261590890621458e+00
-1.5493190485619002e-01,-1.1261633690240460e+00
-1.5493447460748899e-01,-1.1261676253127899e+00
-1.5493703179833596e-01,-1.1261718580597249e+00
-1.5493957650310630e-01,-1.1261760673954329e+00
-1.5494210879569981e-01,-1.1261802534497349e+00
-1.5494462874954479e-01,-1.1261844163516961e+00
-1.5494713643760227e-01,-1.1261885562296310e+00
-1.5494963193237005e-01,-1.1261926732111069e+00
-1.5495211530588698e-01,-1.1261967674229501e+00
-1.5495458662973707e-01,-1.1262008389912495e+00
-1.5495704597505364e-01,-1.1262048880413615e+00
-1.5495949341252352e-01,-1.1262089146979153e+00
-1.5496192901239131e-01,-1.1262129190848160e+00
-1.5496435284446344e-01,-1.1262169013252510e+00
-1.5496676497811246e-01,-1.1262208615416927e+00
-1.5496916548228118e-01,-1.1262247998559047e+00
-1.5497155442548693e-01,-1.1262287163889448e+00
-1.5497393187582575e-01,-1.1262326112611705e+00
-1.5497629790097664e-01,-1.1262364845922428e+00
-1.5497865256820575e-01,-1.1262403365011306e+00
-1.5498099594437062e-01,-1.1262441671061161e+00
-1.5498332809592444e-01,-1.1262479765247972e+00
-1.5498564908892026e-01,-1.1262517648740935e+00
-1.5498795898901530e-01,-1.1262555322702499e+00
-1.5499025786147513e-01,-1.1262592788288406e+00
-1.5499254577117802e-01,-1.1262630046647737e+00
-1.5499482278261908e-01,-1.1262667098922956e+00
-1.5499708895991474e-01,-1.1262703946249946e+00
-1.5499934436680679e-01,-1.1262740589758049e+00
-1.5500158906666689e-01,-1.1262777030570121e+00
-1.5500382312250066e-01,-1.1262813269802552e+00
-1.5500604659695216e-01,-1.1262849308565321e+00
-1.5500825955230807e-01,-1.1262885147962032e+00
-1.5501046205050206e-01,-1.1262920789089954e+00
-1.5501265415311910e-01,-1.1262956233040060e+00
-1.5501483592139975e-01,-1.1262991480897067e+00
-1.5501700741568342e-01,-1.1263026533739164e+00
-1.5501916868913668e-01,-1.1263061392634623e+00
-1.5502131979894765e-01,-1.1263096058647952e+00
-1.5502346080402243e-01,-1.1263130532838685e+00
-1.5502559176289810e-01,-1.1263164816260263e+00
-1.5502771273374591e-01,-1.1263198909960070e+00
-1.5502982377437452e-01,-1.1263232814979482e+00
-1.5503192494223317e-01,-1.1263266532353891e+00
-1.5503401629441482e-01,-1.1263300063112747e+00
-1.5503609788765935e-01,-1.1263333408279590e+00
-1.5503816977835669e-01,-1.1263366568872089e+00
-1.5504023202255002e-01,-1.1263399545902077e+00
-1.5504228467593889e-01,-1.1263432340375583e+00
-1.5504432779388230e-01,-1.1263464953292872e+00
-1.5504636143140199e-01,-1.1263497385648469e+00
-1.5504838564318535e-01,-1.1263529638431204e+00
-1.5505040048358879e-01,-1.1263561712624242e+00
-1.5505240600664061e-01,-1.1263593609205114e+00
-1.5505440226604428e-01,-1.1263625329145752e+00
-1.5505638931518145e-01,-1.1263656873412524e+00
-1.5505836720711511e-01,-1.1263688242966263e+00
-1.5506033599459260e-01,-1.1263719438762296e+00
-1.5506229573004870e-01,-1.1263750461750490e+00
-1.5506424646560879e-01,-1.1263781312875267e+00
-1.5506618825309182e-01,-1.1263811993075645e+00
-1.5506812114401344e-01,-1.1263842503285268e+00
-1.5507004518958895e-01,-1.1263872844432430e+00
-1.5507196044073646e-01,-1.1263903017440120e+00
-1.5507386694807984e-01,-1.1263933023226034e+00
-1.5507576476195187e-01,-1.1263962862702621e+00
-1.5507765393239711e-01,-1.1263992536777103e+00
-1.5507953450917503e-01,-1.1264022046351505e+00
-1.5508140654176295e-01,-1.1264051392322694e+00
-1.5508327007935915e-01,-1.1264080575582389e+00
-1.5508512517088574e-01,-1.1264109597017207e+00
-1.5508697186499174e-01,-1.1264138457508688e+00
-1.5508881021005599e-01,-1.1264167157933309e+00
-1.5509064025419031e-01,-1.1264195699162529e+00
-1.5509246204524213e-01,-1.1264224082062813e+00
-1.5509427563079786e-01,-1.1264252307495646e+00
-1.5509608105818551e-01,-1.1264280376317573e+00
-1.5509787837447780e-01,-1.1264308289380225e+00
-1.5509966762649519e-01,-1.1264336047530339e+00
-1.5510144886080857e-01,-1.1264363651609781e+00
-1.5510322212363692e-01,-1.1264391102455804e+00
-1.5510498745583839e-01,-1.1264418400911278e+00
-1.5510674489979032e-01,-1.1264445547810700e+00
-1.5510849450028991e-01,-1.1264472543978374e+00
-1.5511023630186221e-01,-1.1264499390233940e+00
-1.5511197034876190e-01,-1.1264526087392399e+00
-1.5511369668497532e-01,-1.1264552636264140e+00
-1.5511541535422232e-01,-1.1264579037654967e+00
-1.5511712639995823e-01,-1.1264605292366114e+00
-1.5511882986537565e-01,-1.1264631401194287e+00
-1.5512052579340646e-01,-1.1264657364931676e+00
-1.5512221422672351e-01,-1.1264683184365982e+00
-1.5512389520774258e-01,-1.1264708860280443e+00
-1.5512556877862413e-01,-1.1264734393453857e+00
-1.5512723498127515e-01,-1.1264759784660603e+00
-1.5512889385735082e-01,-1.1264785034670668e+00
-1.5513054544825644e-01,-1.1264810144249673e+00
-1.5513218979514909e-01,-1.1264835114158884e+00
-1.5513382693893935e-01,-1.1264859945155250e+00
-1.5513545692029301e-01,-1.1264884637991408e+00
-1.5513707977963287e-01,-1.1264909193415722e+00
-1.5513869555714027e-01,-1.1264933612172292e+00
-1.5514030429275683e-01,-1.1264957895000982e+00
-1.5514190602618610e-01,-1.1264982042637441e+00
-1.5514350079689515e-01,-1.1265006055813118e+00
-1.5514508864411625e-01,-1.1265029935255291e+00
-1.5514666960684836e-01,-1.1265053681687078e+00
-1.5514824372385883e-01,-1.1265077295827466e+00
-1.5514981103368478e-01,-1.1265100778391328e+00
-1.5515137157463488e-01,-1.1265124130089437e+00
-1.5515292538479070e-01,-1.1265147351628493e+00
-1.5515447250200820e-01,-1.1265170443711137e+00
-1.5515601296391940e-01,-1.1265193407035969e+00
-1.5515754680793370e-01,-1.1265216242297573e+00
-1.5515907407123930e-01,-1.1265238950186531e+00
-1.5516059479080485e-01,-1.1265261531389437e+00
-1.5516210900338062e-01,-1.1265283986588916e+00
-1.5516361674550011e-01,-1.1265306316463652e+00
-1.5516511805348129e-01,-1.1265328521688391e+00
-1.5516661296342807e-01,-1.1265350602933963e+00
-1.5516810151123156e-01,-1.1265372560867302e+00
-1.5516958373257156e-01,-1.1265394396151458e+00
-1.5517105966291769e-01,-1.1265416109445610e+00
-1.5517252933753084e-01,-1.1265437701405092e+00
-1.5517399279146435e-01,-1.1265459172681400e+00
-1.5517545005950645e-01,-1.1265480523943190e+00
-1.5517690117622995e-01,-1.1265501755859000e+00
-1.5517834617606147e-01,-1.1265522869073119e+00
-1.5517978509322447e-01,-1.1265543864226264e+00
-1.5518121796174053e-01,-1.1265564741955583e+00
-1.5518264481543051e-01,-1.1265585502894686e+00
-1.5518406568791565e-01,-1.1265606147673655e+00
-1.5518548061261883e-01,-1.1265626676919072e+00
-1.5518688962276550e-01,-1.1265647091254030e+00
-1.5518829275138493e-01,-1.1265667391298149e+00
-1.5518969003131125e-01,-1.1265687577667605e+00
-1.5519108149518449e-01,-1.1265707650975132e+00
-1.5519246717545160e-01,-1.1265727611830054e+00
-1.5519384710436762e-01,-1.1265747460838291e+00
-1.5519522131399652e-01,-1.1265767198602388e+00
-1.5519658983621229e-01,-1.1265786825721513e+00
-1.5519795270269990e-01,-1.1265806342791491e+00
-1.5519930994495623e-01,-1.1265825750404816e+00
-1.5520066159429111e-01,-1.1265845049150662e+00
-1.5520200768182812e-01,-1.1265864239614900e+00
-1.5520334823850560e-01,-1.1265883322380117e+00
-1.5520468329507747e-01,-1.1265902298025627e+00
-1.5520601288211411e-01,-1.1265921167127497e+00
-1.5520733703000331e-01,-1.1265939930258544e+00
-1.5520865576895099e-01,-1.1265958587988365e+00
-1.5520996912898211e-01,-1.1265977140883341e+00
-1.5521127713994140e-01,-1.1265995589506663e+00
-1.5521257983149420e-01,-1.1266013934418335e+00
-1.5521387723312721e-01,-1.1266032176175194e+00
-1.5521516937414931e-01,-1.1266050315330918e+00
-1.5521645628369216e-01,-1.1266068352436045e+00
-1.5521773799071104e-01,-1.1266086288037989e+00
-1.5521901452398548e-01,-1.1266104122681044e+00
-1.5522028591211998e-01,-1.1266121856906399e+00
-1.5522155218354472e-01,-1.1266139491252156e+00
-1.5522281336651608e-01,-1.1266157026253341e+00
-1.5522406948911738e-01,-1.1266174462441911e+00
-1.5522532057925950e-01,-1.1266191800346768e+00
-1.5522656666468140e-01,-1.1266209040493775e+00
-1.5522780777295078e-01,-1.1266226183405761e+00
-1.5522904393146458e-01,-1.1266243229602542e+00
-1.5523027516744956e-01,-1.1266260179600915e+00
-1.5523150150796283e-01,-1.1266277033914689e+00
-1.5523272297989238e-01,-1.1266293793054682e+00
-1.5523393961090465e-01,-1.1266310457540156e+00
-1.5523515142956509e-01,-1.1266327027900274e+00
-1.5523635846258541e-01,-1.1266343504640912e+00
-1.5523756073647474e-01,-1.1266359888264574e+00
-1.5523875827758890e-01,-1.1266376179270994e+00
-1.5523995111213104e-01,-1.1266392378157140e+00
-1.5524113926615238e-01,-1.1266408485417230e+00
-1.5524232276555283e-01,-1.1266424501542749e+00
-1.5524350163608194e-01,-1.1266440427022459e+00
-1.5524467590333929e-01,-1.1266456262342412e+00
-1.5524584559277538e-01,-1.1266472007985964e+00
-1.5524701072969219e-01,-1.1266487664433780e+00
-1.5524817133924390e-01,-1.1266503232163856e+00
-1.5524932744643746e-01,-1.1266518711651530e+00
-1.5525047907613321e-01,-1.1266534103369485e+00
-1.5525162625304553e-01,-1.1266549407787769e+00
-1.5525276900174345e-01,-1.1266564625373803e+00
-1.5525390734665118e-01,-1.1266579756592394e+00
-1.5525504131204859e-01,-1.1266594801905745e+00
-1.5525617092207206e-01,-1.1266609761773465e+00
-1.5525729620071463e-01,-1.1266624636652582e+00
-1.5525841717182687e-01,-1.1266639426997556e+00
-1.5525953385911717e-01,-1.1266654133260277e+00
-1.5526064628615230e-01,-1.1266668755890092e+00
-1.5526175447635795e-01,-1.1266683295333806e+00
-1.5526285845301913e-01,-1.1266697752035690e+00
-1.5526395823928066e-01,-1.1266712126437501e+00
-1.5526505385814762e-01,-1.1266726418978474e+00
-1.5526614533248576e-01,-1.1266740630095353e+00
-1.5526723268502193e-01,-1.1266754760222382e+00
-1.5526831593834445e-01,-1.1266768809791323e+00
-1.5526939511490359e-01,-1.1266782779231463e+00
-1.5527047023701185e-01,-1.1266796668969628e+00
-1.5527154132684437e-01,-1.1266810479430176e+00
-1.5527260840643922e-01,-1.1266824211035025e+00
-1.5527367149769783e-01,-1.1266837864203647e+00
-1.5527473062238525e-01,-1.1266851439353085e+00
-1.5527578580213050e-01,-1.1266864936897953e+00
-1.5527683705842679e-01,-1.1266878357250449e+00
-1.5527788441263185e-01,-1.1266891700820363e+00
-1.5527892788596823e-01,-1.1266904968015077e+00
-1.5527996749952344e-01,-1.1266918159239585e+00
-1.5528100327425037e-01,-1.1266931274896486e+00
-1.5528203523096734e-01,-1.1266944315386000e+00
-1.5528306339108458e-01,-1.1266957281114314e+00
-1.5528408777790467e-01,-1.1266970172508493e+00
-1.5528510841241600e-01,-1.1266982989968226e+00
-1.5528612531526445e-01,-1.1266995733888445e+00
-1.5528713850697912e-01,-1.1267008404661922e+00
-1.5528814800797272e-01,-1.1267021002679285e+00
-1.5528915383854230e-01,-1.1267033528329020e+00
-1.5529015601886975e-01,-1.1267045981997492e+00
-1.5529115456902229e-01,-1.1267058364068947e+00
-1.5529214950895304e-01,-1.1267070674925521e+00
-1.5529314085850149e-01,-1.1267082914947262e+00
-1.5529412863739409e-01,-1.1267095084512124e+00
-1.5529511286524469e-01,-1.1267107183995990e+00
-1.5529609356155502e-01,-1.1267119213772669e+00
-1.5529707074571522e-01,-1.1267131174213922e+00
-1.5529804443700432e-01,-1.1267143065689453e+00
-1.5529901465459062e-01,-1.1267154888566933e+00
-1.5529998141753223e-01,-1.1267166643211999e+00
-1.5530094474477749e-01,-1.1267178329988272e+00
-1.5530190465516536e-01,-1.1267189949257359e+00
-1.5530286116742598e-01,-1.1267201501378863e+00
-1.5530381430018092e-01,-1.1267212986710395e+00
-1.5530476407194369e-01,-1.1267224405607579e+00
-1.5530571050112016e-01,-1.1267235758424063e+00
-1.5530665360600887e-01,-1.1267247045511526e+00
-1.5530759340480149e-01,-1.1267258267219684e+00
-1.5530852991558311e-01,-1.1267269423896304e+00
-1.5530946315633271e-01,-1.1267280515887206e+00
-1.5531039314492343e-01,-1.1267291543536273e+00
-1.5531131989912295e-01,-1.1267302507185462e+00
-1.5531224343659386e-01,-1.1267313407174806e+00
-1.5531316377489388e-01,-1.1267324243842423e+00
-1.5531408093147633e-01,-1.1267335017524529e+00
-1.5531499492369036e-01,-1.1267345728555438e+00
-1.5531590576878118e-01,-1.1267356377267568e+00
-1.5531681348389051e-01,-1.1267366963991459e+00
-1.5531771808605674e-01,-1.1267377489055768e+00
-1.5531861959221524e-01,-1.1267387952787282e+00
-1.5531951801919866e-01,-1.1267398355510925e+00
-1.5532041338373714e-01,-1.1267408697549759e+00
-1.5532130570245861e-01,-1.1267418979224997e+00
-1.5532219499188896e-01,-1.1267429200856003e+00
-1.5532308126845226e-01,-1.1267439362760305e+00
-1.5532396454847111e-01,-1.1267449465253598e+00
-1.5532484484850179e-01,-1.1267459508653452e+00
-1.5532572218708052e-01,-1.1267469493298612e+00
-1.5532659658090625e-01,-1.1267479419506821e+00
-1.5532746804615064e-01,-1.1267489287589294e+00
-1.5532833659889420e-01,-1.1267499097855551e+00
-1.5532920225512672e-01,-1.1267508850613417e+00
-1.5533006503074773e-01,-1.1267518546169033e+00
-1.5533092494156669e-01,-1.1267528184826863e+00
-1.5533178200330339e-01,-1.1267537766889697e+00
-1.5533263623158836e-01,-1.1267547292658668e+00
-1.5533348764196300e-01,-1.1267556762433246e+00
-1.5533433624988013e-01,-1.1267566176511261e+00
-1.5533518207070415e-01,-1.1267575535188890e+00
-1.5533602511971134e-01,-1.1267584838760683e+00
-1.5533686541209027e-01,-1.1267594087519552e+00
-1.5533770296294194e-01,-1.1267603281756797e+00
-1.5533853778728018e-01,-1.1267612421762094e+00
-1.5533936990003186e-01,-1.1267621507823509e+00
-1.5534019931603718e-01,-1.1267630540227507e+00
-1.5534102605004996e-01,-1.1267639519258956e+00
-1.5534185011673773e-01,-1.1267648445201128e+00
-1.5534267153068229e-01,-1.1267657318335713e+00
-1.5534349030637956e-01,-1.1267666138942820e+00
-1.5534430645824013e-01,-1.1267674907300982e+00
-1.5534512000058931e-01,-1.1267683623687164e+00
-1.5534593094766738e-01,-1.1267692288376767e+00
-1.5534673931362988e-01,-1.1267700901643640e+00
-1.5534754511254767e-01,-1.1267709463760067e+00
-1.5534834835840719e-01,-1.1267717974996798e+00
-1.5534914906511069e-01,-1.1267726435623031e+00
-1.5534994724647633e-01,-1.1267734845906430e+00
-1.5535074291623843e-01,-1.1267743206113126e+00
-1.5535153608804755e-01,-1.1267751516507725e+00
-1.5535232677547073e-01,-1.1267759777353303e+00
-1.5535311499199156e-01,-1.1267767988911426e+00
-1.5535390075101035e-01,-1.1267776151442139e+00
-1.5535468406584432e-01,-1.1267784265203982e+00
-1.5535546494972771e-01,-1.1267792330453987e+00
-1.5535624341581175e-01,-1.1267800347447687e+00
-1.5535701947716499e-01,-1.1267808316439114e+00
-1.5535779314677331e-01,-1.1267816237680812e+00
-1.5535856443754001e-01,-1.1267824111423830e+00
-1.5535933336228586e-01,-1.1267831937917738e+00
-1.5536009993374927e-01,-1.1267839717410617e+00
-1.5536086416458639e-01,-1.1267847450149078e+00
-1.5536162606737100e-01,-1.1267855136378249e+00
-1.5536238565459476e-01,-1.1267862776341793e+00
-1.5536314293866724e-01,-1.1267870370281901e+00
-1.5536389793191580e-01,-1.1267877918439300e+00
-1.5536465064658583e-01,-1.1267885421053256e+00
-1.5536540109484076e-01,-1.1267892878361576e+00
-1.5536614928876188e-01,-1.1267900290600612e+00
-1.5536689524034866e-01,-1.1267907658005258e+00
-1.5536763896151851e-01,-1.1267914980808966e+00
-1.5536838046410689e-01,-1.1267922259243732e+00
-1.5536911976221401e-01,-1.1267929493567193e+00
-1.5536985687077245e-01,-1.1267936684046094e+00
-1.5537059180180524e-01,-1.1267943830913107e+00
-1.5537132456725852e-01,-1.1267950934399529e+00
-1.5537205517901284e-01,-1.1267957994735400e+00
-1.5537278364888327e-01,-1.1267965012149530e+00
-1.5537350998861987e-01,-1.1267971986869483e+00
-1.5537423420990781e-01,-1.1267978919121597e+00
-1.5537495632436774e-01,-1.1267985809130983e+00
-1.5537567634355609e-01,-1.1267992657121537e+00
-1.5537639427896527e-01,-1.1267999463315936e+00
-1.5537711014202396e-01,-1.1268006227935652e+00
-1.5537782394409741e-01,-1.1268012951200952e+00
-1.5537853569648763e-01,-1.1268019633330908e+00
-1.5537924541043369e-01,-1.1268026274543397e+00
-1.5537995309711200e-01,-1.1268032875055110e+00
-1.5538065876763649e-01,-1.1268039435081556e+00
-1.5538136243305883e-01,-1.1268045954837063e+00
-1.5538206410436883e-01,-1.1268052434534794e+00
-1.5538276379249441e-01,-1.1268058874386737e+00
-1.5538346150830210e-01,-1.1268065274603725e+00
-1.5538415726259705e-01,-1.1268071635395422e+00
-1.5538485106612338e-01,-1.1268077956970355e+00
-1.5538554292956433e-01,-1.1268084239535887e+00
-1.5538623286354250e-01,-1.1268090483298248e+00
-1.5538692087862008e-01,-1.1268096688462519e+00
-1.5538760698529894e-01,-1.1268102855232658e+00
-1.5538829119402095e-01,-1.1268108983811480e+00
-1.5538897351516812e-01,-1.1268115074400682e+00
-1.5538965395906285e-01,-1.1268121127200834e+00
-1.5539033253596798e-01,-1.1268127142411395e+00
-1.5539100925608709e-01,-1.1268133120230701e+00
-1.5539168412956461e-01,-1.1268139060855984e+00
-1.5539235716648611e-01,-1.1268144964483366e+00
-1.5539302837687824e-01,-1.1268150831307877e+00
-1.5539369777070913e-01,-1.1268156661523434e+00
-1.5539436535788839e-01,-1.1268162455322874e+00
-1.5539503114826736e-01,-1.1268168212897931e+00
-1.5539569515163920e-01,-1.1268173934439261e+00
-1.5539635737773905e-01,-1.1268179620136431e+00
-1.5539701783624418e-01,-1.1268185270177933e+00
-1.5539767653677417e-01,-1.1268190884751177e+00
-1.5539833348889090e-01,-1.1268196464042506e+00
-1.5539898870209887e-01,-1.1268202008237187e+00
-1.5539964218584512e-01,-1.1268207517519422e+00
-1.5540029394951960e-01,-1.1268212992072355e+00
-1.5540094400245502e-01,-1.1268218432078061e+00
-1.5540159235392711e-01,-1.1268223837717566e+00
-1.5540223901315475e-01,-1.1268229209170835e+00
-1.5540288398929994e-01,-1.1268234546616784e+00
-1.5540352729146806e-01,-1.1268239850233284e+00
-1.5540416892870781e-01,-1.1268245120197153e+00
-1.5540480891001143e-01,-1.1268250356684175e+00
-1.5540544724431468e-01,-1.1268255559869083e+00
-1.5540608394069994e-01,-1.1268260729928206e+00
-1.5540671900986755e-01,-1.1268265867058518e+00
-1.5540735246119558e-01,-1.1268270971439562e+00
-1.5540798430359393e-01,-1.1268276043244518e+00
-1.5540861454592378e-01,-1.1268281082645633e+00
-1.5540924319699809e-01,-1.1268286089814226e+00
-1.5540987026558151e-01,-1.1268291064920697e+00
-1.5541049576039087e-01,-1.1268296008134524e+00
-1.5541111969009513e-01,-1.1268300919624272e+00
-1.5541174206331582e-01,-1.1268305799557596e+00
-1.5541236288862700e-01,-1.1268310648101241e+00
-1.5541298217455563e-01,-1.1268315465421055e+00
-1.5541359992958170e-01,-1.1268320251681980e+00
-1.5541421616213841e-01,-1.1268325007048072e+00
-1.5541483088061236e-01,-1.1268329731682487e+00
-1.5541544409334374e-01,-1.1268334425747502e+00
-1.5541605580862650e-01,-1.1268339089404502e+00
-1.5541666603470858e-01,-1.1268343722813998e+00
-1.5541727477979195e-01,-1.1268348326135624e+00
-1.5541788205203291e-01,-1.1268352899528140e+00
-1.5541848785954229e-01,-1.1268357443149435e+00
-1.5541909221038541e-01,-1.1268361957156534e+00
-1.5541969511258244e-01,-1.1268366441705600e+00
-1.5542029657410847e-01,-1.1268370896951934e+00
-1.5542089660289374e-01,-1.1268375323049988e+00
-1.5542149520682363e-01,-1.1268379720153352e+00
-1.5542209239373903e-01,-1.1268384088414776e+00
-1.5542268817143629e-01,-1.1268388427986156e+00
-1.5542328254766752e-01,-1.1268392739018549e+00
-1.5542387553014059e-01,-1.1268397021662171e+00
-1.5542446712651942e-01,-1.1268401276066404e+00
-1.5542505734442391e-01,-1.1268405502379792e+00
-1.5542564619143032e-01,-1.1268409700750048e+00
-1.5542623367507122e-01,-1.1268413871324059e+00
-1.5542681980283565e-01,-1.1268418014247887e+00
-1.5542740458216933e-01,-1.1268422129666769e+00
-1.5542798802047461e-01,-1.1268426217725125e+00
-1.5542857012511077e-01,-1.1268430278566555e+00
-1.5542915090339401e-01,-1.1268434312333844e+00
-1.5542973036259766e-01,-1.1268438319168970e+00
-1.5543030850995221e-01,-1.1268442299213095e+00
-1.5543088535264538e-01,-1.1268446252606581e+00
-1.5543146089782237e-01,-1.1268450179488980e+00
-1.5543203515258583e-01,-1.1268454079999044e+00
-1.5543260812399595e-01,-1.1268457954274724e+00
-1.5543317981907073e-01,-1.1268461802453176e+00
-1.5543375024478581e-01,-1.1268465624670760e+00
-1.5543431940807473e-01,-1.1268469421063041e+00
-1.5543488731582902e-01,-1.1268473191764796e+00
-1.5543545397489819e-01,-1.1268476936910010e+00
-1.5543601939208984e-01,-1.1268480656631883e+00
-1.5543658357416978e-01,-1.1268484351062831e+00
-1.5543714652786206e-01,-1.1268488020334488e+00
-1.5543770825984907e-01,-1.1268491664577702e+00
-1.5543826877677158e-01,-1.1268495283922551e+00
-1.5543882808589954e-01,-1.1268498878507813e+00
-1.5543938619492292e-01,-1.1268502448478031e+00
-1.5543994311050738e-01,-1.1268505993963061e+00
-1.5544049883926980e-01,-1.1268509515091885e+00
-1.5544105338779113e-01,-1.1268513011992791e+00
-1.5544160676261651e-01,-1.1268516484793378e+00
-1.5544215897025526e-01,-1.1268519933620551e+00
-1.5544271001718121e-01,-1.1268523358600531e+00
-1.5544325990983282e-01,-1.1268526759858855e+00
-1.5544380865461327e-01,-1.1268530137520378e+00
-1.5544435625789058e-01,-1.1268533491709285e+00
-1.5544490272599790e-01,-1.1268536822549076e+00
-1.5544544806523353e-01,-1.1268540130162585e+00
-1.5544599228186107e-01,-1.1268543414671979e+00
-1.5544653538210962e-01,-1.1268546676198756e+00
-1.5544707737217384e-01,-1.1268549914863752e+00
-1.5544761825821418e-01,-1.1268553130787142e+00
-1.5544815804635692e-01,-1.1268556324088443e+00
-1.5544869674269438e-01,-1.1268559494886516e+00
-1.5544923435328492e-01,-1.1268562643299573e+00
-1.5544977088415324e-01,-1.1268565769445174e+00
-1.5545030634129042e-01,-1.1268568873440226e+00
-1.5545084073065399e-01,-1.1268571955401001e+00
-1.5545137405816814e-01,-1.1268575015443121e+00
-1.5545190632972380e-01,-1.1268578053681571e+00
-1.5545243755117877e-01,-1.1268581070230699e+00
-1.5545296772835779e-01,-1.1268584065204212e+00
-1.5545349686705273e-01,-1.1268587038715194e+00
-1.5545402497302263e-01,-1.1268589990876090e+00
-1.5545455205199385e-01,-1.1268592921798717e+00
-1.5545507810966017e-01,-1.1268595831594272e+00
-1.5545560315168286e-01,-1.1268598720373324e+00
-1.5545612718369090e-01,-1.1268601588245817e+00
-1.5545665021128086e-01,-1.1268604435321081e+00
-1.5545717224001723e-01,-1.1268607261707826e+00
-1.5545769327543243e-01,-1.1268610067514142e+00
-1.5545821332302684e-01,-1.1268612852847515e+00
-1.5545873238826893e-01,-1.1268615617814812e+00
-1.5545925047659545e-01,-1.1268618362522291e+00
-1.5545976759341137e-01,-1.1268621087075605e+00
-1.5546028374409010e-01,-1.1268623791579799e+00
-1.5546079893397341e-01,-1.1268626476139316e+00
-1.5546131316837170e-01,-1.1268629140857993e+00
-1.5546182645256396e-01,-1.1268631785839072e+00
-1.5546233879179788e-01,-1.1268634411185192e+00
-1.5546285019128991e-01,-1.1268637016998395e+00
-1.5546336065622543e-01,-1.1268639603380131e+00
-1.5546387019175867e-01,-1.1268642170431251e+00
-1.5546437880301289e-01,-1.1268644718252021e+00
-1.5546488649508036e-01,-1.1268647246942112e+00
-1.5546539327302258e-01,-1.1268649756600604e+00
-1.5546589914187020e-01,-1.1268652247325992e+00
-1.5546640410662310e-01,-1.1268654719216189e+00
-1.5546690817225056e-01,-1.1268657172368517e+00
-1.5546741134376932e-01,-1.1268659606881000e+00
-1.5546791362704457e-01,-1.1268662022865532e+00
-1.5546841502731579e-01,-1.1268664420423642e+00
-1.5546891554953357e-01,-1.1268666799652032e+00
-1.5546941519862206e-01,-1.1268669160646885e+00
-1.5546991397947901e-01,-1.1268671503503882e+00
-1.5547041189697594e-01,-1.1268673828318185e+00
-1.5547090895595822e-01,-1.1268676135184459e+00
-1.5547140516124525e-01,-1.1268678424196861e+00
-1.5547190051763055e-01,-1.1268680695449043e+00
-1.5547239502988192e-01,-1.1268682949034166e+00
-1.5547288870274151e-01,-1.1268685185044884e+00
-1.5547338154092591e-01,-1.1268687403573365e+00
-1.5547387354912642e-01,-1.1268689604711284e+00
-1.5547436473200901e-01,-1.1268691788549823e+00
-1.5547485509421452e-01,-1.1268693955179678e+00
-1.5547534464035870e-01,-1.1268696104691063e+00
-1.5547583337503243e-01,-1.1268698237173704e+00
-1.5547632130280170e-01,-1.1268700352716849e+00
-1.5547680842820791e-01,-1.1268702451409267e+00
-1.5547729475576777e-01,-1.1268704533339253e+00
-1.5547778028997350e-01,-1.1268706598594627e+00
-1.5547826503529300e-01,-1.1268708647262733e+00
-1.5547874899616984e-01,-1.1268710679430449e+00
-1.5547923217702345e-01,-1.1268712695184189e+00
-1.5547971458224918e-01,-1.1268714694609894e+00
-1.5548019621621842e-01,-1.1268716677793045e+00
-1.5548067708327867e-01,-1.1268718644818663e+00
-1.5548115718775371e-01,-1.1268720595771304e+00
-1.5548163653394362e-01,-1.1268722530735071e+00
-1.5548211512612486e-01,-1.1268724449793612e+00
-1.5548259296855052e-01,-1.1268726353030121e+00
-1.5548307006545023e-01,-1.1268728240527335e+00
-1.5548354642103032e-01,-1.1268730112367544e+00
-1.5548402203947401e-01,-1.1268731968632595e+00
-1.5548449692494126e-01,-1.1268733809403884e+00
-1.5548497108156917e-01,-1.1268735634762359e+00
-1.5548544451347179e-01,-1.1268737444788535e+00
-1.5548591722474039e-01,-1.1268739239562475e+00
-1.5548638921944347e-01,-1.1268741019163815e+00
-1.5548686050162680e-01,-1.1268742783671741e+00
-1.5548733107531360e-01,-1.1268744533165014e+00
-1.5548780094450457e-01,-1.1268746267721954e+00
-1.5548827011317798e-01,-1.1268747987420451e+00
-1.5548873858528972e-01,-1.1268749692337965e+00
-1.5548920636477342e-01,-1.1268751382551527e+00
-1.5548967345554049e-01,-1.1268753058137739e+00
-1.5549013986148022e-01,-1.1268754719172778e+00
-1.5549060558645986e-01,-1.1268756365732395e+00
-1.5549107063432466e-01,-1.1268757997891921e+00
-1.5549153500889792e-01,-1.1268759615726260e+00
-1.5549199871398120e-01,-1.1268761219309906e+00
-1.5549246175335416e-01,-1.1268762808716926e+00
-1.5549292413077484e-01,-1.1268764384020971e+00
-1.5549338584997960e-01,-1.1268765945295276e+00
-1.5549384691484555e-01,-1.1268767492615179e+00
-1.5549430732939704e-01,-1.1268769026058210e+00
-1.5549476709735116e-01,-1.1268770545697069e+00
-1.5549522622239756e-01,-1.1268772051603948e+00
-1.5549568470820610e-01,-1.1268773543850656e+00
-1.5549614255842681e-01,-1.1268775022508619e+00
-1.5549659977669006e-01,-1.1268776487648875e+00
-1.5549705636660657e-01,-1.1268777939342085e+00
-1.5549751233176759e-01,-1.1268779377658531e+00
-1.5549796767574489e-01,-1.1268780802668112e+00
-1.5549842240209089e-01,-1.1268782214440356e+00
-1.5549887651433880e-01,-1.1268783613044411e+00
-1.5549933001600255e-01,-1.1268784998549060e+00
-1.5549978291057701e-01,-1.1268786371022703e+00
-1.5550023520153797e-01,-1.1268787730533383e+00
-1.5550068689234231e-01,-1.1268789077148764e+00
-1.5550113798642803e-01,-1.1268790410936149e+00
-1.5550158848721429e-01,-1.1268791731962473e+00
-1.5550203839810153e-01,-1.1268793040294307e+00
-1.5550248772247155e-01,-1.1268794335997863e+00
-1.5550293646368754e-01,-1.1268795619138985e+00
-1.5550338462509419e-01,-1.1268796889783164e+00
-1.5550383221001776e-01,-1.1268798147995531e+00
-1.5550427922176610e-01,-1.1268799393840858e+00
-1.5550472566362880e-01,-1.1268800627383562e+00
-1.5550517153887719e-01,-1.1268801848687708e+00
-1.5550561685076442e-01,-1.1268803057817007e+00
-1.5550606160252550e-01,-1.1268804254834817e+00
-1.5550650579737751e-01,-1.1268805439804148e+00
-1.5550694943851942e-01,-1.1268806612787663e+00
-1.5550739252913240e-01,-1.1268807773847669e+00
-1.5550783507237964e-01,-1.1268808923046134e+00
-1.5550827707140663e-01,-1.1268810060444681e+00
-1.5550871852934109e-01,-1.1268811186104584e+00
-1.5550915944929308e-01,-1.1268812300086775e+00
-1.5550959983435503e-01,-1.1268813402451849e+00
-1.5551003968760174e-01,-1.1268814493260058e+00
-1.5551047901209061e-01,-1.1268815572571309e+00
-1.5551091781086152e-01,-1.1268816640445178e+00
-1.5551135608693692e-01,-1.1268817696940900e+00
-1.5551179384332200e-01,-1.1268818742117377e+00
-1.5551223108300458e-01,-1.1268819776033170e+00
-1.5551266780895520e-01,-1.1268820798746511e+00
-1.5551310402412732e-01,-1.1268821810315295e+00
-1.5551353973145710e-01,-1.1268822810797088e+00
-1.5551397493386368e-01,-1.1268823800249124e+00
-1.5551440963424912e-01,-1.1268824778728306e+00
-1.5551484383549846e-01,-1.1268825746291204e+00
-1.5551527754047978e-01,-1.1268826702994068e+00
-1.5551571075204423e-01,-1.1268827648892812e+00
-1.5551614347302603e-01,-1.1268828584043027e+00
-1.5551657570624261e-01,-1.1268829508499980e+00
-1.5551700745449454e-01,-1.1268830422318610e+00
-1.5551743872056564e-01,-1.1268831325553530e+00
-1.5551786953206942e-01,-1.1268832218726641e+00
-1.5551829983990711e-01,-1.1268833100915685e+00
-1.5551872967467564e-01,-1.1268833972698551e+00
-1.5551915903912142e-01,-1.1268834834129071e+00
-1.5551958793597692e-01,-1.1268835685260812e+00
-1.5552001636796084e-01,-1.1268836526147064e+00
-1.5552044433777798e-01,-1.1268837356840851e+00
-1.5552087184811936e-01,-1.1268838177394926e+00
-1.5552129890166233e-01,-1.1268838987861776e+00
-1.5552172550107041e-01,-1.1268839788293619e+00
-1.5552215164899352e-01,-1.1268840578742405e+00
-1.5552257734806788e-01,-1.1268841359259818e+00
-1.5552300260091609e-01,-1.1268842129897276e+00
-1.5552342741014713e-01,-1.1268842890705935e+00
-1.5552385177835648e-01,-1.1268843641736681e+00
-1.5552427570812605e-01,-1.1268844383040137e+00
-1.5552469920202427e-01,-1.1268845114666670e+00
-1.5552512226260609e-01,-1.1268845836666375e+00
-1.5552554489241302e-01,-1.1268846549089091e+00
-1.5552596709397321e-01,-1.1268847251984395e+00
-1.5552638886980139e-01,-1.1268847945401599e+00
-1.5552681022239900e-01,-1.1268848629389761e+00
-1.5552723115425415e-01,-1.1268849303997677e+00
-1.5552765166784169e-01,-1.1268849969273886e+00
-1.5552807176562322e-01,-1.1268850625266666e+00
-1.5552849145004713e-01,-1.1268851272024041e+00
-1.5552891072354863e-01,-1.1268851909593773e+00
-1.5552932958854981e-01,-1.1268852538023377e+00
-1.5552974804745964e-01,-1.1268853157360108e+00
-1.5553016610267401e-01,-1.1268853767650961e+00
-1.5553058375657575e-01,-1.1268854368942685e+00
-1.5553100101153466e-01,-1.1268854961281773e+00
-1.5553141786990760e-01,-1.1268855544714464e+00
-1.5553183433403844e-01,-1.1268856119286750e+00
-1.5553225040625818e-01,-1.1268856685044362e+00
-1.5553266608888489e-01,-1.1268857242032788e+00
-1.5553308138422378e-01,-1.1268857790297264e+00
-1.5553349629456725e-01,-1.1268858329882778e+00
-1.5553391082219495e-01,-1.1268858860834066e+00
-1.5553432496937369e-01,-1.1268859383195617e+00
-1.5553473873835760e-01,-1.1268859897011678e+00
-1.5553515213138816e-01,-1.1268860402326240e+00
-1.5553556515069408e-01,-1.1268860899183055e+00
-1.5553597779849154e-01,-1.1268861387625626e+00
-1.5553639007698405e-01,-1.1268861867697211e+00
-1.5553680198836262e-01,-1.1268862339440828e+00
-1.5553721353480565e-01,-1.1268862802899247e+00
-1.5553762471847909e-01,-1.1268863258114996e+00
-1.5553803554153645e-01,-1.1268863705130365e+00
-1.5553844600611869e-01,-1.1268864143987396e+00
-1.5553885611435447e-01,-1.1268864574727897e+00
-1.5553926586836006e-01,-1.1268864997393429e+00
-1.5553967527023935e-01,-1.1268865412025315e+00
-1.5554008432208394e-01,-1.1268865818664646e+00
-1.5554049302597311e-01,-1.1268866217352269e+00
-1.5554090138414298e-01,-1.1268866608131871e+00
-1.5554130939905728e-01,-1.1268866991051283e+00
-1.5554171707280667e-01,-1.1268867366151520e+00
-1.5554212440745485e-01,-1.1268867733473085e+00
-1.5554253140505406e-01,-1.1268868093056261e+00
-1.5554293806764535e-01,-1.1268868444941114e+00
-1.5554334439725850e-01,-1.1268868789167490e+00
-1.5554375039591212e-01,-1.1268869125775018e+00
-1.5554415606561356e-01,-1.1268869454803108e+00
-1.5554456140835909e-01,-1.1268869776290953e+00
-1.5554496642613397e-01,-1.1268870090277534e+00
-1.5554537112091232e-01,-1.1268870396801611e+00
-1.5554577549465726e-01,-1.1268870695901736e+00
-1.5554617954932093e-01,-1.1268870987616244e+00
-1.5554658328684465e-01,-1.1268871271983261e+00
-1.5554698670915870e-01,-1.1268871549040695e+00
-1.5554738981818264e-01,-1.1268871818826249e+00
-1.5554779261582516e-01,-1.1268872081377415e+00
-1.5554819510398415e-01,-1.1268872336731472e+00
-1.5554859728454684e-01,-1.1268872584925498e+00
-1.5554899915938974e-01,-1.1268872825996352e+00
-1.5554940073037868e-01,-1.1268873059980695e+00
-1.5554980199936896e-01,-1.1268873286914980e+00
-1.5555020296820521e-01,-1.1268873506835453e+00
-1.5555060363872164e-01,-1.1268873719778159e+00
-1.5555100401274186e-01,-1.1268873925778933e+00
-1.5555140409207910e-01,-1.1268874124873414e+00
-1.5555180387853615e-01,-1.1268874317097033e+00
-1.5555220337390543e-01,-1.1268874502485025e+00
-1.5555260257996908e-01,-1.1268874681072418e+00
-1.5555300149849888e-01,-1.1268874852894049e+00
-1.5555340013125638e-01,-1.1268875017984545e+00
-1.5555379847999293e-01,-1.1268875176378348e+00
-1.5555419654644970e-01,-1.1268875328109691e+00
-1.5555459433235774e-01,-1.1268875473212614e+00
-1.5555499183943797e-01,-1.1268875611720968e+00
-1.5555538906940131e-01,-1.1268875743668398e+00
-1.5555578602394862e-01,-1.1268875869088364e+00
-1.5555618270477081e-01,-1.1268875988014124e+00
-1.5555657911354889e-01,-1.1268876100478755e+00
-1.5555697525195389e-01,-1.1268876206515130e+00
-1.5555737112164708e-01,-1.1268876306155939e+00
-1.5555776672427987e-01,-1.1268876399433678e+00
-1.5555816206149387e-01,-1.1268876486380659e+00
-1.5555855713492101e-01,-1.1268876567028996e+00
-1.5555895194618349e-01,-1.1268876641410626e+00
-1.5555934649689390e-01,-1.1268876709557289e+00
-1.5555974078865512e-01,-1.1268876771500549e+00
-1.5556013482306058e-01,-1.1268876827271774e+00
-1.5556052860169406e-01,-1.1268876876902154e+00
-1.5556092212612993e-01,-1.1268876920422697e+00
-1.5556131539793305e-01,-1.1268876957864222e+00
-1.5556170841865891e-01,-1.1268876989257370e+00
-1.5556210118985359e-01,-1.1268877014632599e+00
-1.5556249371305381e-01,-1.1268877034020186e+00
-1.5556288598978704e-01,-1.1268877047450230e+00
-1.5556327802157152e-01,-1.1268877054952651e+00
-1.5556366980991618e-01,-1.1268877056557187e+00
-1.5556406135632084e-01,-1.1268877052293405e+00
-1.5556445266227617e-01,-1.1268877042190688e+00
-1.5556484372926374e-01,-1.1268877026278248e+00
-1.5556523455875607e-01,-1.1268877004585125e+00
-1.5556562515221664e-01,-1.1268876977140176e+00
-1.5556601551109994e-01,-1.1268876943972093e+00
-1.5556640563685159e-01,-1.1268876905109388e+00
-1.5556679553090827e-01,-1.1268876860580408e+00
-1.5556718519470797e-01,-1.1268876810413508e+00
-1.5556757463016596e-01,-1.1268876754645534e+00
-1.5556796383899760e-01,-1.1268876693309751e+00
-1.5556835282264808e-01,-1.1268876626434607e+00
-1.5556874158255493e-01,-1.1268876554048395e+00
-1.5556913012014803e-01,-1.1268876476179261e+00
-1.5556951843684980e-01,-1.1268876392855205e+00
-1.5556990653407510e-01,-1.1268876304104078e+00
-1.5557029441323136e-01,-1.1268876209953589e+00
-1.5557068207571861e-01,-1.1268876110431301e+00
-1.5557106952292954e-01,-1.1268876005564634e+00
-1.5557145675624953e-01,-1.1268875895380868e+00
-1.5557184377705677e-01,-1.1268875779907137e+00
-1.5557223058672218e-01,-1.1268875659170443e+00
-1.5557261718660959e-01,-1.1268875533197638e+00
-1.5557300357807566e-01,-1.1268875402015444e+00
-1.5557338976247009e-01,-1.1268875265650442e+00
-1.5557377574113557e-01,-1.1268875124129079e+00
-1.5557416151540776e-01,-1.1268874977477663e+00
-1.5557454708661556e-01,-1.1268874825722375e+00
-1.5557493245608092e-01,-1.1268874668889255e+00
-1.5557531762511903e-01,-1.1268874507004212e+00
-1.5557570259503833e-01,-1.1268874340093025e+00
-1.5557608736714060e-01,-1.1268874168181346e+00
-1.5557647194272092e-01,-1.1268873991294692e+00
-1.5557685632306781e-01,-1.1268873809458455e+00
-1.5557724050946323e-01,-1.1268873622697897e+00
-1.5557762450318263e-01,-1.1268873431038158e+00
-1.5557800830549509e-01,-1.1268873234504244e+00
-1.5557839191766321e-01,-1.1268873033121045e+00
-1.5557877534094330e-01,-1.1268872826913325e+00
-1.5557915857658533e-01,-1.1268872615905725e+00
-1.5557954162583310e-01,-1.1268872400122765e+00
-1.5557992448992411e-01,-1.1268872179588840e+00
-1.5558030717008980e-01,-1.1268871954328232e+00
-1.5558068966755553e-01,-1.1268871724365102e+00
-1.5558107198354051e-01,-1.1268871489723493e+00
-1.5558145411925808e-01,-1.1268871250427328e+00
-1.5558183607591558e-01,-1.1268871006500421e+00
-1.5558221785471443e-01,-1.1268870757966467e+00
-1.5558259945685027e-01,-1.1268870504849049e+00
-1.5558298088351288e-01,-1.1268870247171634e+00
-1.5558336213588636e-01,-1.1268869984957581e+00
-1.5558374321514909e-01,-1.1268869718230139e+00
-1.5558412412247380e-01,-1.1268869447012442e+00
-1.5558450485902761e-01,-1.1268869171327522e+00
-1.5558488542597215e-01,-1.1268868891198296e+00
-1.5558526582446355e-01,-1.1268868606647580e+00
-1.5558564605565242e-01,-1.1268868317698082e+00
-1.5558602612068409e-01,-1.1268868024372405e+00
-1.5558640602069848e-01,-1.1268867726693046e+00
-1.5558678575683021e-01,-1.1268867424682403e+00
-1.5558716533020872e-01,-1.1268867118362771e+00
-1.5558754474195821e-01,-1.1268866807756344e+00
-1.5558792399319771e-01,-1.1268866492885214e+00
-1.5558830308504124e-01,-1.1268866173771375e+00
-1.5558868201859774e-01,-1.1268865850436725e+00
-1.5558906079497112e-01,-1.1268865522903064e+00
-1.5558943941526041e-01,-1.1268865191192092e+00
-1.5558981788055970e-01,-1.1268864855325422e+00
-1.5559019619195830e-01,-1.1268864515324566e+00
-1.5559057435054066e-01,-1.1268864171210946e+00
-1.5559095235738654e-01,-1.1268863823005890e+00
-1.5559133021357099e-01,-1.1268863470730637e+00
-1.5559170792016444e-01,-1.1268863114406336e+00
-1.5559208547823267e-01,-1.1268862754054043e+00
-1.5559246288883696e-01,-1.1268862389694732e+00
-1.5559284015293712e-01,-1.1268862021347341e+00
-1.5559321727111303e-01,-1.1268861649023216e+00
