1.1364746093750000e+00,-1.0631835937500000e+01
1.1364746093750000e+00,-1.0631835937500000e+01
1.1364746093750000e+00,-1.0631835937500000e+01
1.1364746093750000e+00,-1.0631835937500000e+01
1.1364746093750000e+00,-1.0631835937500000e+01
1.1364746093750000e+00,-1.0631835937500000e+01
1.1364746093750000e+00,-1.0631835937500000e+01
1.1364746093750000e+00,-1.0631835937500000e+01
1.1364746093750000e+00,-1.0631835937500000e+01
1.1364746093750000e+00,-1.0631835937500000e+01
1.1364746093750000e+00,-1.0631835937500000e+01
1.1364746093750000e+00,-1.0631835937500000e+01
1.1364746093750000e+00,-1.0631835937500000e+01
1.1364746093750000e+00,-1.0631835937500000e+01
1.1364746093750000e+00,-1.0631835937500000e+01
1.1364746093750000e+00,-1.0631835937500000e+01
1.1364746093750000e+00,-1.0631835937500000e+01
1.1364746093750000e+00,-1.0631835937500000e+01
1.1364746093750000e+00,-1.0631835937500000e+01
1.1364746093750000e+00,-1.0631835937500000e+01
1.1364746093750000e+00,-1.0631835937500000e+01
1.1364746093750000e+00,-1.0631835937500000e+01
1.1364746093750000e+00,-1.0631835937500000e+01
1.1364746093750000e+00,-1.0631835937500000e+01
1.1364746093750000e+00,-1.0631835937500000e+01
1.1364746093750000e+00,-1.0631835937500000e+01
1.1364746093750000e+00,-1.0631835937500000e+01
1.1364746093750000e+00,-1.0631835937500000e+01
1.1364746093750000e+00,-1.0631835937500000e+01
1.1364746093750000e+00,-1.0631835937500000e+01
1.1370239257812500e+00,-1.0631835937500000e+01
1.1370239257812500e+00,-1.0631835937500000e+01
1.1364746093750000e+00,-1.0631835937500000e+01
1.1364746093750000e+00,-1.0631835937500000e+01
1.1364746093750000e+00,-1.0631835937500000e+01
1.1364746093750000e+00,-1.0631835937500000e+01
1.1364746093750000e+00,-1.0631835937500000e+01
1.1364746093750000e+00,-1.0631835937500000e+01
1.1364746093750000e+00,-1.0631835937500000e+01
1.1364746093750000e+00,-1.0631835937500000e+01
1.1364746093750000e+00,-1.0631835937500000e+01
1.1364746093750000e+00,-1.0631835937500000e+01
1.1364746093750000e+00,-1.0631835937500000e+01
1.1364746093750000e+00,-1.0631835937500000e+01
1.1364746093750000e+00,-1.0631835937500000e+01
1.1364746093750000e+00,-1.0631835937500000e+01
1.1364746093750000e+00,-1.0631835937500000e+01
1.1364746093750000e+00,-1.0631835937500000e+01
1.1364746093750000e+00,-1.0631835937500000e+01
1.1364746093750000e+00,-1.0631835937500000e+01
1.1364746093750000e+00,-1.0631835937500000e+01
1.1364746093750000e+00,-1.0631835937500000e+01
1.1364746093750000e+00,-1.0631835937500000e+01
1.1364746093750000e+00,-1.0631835937500000e+01
1.1364746093750000e+00,-1.0631835937500000e+01
1.1364746093750000e+00,-1.0631835937500000e+01
1.1364746093750000e+00,-1.0631835937500000e+01
1.1364746093750000e+00,-1.0631835937500000e+01
1.1364746093750000e+00,-1.0631835937500000e+01
1.1364746093750000e+00,-1.0631835937500000e+01
1.1364746093750000e+00,-1.0631835937500000e+01
1.1364746093750000e+00,-1.0631835937500000e+01
1.1348876953125000e+00,-1.0631835937500000e+01
1.1348876953125000e+00,-1.0631835937500000e+01
1.1364746093750000e+00,-1.0631835937500000e+01
1.1364746093750000e+00,-1.0631835937500000e+01
1.1364746093750000e+00,-1.0631835937500000e+01
1.1364746093750000e+00,-1.0631835937500000e+01
1.1364746093750000e+00,-1.0631835937500000e+01
1.1380615234375000e+00,-1.0632324218750000e+01
1.1380615234375000e+00,-1.0632324218750000e+01
1.1422119140625000e+00,-1.0631835937500000e+01
1.1359863281250000e+00,-1.0632324218750000e+01
1.1380615234375000e+00,-1.0632324218750000e+01
1.1380615234375000e+00,-1.0632324218750000e+01
1.1422119140625000e+00,-1.0632324218750000e+01
1.1422119140625000e+00,-1.0632324218750000e+01
1.1359863281250000e+00,-1.0632324218750000e+01
1.1359863281250000e+00,-1.0632324218750000e+01
1.1317749023437500e+00,-1.0633300781250000e+01
1.1354370117187500e+00,-1.0633789062500000e+01
1.1291503906250000e+00,-1.0634277343750000e+01
1.1312866210937500e+00,-1.0634277343750000e+01
1.1265869140625000e+00,-1.0634765625000000e+01
1.1244506835937500e+00,-1.0635742187500000e+01
1.1135864257812500e+00,-1.0636718750000000e+01
1.1151123046875000e+00,-1.0637695312500000e+01
1.1083374023437500e+00,-1.0638671875000000e+01
1.1010742187500000e+00,-1.0640625000000000e+01
1.0838012695312500e+00,-1.0643066406250000e+01
1.0723266601562500e+00,-1.0646484375000000e+01
1.0457763671875000e+00,-1.0649902343750000e+01
1.0249023437500000e+00,-1.0655761718750000e+01
9.9310302734375000e-01,-1.0662109375000000e+01
9.4726562500000000e-01,-1.0670898437500000e+01
8.8464355468750000e-01,-1.0683105468750000e+01
8.0529785156250000e-01,-1.0700195312500000e+01
6.8188476562500000e-01,-1.0724121093750000e+01
5.2752685546875000e-01,-1.0756835937500000e+01
2.9437255859375000e-01,-1.0804199218750000e+01
-1.0681152343750000e-02,-1.0866210937500000e+01
-3.8763427734375000e-01,-1.0943847656250000e+01
-8.5321044921875000e-01,-1.1039062500000000e+01
-1.4058227539062500e+00,-1.1153808593750000e+01
-2.0524902343750000e+00,-1.1289062500000000e+01
-2.8179321289062500e+00,-1.1447753906250000e+01
-3.6970825195312500e+00,-1.1632324218750000e+01
-4.7189331054687500e+00,-1.1847167968750000e+01
-5.8842773437500000e+00,-1.2095214843750000e+01
-7.2227783203125000e+00,-1.2382812500000000e+01
-8.7442016601562500e+00,-1.2711914062500000e+01
-1.0477783203125000e+01,-1.3089355468750000e+01
-1.2432983398437500e+01,-1.3521972656250000e+01
-1.4646850585937500e+01,-1.4017089843750000e+01
-1.7143676757812500e+01,-1.4583007812500000e+01
-1.9945068359375000e+01,-1.5229003906250000e+01
-2.3105651855468750e+01,-1.5968750000000000e+01
-2.6646240234375000e+01,-1.6812988281250000e+01
-3.0619384765625000e+01,-1.7777832031250000e+01
-3.5061340332031250e+01,-1.8881347656250000e+01
-4.0024414062500000e+01,-2.0141601562500000e+01
-4.5565063476562500e+01,-2.1584472656250000e+01
-5.1737976074218750e+01,-2.3235839843750000e+01
-5.8605529785156250e+01,-2.5125976562500000e+01
-6.6229125976562500e+01,-2.7287109375000000e+01
-7.4668457031250000e+01,-2.9759277343750000e+01
-8.3985168457031250e+01,-3.2584960937500000e+01
-9.4244812011718750e+01,-3.5808105468750000e+01
-1.0549584960937500e+02,-3.9479980468750000e+01
-1.1778497314453125e+02,-4.3651855468750000e+01
-1.3114160156250000e+02,-4.8375488281250000e+01
-1.4560528564453125e+02,-5.3706542968750000e+01
-1.6114801025390625e+02,-5.9691894531250000e+01
-1.7778051757812500e+02,-6.6380371093750000e+01
-1.9544781494140625e+02,-7.3806152343750000e+01
-2.1410961914062500e+02,-8.1998535156250000e+01
-2.3365948486328125e+02,-9.0968750000000000e+01
-2.5401098632812500e+02,-1.0071093750000000e+02
-2.7504266357421875e+02,-1.1120410156250000e+02
-2.9660260009765625e+02,-1.2240283203125000e+02
-3.1855322265625000e+02,-1.3424707031250000e+02
-3.4072375488281250e+02,-1.4665185546875000e+02
-3.6296527099609375e+02,-1.5951660156250000e+02
-3.8511663818359375e+02,-1.7272900390625000e+02
-4.0702819824218750e+02,-1.8616308593750000e+02
-4.2854534912109375e+02,-1.9968554687500000e+02
-4.4955865478515625e+02,-2.1316894531250000e+02
-4.6994891357421875e+02,-2.2648339843750000e+02
-4.8961968994140625e+02,-2.3950585937500000e+02
-5.0849725341796875e+02,-2.5212939453125000e+02
-5.2651763916015625e+02,-2.6425488281250000e+02
-5.4364569091796875e+02,-2.7580126953125000e+02
-5.5984515380859375e+02,-2.8670166015625000e+02
-5.7510845947265625e+02,-2.9690917968750000e+02
-5.8942999267578125e+02,-3.0638916015625000e+02
-6.0282269287109375e+02,-3.1512207031250000e+02
-6.1530035400390625e+02,-3.2310400390625000e+02
-6.2688470458984375e+02,-3.3033984375000000e+02
-6.3760394287109375e+02,-3.3684375000000000e+02
-6.4749542236328125e+02,-3.4264111328125000e+02
-6.5657818603515625e+02,-3.4776074218750000e+02
-6.6490435791015625e+02,-3.5223730468750000e+02
-6.7250115966796875e+02,-3.5610742187500000e+02
-6.7939739990234375e+02,-3.5940966796875000e+02
-6.8562872314453125e+02,-3.6218652343750000e+02
-6.9123358154296875e+02,-3.6447509765625000e+02
-6.9623590087890625e+02,-3.6631689453125000e+02
-7.0066033935546875e+02,-3.6774951171875000e+02
-7.0453253173828125e+02,-3.6880908203125000e+02
-7.0788031005859375e+02,-3.6953271484375000e+02
-7.1072674560546875e+02,-3.6995361328125000e+02
-7.1307916259765625e+02,-3.7010253906250000e+02
-7.1497442626953125e+02,-3.7001171875000000e+02
-7.1640753173828125e+02,-3.6970947265625000e+02
-7.1740130615234375e+02,-3.6922363281250000e+02
-7.1796282958984375e+02,-3.6857910156250000e+02
-7.1811492919921875e+02,-3.6780322265625000e+02
-7.1785394287109375e+02,-3.6691894531250000e+02
-7.1720391845703125e+02,-3.6594970703125000e+02
-7.1616534423828125e+02,-3.6491699218750000e+02
-7.1474652099609375e+02,-3.6384326171875000e+02
-7.1295684814453125e+02,-3.6274951171875000e+02
-7.1081488037109375e+02,-3.6165625000000000e+02
-7.0832366943359375e+02,-3.6058154296875000e+02
-7.0549859619140625e+02,-3.5954492187500000e+02
-7.0236163330078125e+02,-3.5856152343750000e+02
-6.9891009521484375e+02,-3.5764892578125000e+02
-6.9517840576171875e+02,-3.5682275390625000e+02
-6.9117730712890625e+02,-3.5609521484375000e+02
-6.8693096923828125e+02,-3.5547998046875000e+02
-6.8245526123046875e+02,-3.5498632812500000e+02
-6.7778839111328125e+02,-3.5462500000000000e+02
-6.7294195556640625e+02,-3.5440234375000000e+02
-6.6795220947265625e+02,-3.5432812500000000e+02
-6.6284332275390625e+02,-3.5440234375000000e+02
-6.5764178466796875e+02,-3.5463378906250000e+02
-6.5237603759765625e+02,-3.5502148437500000e+02
-6.4708721923828125e+02,-3.5556787109375000e+02
-6.4178009033203125e+02,-3.5627343750000000e+02
-6.3650738525390625e+02,-3.5713623046875000e+02
-6.3127508544921875e+02,-3.5815576171875000e+02
-6.2612115478515625e+02,-3.5933007812500000e+02
-6.2106182861328125e+02,-3.6065771484375000e+02
-6.1612579345703125e+02,-3.6213427734375000e+02
-6.1132855224609375e+02,-3.6375781250000000e+02
-6.0668902587890625e+02,-3.6552587890625000e+02
-6.0222454833984375e+02,-3.6743603515625000e+02
-5.9796710205078125e+02,-3.6948535156250000e+02
-5.9390289306640625e+02,-3.7167236328125000e+02
-5.9006353759765625e+02,-3.7399560546875000e+02
-5.8646148681640625e+02,-3.7645410156250000e+02
-5.8310076904296875e+02,-3.7904931640625000e+02
-5.8000042724609375e+02,-3.8177832031250000e+02
-5.7716314697265625e+02,-3.8464306640625000e+02
-5.7460748291015625e+02,-3.8764697265625000e+02
-5.7235614013671875e+02,-3.9079199218750000e+02
-5.7039373779296875e+02,-3.9407958984375000e+02
-5.6875531005859375e+02,-3.9751562500000000e+02
-5.6744183349609375e+02,-4.0110302734375000e+02
-5.6647479248046875e+02,-4.0484863281250000e+02
-5.6586859130859375e+02,-4.0875683593750000e+02
-5.6564630126953125e+02,-4.1283593750000000e+02
-5.6581768798828125e+02,-4.1709179687500000e+02
-5.6640191650390625e+02,-4.2153369140625000e+02
-5.6742901611328125e+02,-4.2616796875000000e+02
-5.6891253662109375e+02,-4.3100683593750000e+02
-5.7089166259765625e+02,-4.3605761718750000e+02
-5.7337567138671875e+02,-4.4133007812500000e+02
-5.7640704345703125e+02,-4.4683691406250000e+02
-5.8000213623046875e+02,-4.5258300781250000e+02
-5.8419573974609375e+02,-4.5858593750000000e+02
-5.8902069091796875e+02,-4.6485351562500000e+02
-5.9450299072265625e+02,-4.7139794921875000e+02
-6.0067523193359375e+02,-4.7822802734375000e+02
-6.0756573486328125e+02,-4.8535546875000000e+02
-6.1520172119140625e+02,-4.9279589843750000e+02
-6.2361871337890625e+02,-5.0055517578125000e+02
-6.3283551025390625e+02,-5.0864697265625000e+02
-6.4288580322265625e+02,-5.1707763671875000e+02
-6.5377301025390625e+02,-5.2586181640625000e+02
-6.6553802490234375e+02,-5.3500585937500000e+02
-6.7817669677734375e+02,-5.4451708984375000e+02
-6.9172064208984375e+02,-5.5440722656250000e+02
-7.0615679931640625e+02,-5.6467675781250000e+02
-7.2148675537109375e+02,-5.7533740234375000e+02
-7.3771307373046875e+02,-5.8638720703125000e+02
-7.5482733154296875e+02,-5.9783349609375000e+02
-7.7281695556640625e+02,-6.0968212890625000e+02
-7.9165911865234375e+02,-6.2192822265625000e+02
-8.1131585693359375e+02,-6.3457177734375000e+02
-8.3178216552734375e+02,-6.4761376953125000e+02
-8.5300592041015625e+02,-6.6105224609375000e+02
-8.7496112060546875e+02,-6.7488183593750000e+02
-8.9758172607421875e+02,-6.8909326171875000e+02
-9.2084686279296875e+02,-7.0368066406250000e+02
-9.4469732666015625e+02,-7.1864257812500000e+02
-9.6908245849609375e+02,-7.3396191406250000e+02
-9.9394830322265625e+02,-7.4963378906250000e+02
-1.0192581176757812e+03,-7.6564794921875000e+02
-1.0449499511718750e+03,-7.8198681640625000e+02
-1.0709765625000000e+03,-7.9864306640625000e+02
-1.0972961425781250e+03,-8.1560302734375000e+02
-1.1238637695312500e+03,-8.3285546875000000e+02
-1.1506328125000000e+03,-8.5038525390625000e+02
-1.1775712890625000e+03,-8.6818017578125000e+02
-1.2046455078125000e+03,-8.8622705078125000e+02
-1.2318439941406250e+03,-9.0451879882812500e+02
-1.2591335449218750e+03,-9.2303857421875000e+02
-1.2864938964843750e+03,-9.4177807617187500e+02
-1.3139133300781250e+03,-9.6072851562500000e+02
-1.3413959960937500e+03,-9.7987792968750000e+02
-1.3689357910156250e+03,-9.9922070312500000e+02
-1.3965329589843750e+03,-1.0187470703125000e+03
-1.4241887207031250e+03,-1.0384553222656250e+03
-1.4519267578125000e+03,-1.0583354492187500e+03
-1.4797548828125000e+03,-1.0783867187500000e+03
-1.5076940917968750e+03,-1.0986081542968750e+03
-1.5357575683593750e+03,-1.1189882812500000e+03
-1.5639772949218750e+03,-1.1395397949218750e+03
-1.5923684082031250e+03,-1.1602534179687500e+03
-1.6209619140625000e+03,-1.1811318359375000e+03
-1.6497810058593750e+03,-1.2021774902343750e+03
-1.6788479003906250e+03,-1.2233903808593750e+03
-1.7082036132812500e+03,-1.2447773437500000e+03
-1.7378654785156250e+03,-1.2663374023437500e+03
-1.7678491210937500e+03,-1.2880742187500000e+03
-1.7981933593750000e+03,-1.3099980468750000e+03
-1.8289226074218750e+03,-1.3321066894531250e+03
-1.8600490722656250e+03,-1.3544094238281250e+03
-1.8916054687500000e+03,-1.3769104003906250e+03
-1.9236030273437500e+03,-1.3996132812500000e+03
-1.9560686035156250e+03,-1.4225227050781250e+03
-1.9890148925781250e+03,-1.4456481933593750e+03
-2.0224533691406250e+03,-1.4689948730468750e+03
-2.0564084472656250e+03,-1.4925629882812500e+03
-2.0908830566406250e+03,-1.5163620605468750e+03
-2.1259001464843750e+03,-1.5403991699218750e+03
-2.1614565429687500e+03,-1.5646767578125000e+03
-2.1975651855468750e+03,-1.5892016601562500e+03
-2.2342409667968750e+03,-1.6139836425781250e+03
-2.2714758300781250e+03,-1.6390175781250000e+03
-2.3092871093750000e+03,-1.6643195800781250e+03
-2.3476857910156250e+03,-1.6898864746093750e+03
-2.3866533203125000e+03,-1.7157265625000000e+03
-2.4262053222656250e+03,-1.7418417968750000e+03
-2.4663432617187500e+03,-1.7682424316406250e+03
-2.5070693359375000e+03,-1.7949274902343750e+03
-2.5483771972656250e+03,-1.8219008789062500e+03
-2.5902788085937500e+03,-1.8491667480468750e+03
-2.6327607421875000e+03,-1.8767312011718750e+03
-2.6758332519531250e+03,-1.9045915527343750e+03
-2.7194916992187500e+03,-1.9327521972656250e+03
-2.7637316894531250e+03,-1.9612199707031250e+03
-2.8085581054687500e+03,-1.9899970703125000e+03
-2.8539677734375000e+03,-2.0190747070312500e+03
-2.8999567871093750e+03,-2.0484653320312500e+03
-2.9465288085937500e+03,-2.0781643066406250e+03
-2.9936818847656250e+03,-2.1081806640625000e+03
-3.0414135742187500e+03,-2.1385017089843750e+03
-3.0897082519531250e+03,-2.1691394042968750e+03
-3.1385971679687500e+03,-2.2000888671875000e+03
-3.1880539550781250e+03,-2.2313474121093750e+03
-3.2380812988281250e+03,-2.2629177246093750e+03
-3.2886889648437500e+03,-2.2948007812500000e+03
-3.3398610839843750e+03,-2.3269929199218750e+03
-3.3916113281250000e+03,-2.3594912109375000e+03
-3.4439353027343750e+03,-2.3922956542968750e+03
-3.4968269042968750e+03,-2.4254079589843750e+03
-3.5502849121093750e+03,-2.4588190917968750e+03
-3.6043195800781250e+03,-2.4925341796875000e+03
-3.6589270019531250e+03,-2.5265451660156250e+03
-3.7141027832031250e+03,-2.5608527832031250e+03
-3.7698454589843750e+03,-2.5954567871093750e+03
-3.8261687011718750e+03,-2.6303471679687500e+03
-3.8830627441406250e+03,-2.6655236816406250e+03
-3.9405246582031250e+03,-2.7009885253906250e+03
-3.9985607910156250e+03,-2.7367336425781250e+03
-4.0571652832031250e+03,-2.7727568359375000e+03
-4.1163515625000000e+03,-2.8090520019531250e+03
-4.1761079101562500e+03,-2.8456225585937500e+03
-4.2364296875000000e+03,-2.8824604492187500e+03
-4.2973359375000000e+03,-2.9195620117187500e+03
-4.3588188476562500e+03,-2.9569233398437500e+03
-4.4208671875000000e+03,-2.9945458984375000e+03
-4.4834931640625000e+03,-3.0324218750000000e+03
-4.5467001953125000e+03,-3.0705488281250000e+03
-4.6104868164062500e+03,-3.1089238281250000e+03
-4.6748417968750000e+03,-3.1475456542968750e+03
-4.7397792968750000e+03,-3.1864025878906250e+03
-4.8052880859375000e+03,-3.2254980468750000e+03
-4.8713769531250000e+03,-3.2648310546875000e+03
-4.9380537109375000e+03,-3.3043908691406250e+03
-5.0052954101562500e+03,-3.3441831054687500e+03
-5.0731176757812500e+03,-3.3841967773437500e+03
-5.1415200195312500e+03,-3.4244340820312500e+03
-5.2104975585937500e+03,-3.4648864746093750e+03
-5.2800566406250000e+03,-3.5055590820312500e+03
-5.3501879882812500e+03,-3.5464455566406250e+03
-5.4209008789062500e+03,-3.5875390625000000e+03
-5.4921845703125000e+03,-3.6288408203125000e+03
-5.5640478515625000e+03,-3.6703491210937500e+03
-5.6364887695312500e+03,-3.7120595703125000e+03
-5.7095029296875000e+03,-3.7539726562500000e+03
-5.7830966796875000e+03,-3.7960842285156250e+03
-5.8572548828125000e+03,-3.8383916015625000e+03
-5.9319936523437500e+03,-3.8808945312500000e+03
-6.0073095703125000e+03,-3.9235883789062500e+03
-6.0831889648437500e+03,-3.9664748535156250e+03
-6.1596523437500000e+03,-4.0095500488281250e+03
-6.2366757812500000e+03,-4.0528183593750000e+03
-6.3142788085937500e+03,-4.0962700195312500e+03
-6.3924477539062500e+03,-4.1399121093750000e+03
-6.4711884765625000e+03,-4.1837348632812500e+03
-6.5504980468750000e+03,-4.2277426757812500e+03
-6.6303652343750000e+03,-4.2719355468750000e+03
-6.7108115234375000e+03,-4.3163115234375000e+03
-6.7918134765625000e+03,-4.3608691406250000e+03
-6.8733852539062500e+03,-4.4056074218750000e+03
-6.9555205078125000e+03,-4.4505292968750000e+03
-7.0382221679687500e+03,-4.4956313476562500e+03
-7.1214809570312500e+03,-4.5409150390625000e+03
-7.2053022460937500e+03,-4.5863803710937500e+03
-7.2896826171875000e+03,-4.6320292968750000e+03
-7.3746137695312500e+03,-4.6778564453125000e+03
-7.4601069335937500e+03,-4.7238666992187500e+03
-7.5461542968750000e+03,-4.7700585937500000e+03
-7.6327548828125000e+03,-4.8164335937500000e+03
-7.7199121093750000e+03,-4.8629912109375000e+03
-7.8076162109375000e+03,-4.9097338867187500e+03
-7.8958632812500000e+03,-4.9566572265625000e+03
-7.9846542968750000e+03,-5.0037666015625000e+03
-8.0739902343750000e+03,-5.0510561523437500e+03
-8.1638613281250000e+03,-5.0985317382812500e+03
-8.2542714843750000e+03,-5.1461972656250000e+03
-8.3452197265625000e+03,-5.1940415039062500e+03
-8.4366884765625000e+03,-5.2420727539062500e+03
-8.5286708984375000e+03,-5.2902890625000000e+03
-8.6211826171875000e+03,-5.3386889648437500e+03
-8.7142031250000000e+03,-5.3872734375000000e+03
-8.8077314453125000e+03,-5.4360405273437500e+03
-8.9017568359375000e+03,-5.4849936523437500e+03
-8.9962792968750000e+03,-5.5341240234375000e+03
-9.0912939453125000e+03,-5.5834375000000000e+03
-9.1867636718750000e+03,-5.6329257812500000e+03
-9.2827158203125000e+03,-5.6825913085937500e+03
-9.3791132812500000e+03,-5.7324301757812500e+03
-9.4759677734375000e+03,-5.7824384765625000e+03
-9.5732431640625000e+03,-5.8326132812500000e+03
-9.6709433593750000e+03,-5.8829482421875000e+03
-9.7690566406250000e+03,-5.9334453125000000e+03
-9.8675488281250000e+03,-5.9840927734375000e+03
-9.9664238281250000e+03,-6.0348876953125000e+03
-1.0065661132812500e+04,-6.0858232421875000e+03
-1.0165235351562500e+04,-6.1368901367187500e+03
-1.0265130859375000e+04,-6.1880830078125000e+03
-1.0365329101562500e+04,-6.2393950195312500e+03
-1.0465803710937500e+04,-6.2908129882812500e+03
-1.0566545898437500e+04,-6.3423300781250000e+03
-1.0667522460937500e+04,-6.3939355468750000e+03
-1.0768713867187500e+04,-6.4456166992187500e+03
-1.0870091796875000e+04,-6.4973623046875000e+03
-1.0971632812500000e+04,-6.5491586914062500e+03
-1.1073315429687500e+04,-6.6009960937500000e+03
-1.1175109375000000e+04,-6.6528569335937500e+03
-1.1276991210937500e+04,-6.7047314453125000e+03
-1.1378933593750000e+04,-6.7565986328125000e+03
-1.1480916015625000e+04,-6.8084501953125000e+03
-1.1582899414062500e+04,-6.8602670898437500e+03
-1.1684875000000000e+04,-6.9120375976562500e+03
-1.1786812500000000e+04,-6.9637426757812500e+03
-1.1888682617187500e+04,-7.0153701171875000e+03
-1.1990468750000000e+04,-7.0669042968750000e+03
-1.2092150390625000e+04,-7.1183330078125000e+03
-1.2193708984375000e+04,-7.1696396484375000e+03
-1.2295126953125000e+04,-7.2208154296875000e+03
-1.2396394531250000e+04,-7.2718486328125000e+03
-1.2497490234375000e+04,-7.3227260742187500e+03
-1.2598403320312500e+04,-7.3734433593750000e+03
-1.2699140625000000e+04,-7.4239931640625000e+03
-1.2799674804687500e+04,-7.4743642578125000e+03
-1.2900017578125000e+04,-7.5245600585937500e+03
-1.3000166992187500e+04,-7.5745761718750000e+03
-1.3100109375000000e+04,-7.6244121093750000e+03
-1.3199862304687500e+04,-7.6740722656250000e+03
-1.3299402343750000e+04,-7.7235556640625000e+03
-1.3398745117187500e+04,-7.7728730468750000e+03
-1.3497877929687500e+04,-7.8220244140625000e+03
-1.3596800781250000e+04,-7.8710244140625000e+03
-1.3695495117187500e+04,-7.9198779296875000e+03
-1.3794251953125000e+04,-7.9687441406250000e+03
-1.3892712890625000e+04,-8.0174653320312500e+03
-1.3990856445312500e+04,-8.0660585937500000e+03
-1.4088632812500000e+04,-8.1145283203125000e+03
-1.4185993164062500e+04,-8.1628828125000000e+03
-1.4282857421875000e+04,-8.2111181640625000e+03
-1.4379125000000000e+04,-8.2592294921875000e+03
-1.4474676757812500e+04,-8.3072031250000000e+03
-1.4569375000000000e+04,-8.3550224609375000e+03
-1.4663068359375000e+04,-8.4026650390625000e+03
-1.4755566406250000e+04,-8.4500996093750000e+03
-1.4846673828125000e+04,-8.4972910156250000e+03
-1.4936026367187500e+04,-8.5441210937500000e+03
-1.5023461914062500e+04,-8.5905781250000000e+03
-1.5108781250000000e+04,-8.6366406250000000e+03
-1.5191728515625000e+04,-8.6822578125000000e+03
-1.5272074218750000e+04,-8.7273916015625000e+03
-1.5349548828125000e+04,-8.7720000000000000e+03
-1.5424037109375000e+04,-8.8161230468750000e+03
-1.5495227539062500e+04,-8.8597050781250000e+03
-1.5562853515625000e+04,-8.9027167968750000e+03
-1.5626692382812500e+04,-8.9451650390625000e+03
-1.5686546875000000e+04,-8.9870800781250000e+03
-1.5742235351562500e+04,-9.0285136718750000e+03
-1.5793590820312500e+04,-9.0695527343750000e+03
-1.5840473632812500e+04,-9.1103076171875000e+03
-1.5882743164062500e+04,-9.1509238281250000e+03
-1.5920243164062500e+04,-9.1915722656250000e+03
-1.5952938476562500e+04,-9.2326406250000000e+03
-1.5979997070312500e+04,-9.2735000000000000e+03
-1.6000852539062500e+04,-9.3133662109375000e+03
-1.6015469726562500e+04,-9.3517578125000000e+03
-1.6023959960937500e+04,-9.3882753906250000e+03
-1.6026497070312500e+04,-9.4225214843750000e+03
-1.6023202148437500e+04,-9.4540898437500000e+03
-1.6014081054687500e+04,-9.4825644531250000e+03
-1.5998973632812500e+04,-9.5075654296875000e+03
-1.5977495117187500e+04,-9.5287714843750000e+03
-1.5949635742187500e+04,-9.5456347656250000e+03
-1.5915395507812500e+04,-9.5581367187500000e+03
-1.5874532226562500e+04,-9.5665996093750000e+03
-1.5826661132812500e+04,-9.5714277343750000e+03
-1.5771352539062500e+04,-9.5730087890625000e+03
-1.5708223632812500e+04,-9.5717050781250000e+03
-1.5636789062500000e+04,-9.5678320312500000e+03
-1.5556953125000000e+04,-9.5616718750000000e+03
-1.5468771484375000e+04,-9.5535039062500000e+03
-1.5372382812500000e+04,-9.5435683593750000e+03
-1.5268067382812500e+04,-9.5320781250000000e+03
-1.5156161132812500e+04,-9.5192167968750000e+03
-1.5037067382812500e+04,-9.5051308593750000e+03
-1.4911216796875000e+04,-9.4899394531250000e+03
-1.4779016601562500e+04,-9.4737255859375000e+03
-1.4640863281250000e+04,-9.4565429687500000e+03
-1.4497092773437500e+04,-9.4384179687500000e+03
-1.4347985351562500e+04,-9.4193564453125000e+03
-1.4193786132812500e+04,-9.3993447265625000e+03
-1.4034650390625000e+04,-9.3783574218750000e+03
-1.3870690429687500e+04,-9.3563574218750000e+03
-1.3701959960937500e+04,-9.3332988281250000e+03
-1.3528485351562500e+04,-9.3091396484375000e+03
-1.3350278320312500e+04,-9.2838378906250000e+03
-1.3167275390625000e+04,-9.2573447265625000e+03
-1.2979444335937500e+04,-9.2296259765625000e+03
-1.2786740234375000e+04,-9.2006523437500000e+03
-1.2589124023437500e+04,-9.1704003906250000e+03
-1.2386526367187500e+04,-9.1388515625000000e+03
-1.2178934570312500e+04,-9.1060019531250000e+03
-1.1966309570312500e+04,-9.0718476562500000e+03
-1.1748663085937500e+04,-9.0364082031250000e+03
-1.1525983398437500e+04,-8.9996933593750000e+03
-1.1298271484375000e+04,-8.9617275390625000e+03
-1.1065552734375000e+04,-8.9225449218750000e+03
-1.0827848632812500e+04,-8.8821777343750000e+03
-1.0585173828125000e+04,-8.8406699218750000e+03
-1.0337562500000000e+04,-8.7980654296875000e+03
-1.0085000976562500e+04,-8.7544091796875000e+03
-9.8275068359375000e+03,-8.7097519531250000e+03
-9.5650839843750000e+03,-8.6641455078125000e+03
-9.2976611328125000e+03,-8.6176337890625000e+03
-9.0252255859375000e+03,-8.5702714843750000e+03
-8.7476494140625000e+03,-8.5220957031250000e+03
-8.4648896484375000e+03,-8.4731669921875000e+03
-8.1767568359375000e+03,-8.4235175781250000e+03
-7.8831308593750000e+03,-8.3731972656250000e+03
-7.5837998046875000e+03,-8.3222451171875000e+03
-7.2785390625000000e+03,-8.2707011718750000e+03
-6.9670805664062500e+03,-8.2186015625000000e+03
-6.6491435546875000e+03,-8.1659902343750000e+03
-6.3243593750000000e+03,-8.1128964843750000e+03
-5.9923706054687500e+03,-8.0593623046875000e+03
-5.6527333984375000e+03,-8.0054238281250000e+03
-5.3049843750000000e+03,-7.9511259765625000e+03
-4.9485576171875000e+03,-7.8965039062500000e+03
-4.5860957031250000e+03,-7.8420913085937500e+03
-4.2223652343750000e+03,-7.7886914062500000e+03
-3.8595856933593750e+03,-7.7366914062500000e+03
-3.4988298339843750e+03,-7.6862836914062500e+03
-3.1405009765625000e+03,-7.6375512695312500e+03
-2.7848225097656250e+03,-7.5905488281250000e+03
-2.4318686523437500e+03,-7.5452998046875000e+03
-2.0816821289062500e+03,-7.5018261718750000e+03
-1.7342761230468750e+03,-7.4601396484375000e+03
-1.3896499023437500e+03,-7.4202529296875000e+03
-1.0478293457031250e+03,-7.3821728515625000e+03
-7.0882830810546875e+02,-7.3459091796875000e+03
-3.7262347412109375e+02,-7.3114604492187500e+03
-3.9273742675781250e+01,-7.2788383789062500e+03
2.9125677490234375e+02,-7.2480341796875000e+03
6.1894506835937500e+02,-7.2190507812500000e+03
9.4379888916015625e+02,-7.1918808593750000e+03
1.2658151855468750e+03,-7.1665224609375000e+03
1.5850270996093750e+03,-7.1429609375000000e+03
1.9014265136718750e+03,-7.1211855468750000e+03
2.2150715332031250e+03,-7.1011840820312500e+03
2.5259819335937500e+03,-7.0829399414062500e+03
2.8341975097656250e+03,-7.0664345703125000e+03
3.1397883300781250e+03,-7.0516523437500000e+03
3.4427512207031250e+03,-7.0385668945312500e+03
3.7431743164062500e+03,-7.0271616210937500e+03
4.0411142578125000e+03,-7.0174101562500000e+03
4.3366416015625000e+03,-7.0092919921875000e+03
4.6297915039062500e+03,-7.0027768554687500e+03
4.9206489257812500e+03,-6.9978466796875000e+03
5.2092885742187500e+03,-6.9944702148437500e+03
5.4957568359375000e+03,-6.9926220703125000e+03
5.7801542968750000e+03,-6.9922783203125000e+03
6.0625366210937500e+03,-6.9934106445312500e+03
6.3430009765625000e+03,-6.9959916992187500e+03
6.6216181640625000e+03,-6.9999980468750000e+03
6.8984511718750000e+03,-7.0054042968750000e+03
7.1735942382812500e+03,-7.0121791992187500e+03
7.4471166992187500e+03,-7.0203041992187500e+03
7.7191098632812500e+03,-7.0297495117187500e+03
7.9896547851562500e+03,-7.0404941406250000e+03
8.2588281250000000e+03,-7.0525122070312500e+03
8.5267304687500000e+03,-7.0657861328125000e+03
8.7934404296875000e+03,-7.0802885742187500e+03
9.0590595703125000e+03,-7.0960029296875000e+03
9.3236708984375000e+03,-7.1129101562500000e+03
9.5873720703125000e+03,-7.1309912109375000e+03
9.8502685546875000e+03,-7.1502285156250000e+03
1.0112465820312500e+04,-7.1706118164062500e+03
1.0374083007812500e+04,-7.1921254882812500e+03
1.0635232421875000e+04,-7.2147636718750000e+03
1.0896046875000000e+04,-7.2385166015625000e+03
1.1156668945312500e+04,-7.2633823242187500e+03
1.1417262695312500e+04,-7.2893671875000000e+03
1.1678002929687500e+04,-7.3164755859375000e+03
1.1939067382812500e+04,-7.3447177734375000e+03
1.2200708007812500e+04,-7.3741279296875000e+03
1.2463182617187500e+04,-7.4047333984375000e+03
1.2726804687500000e+04,-7.4365869140625000e+03
1.2987695312500000e+04,-7.4692128906250000e+03
1.3243828125000000e+04,-7.5023300781250000e+03
1.3494177734375000e+04,-7.5357529296875000e+03
1.3738184570312500e+04,-7.5693662109375000e+03
1.3975477539062500e+04,-7.6030732421875000e+03
1.4205768554687500e+04,-7.6368037109375000e+03
1.4428776367187500e+04,-7.6704916992187500e+03
1.4644223632812500e+04,-7.7040722656250000e+03
1.4851539062500000e+04,-7.7374516601562500e+03
1.5049733398437500e+04,-7.7704609375000000e+03
1.5238342773437500e+04,-7.8030126953125000e+03
1.5417184570312500e+04,-7.8350673828125000e+03
1.5586208984375000e+04,-7.8666098632812500e+03
1.5745460937500000e+04,-7.8976455078125000e+03
1.5895025390625000e+04,-7.9281772460937500e+03
1.6035038085937500e+04,-7.9582187500000000e+03
1.6165662109375000e+04,-7.9877690429687500e+03
1.6287087890625000e+04,-8.0168178710937500e+03
1.6399542968750000e+04,-8.0453378906250000e+03
1.6503277343750000e+04,-8.0732832031250000e+03
1.6598582031250000e+04,-8.1005913085937500e+03
1.6685798828125000e+04,-8.1271884765625000e+03
1.6765312500000000e+04,-8.1529990234375000e+03
1.6837583984375000e+04,-8.1779667968750000e+03
1.6903152343750000e+04,-8.2020781250000000e+03
1.6962625000000000e+04,-8.2253720703125000e+03
1.7016699218750000e+04,-8.2479765625000000e+03
1.7066101562500000e+04,-8.2700986328125000e+03
1.7111564453125000e+04,-8.2920351562500000e+03
1.7153625000000000e+04,-8.3140761718750000e+03
1.7192324218750000e+04,-8.3363134765625000e+03
1.7227500000000000e+04,-8.3587646484375000e+03
1.7258572265625000e+04,-8.3812363281250000e+03
1.7284380859375000e+04,-8.4032304687500000e+03
1.7303283203125000e+04,-8.4240058593750000e+03
1.7313373046875000e+04,-8.4427626953125000e+03
1.7312853515625000e+04,-8.4589726562500000e+03
1.7300476562500000e+04,-8.4726875000000000e+03
1.7275898437500000e+04,-8.4847470703125000e+03
1.7239779296875000e+04,-8.4965449218750000e+03
1.7193650390625000e+04,-8.5095488281250000e+03
1.7139484375000000e+04,-8.5247343750000000e+03
1.7079152343750000e+04,-8.5422636718750000e+03
1.7014044921875000e+04,-8.5615332031250000e+03
1.6944953125000000e+04,-8.5815039062500000e+03
1.6872166015625000e+04,-8.6010996093750000e+03
1.6795763671875000e+04,-8.6194433593750000e+03
1.6715406250000000e+04,-8.6360966796875000e+03
1.6631042968750000e+04,-8.6508593750000000e+03
1.6542705078125000e+04,-8.6638085937500000e+03
1.6450490234375000e+04,-8.6751757812500000e+03
1.6354571289062500e+04,-8.6852695312500000e+03
1.6255166015625000e+04,-8.6944052734375000e+03
1.6152514648437500e+04,-8.7028710937500000e+03
1.6046851562500000e+04,-8.7109052734375000e+03
1.5938397460937500e+04,-8.7186865234375000e+03
1.5827334960937500e+04,-8.7263330078125000e+03
1.5713822265625000e+04,-8.7339189453125000e+03
1.5597954101562500e+04,-8.7414687500000000e+03
1.5479834960937500e+04,-8.7489765625000000e+03
1.5359490234375000e+04,-8.7564082031250000e+03
1.5236955078125000e+04,-8.7637158203125000e+03
1.5112237304687500e+04,-8.7708398437500000e+03
1.4985338867187500e+04,-8.7777148437500000e+03
1.4856241210937500e+04,-8.7842773437500000e+03
1.4724935546875000e+04,-8.7904638671875000e+03
1.4591414062500000e+04,-8.7962158203125000e+03
1.4455666992187500e+04,-8.8014833984375000e+03
1.4317690429687500e+04,-8.8062187500000000e+03
1.4177498046875000e+04,-8.8103847656250000e+03
1.4035106445312500e+04,-8.8139501953125000e+03
1.3890537109375000e+04,-8.8168906250000000e+03
1.3743836914062500e+04,-8.8191894531250000e+03
1.3595041992187500e+04,-8.8208349609375000e+03
1.3444203125000000e+04,-8.8218144531250000e+03
1.3291398437500000e+04,-8.8221308593750000e+03
1.3136682617187500e+04,-8.8217812500000000e+03
1.2980138671875000e+04,-8.8207724609375000e+03
1.2821843750000000e+04,-8.8191074218750000e+03
1.2661882812500000e+04,-8.8167939453125000e+03
1.2500368164062500e+04,-8.8138437500000000e+03
1.2337374023437500e+04,-8.8102636718750000e+03
1.2173006835937500e+04,-8.8060654296875000e+03
1.2007360351562500e+04,-8.8012626953125000e+03
1.1840536132812500e+04,-8.7958652343750000e+03
1.1672639648437500e+04,-8.7898828125000000e+03
1.1503767578125000e+04,-8.7833271484375000e+03
1.1334012695312500e+04,-8.7762089843750000e+03
1.1163492187500000e+04,-8.7685390625000000e+03
1.0992273437500000e+04,-8.7603261718750000e+03
1.0820471679687500e+04,-8.7515781250000000e+03
1.0648167968750000e+04,-8.7423027343750000e+03
1.0475451171875000e+04,-8.7325097656250000e+03
1.0302405273437500e+04,-8.7222011718750000e+03
1.0129087890625000e+04,-8.7113828125000000e+03
9.9556201171875000e+03,-8.7000654296875000e+03
9.7820244140625000e+03,-8.6882460937500000e+03
9.6084052734375000e+03,-8.6759296875000000e+03
9.4350888671875000e+03,-8.6631416015625000e+03
9.2626699218750000e+03,-8.6499257812500000e+03
9.0914550781250000e+03,-8.6363115234375000e+03
8.9216005859375000e+03,-8.6223164062500000e+03
8.7531708984375000e+03,-8.6079531250000000e+03
8.5862226562500000e+03,-8.5932294921875000e+03
8.4207919921875000e+03,-8.5781591796875000e+03
8.2568691406250000e+03,-8.5627441406250000e+03
8.0944887695312500e+03,-8.5469941406250000e+03
7.9336630859375000e+03,-8.5309121093750000e+03
7.7743730468750000e+03,-8.5145068359375000e+03
7.6166518554687500e+03,-8.4977812500000000e+03
7.4604775390625000e+03,-8.4807412109375000e+03
7.3058535156250000e+03,-8.4633886718750000e+03
7.1527993164062500e+03,-8.4457294921875000e+03
7.0012973632812500e+03,-8.4277695312500000e+03
6.8513686523437500e+03,-8.4095097656250000e+03
6.7029682617187500e+03,-8.3909531250000000e+03
6.5561445312500000e+03,-8.3721054687500000e+03
6.4108652343750000e+03,-8.3529707031250000e+03
6.2671274414062500e+03,-8.3335458984375000e+03
6.1249458007812500e+03,-8.3138408203125000e+03
5.9843046875000000e+03,-8.2938535156250000e+03
5.8452075195312500e+03,-8.2735898437500000e+03
5.7076591796875000e+03,-8.2530507812500000e+03
5.5716645507812500e+03,-8.2322421875000000e+03
5.4371972656250000e+03,-8.2111611328125000e+03
5.3042880859375000e+03,-8.1898149414062500e+03
5.1729243164062500e+03,-8.1682031250000000e+03
5.0431088867187500e+03,-8.1463291015625000e+03
4.9148305664062500e+03,-8.1241953125000000e+03
4.7881264648437500e+03,-8.1018056640625000e+03
4.6629467773437500e+03,-8.0791586914062500e+03
4.5393408203125000e+03,-8.0562617187500000e+03
4.4172895507812500e+03,-8.0331132812500000e+03
4.2967949218750000e+03,-8.0097172851562500e+03
4.1778735351562500e+03,-7.9860756835937500e+03
4.0605134277343750e+03,-7.9621938476562500e+03
3.9447280273437500e+03,-7.9380703125000000e+03
3.8305119628906250e+03,-7.9137080078125000e+03
3.7179016113281250e+03,-7.8891113281250000e+03
3.6068515625000000e+03,-7.8642817382812500e+03
3.4973969726562500e+03,-7.8392226562500000e+03
3.3895268554687500e+03,-7.8139345703125000e+03
3.2832482910156250e+03,-7.7884233398437500e+03
3.1785642089843750e+03,-7.7626845703125000e+03
3.0754868164062500e+03,-7.7367299804687500e+03
2.9740092773437500e+03,-7.7105556640625000e+03
2.8741306152343750e+03,-7.6841679687500000e+03
2.7758662109375000e+03,-7.6575678710937500e+03
2.6791984863281250e+03,-7.6307587890625000e+03
2.5841389160156250e+03,-7.6037402343750000e+03
2.4906889648437500e+03,-7.5765180664062500e+03
2.3988452148437500e+03,-7.5490957031250000e+03
2.3086230468750000e+03,-7.5214746093750000e+03
2.2199785156250000e+03,-7.4936542968750000e+03
2.1329409179687500e+03,-7.4656391601562500e+03
2.0475285644531250e+03,-7.4374389648437500e+03
1.9636943359375000e+03,-7.4090473632812500e+03
1.8814516601562500e+03,-7.3804682617187500e+03
1.8008110351562500e+03,-7.3517065429687500e+03
1.7217446289062500e+03,-7.3227656250000000e+03
1.6442607421875000e+03,-7.2936445312500000e+03
1.5683513183593750e+03,-7.2643486328125000e+03
1.4940130615234375e+03,-7.2348779296875000e+03
1.4212265625000000e+03,-7.2052382812500000e+03
1.3499987792968750e+03,-7.1754257812500000e+03
1.2803044433593750e+03,-7.1454521484375000e+03
1.2121594238281250e+03,-7.1153095703125000e+03
1.1455219726562500e+03,-7.0850039062500000e+03
1.0804003906250000e+03,-7.0545390625000000e+03
1.0167895507812500e+03,-7.0239140625000000e+03
9.5465625000000000e+02,-6.9931318359375000e+03
8.9401220703125000e+02,-6.9621938476562500e+03
8.3483227539062500e+02,-6.9311015625000000e+03
7.7710742187500000e+02,-6.8998544921875000e+03
7.2082183837890625e+02,-6.8684594726562500e+03
6.6596710205078125e+02,-6.8369121093750000e+03
6.1251116943359375e+02,-6.8052138671875000e+03
5.6045239257812500e+02,-6.7733647460937500e+03
5.0977655029296875e+02,-6.7413671875000000e+03
4.6046697998046875e+02,-6.7092192382812500e+03
4.1250180053710938e+02,-6.6769243164062500e+03
3.6587451171875000e+02,-6.6444799804687500e+03
3.2056777954101562e+02,-6.6118852539062500e+03
2.7654879760742188e+02,-6.5791367187500000e+03
2.3381405639648438e+02,-6.5462363281250000e+03
1.9233798217773438e+02,-6.5131860351562500e+03
1.5211352539062500e+02,-6.4799780273437500e+03
1.1311700439453125e+02,-6.4466142578125000e+03
7.5329223632812500e+01,-6.4130893554687500e+03
3.8727539062500000e+01,-6.3794018554687500e+03
3.2940673828125000e+00,-6.3455468750000000e+03
-3.0986450195312500e+01,-6.3115224609375000e+03
-6.4127441406250000e+01,-6.2773198242187500e+03
-9.6156066894531250e+01,-6.2429414062500000e+03
-1.2709350585937500e+02,-6.2083740234375000e+03
-1.5695098876953125e+02,-6.1736137695312500e+03
-1.8575738525390625e+02,-6.1386552734375000e+03
-2.1351934814453125e+02,-6.1034843750000000e+03
-2.4027154541015625e+02,-6.0680981445312500e+03
-2.6602093505859375e+02,-6.0324863281250000e+03
-2.9079138183593750e+02,-5.9966333007812500e+03
-3.1460034179687500e+02,-5.9605263671875000e+03
-3.3747314453125000e+02,-5.9241503906250000e+03
-3.5941943359375000e+02,-5.8874902343750000e+03
-3.8046398925781250e+02,-5.8505288085937500e+03
-4.0062628173828125e+02,-5.8132387695312500e+03
-4.1991882324218750e+02,-5.7756083984375000e+03
-4.3836346435546875e+02,-5.7375961914062500e+03
-4.5598980712890625e+02,-5.6991748046875000e+03
-4.7280718994140625e+02,-5.6602988281250000e+03
-4.8883380126953125e+02,-5.6209326171875000e+03
-5.0409063720703125e+02,-5.5810141601562500e+03
-5.1826031494140625e+02,-5.5414487304687500e+03
-5.3127008056640625e+02,-5.5026386718750000e+03
-5.4317742919921875e+02,-5.4646826171875000e+03
-5.5405401611328125e+02,-5.4275961914062500e+03
-5.6400140380859375e+02,-5.3913320312500000e+03
-5.7309515380859375e+02,-5.3558383789062500e+03
-5.8140777587890625e+02,-5.3210551757812500e+03
-5.8902362060546875e+02,-5.2869238281250000e+03
-5.9599212646484375e+02,-5.2533940429687500e+03
-6.0236590576171875e+02,-5.2204165039062500e+03
-6.0819940185546875e+02,-5.1879399414062500e+03
-6.1351080322265625e+02,-5.1559765625000000e+03
-6.1836346435546875e+02,-5.1244794921875000e+03
-6.2277667236328125e+02,-5.0934169921875000e+03
-6.2678594970703125e+02,-5.0627622070312500e+03
-6.3042742919921875e+02,-5.0324916992187500e+03
-6.3370831298828125e+02,-5.0025864257812500e+03
-6.3666900634765625e+02,-4.9730312500000000e+03
-6.3931597900390625e+02,-4.9438071289062500e+03
-6.4168084716796875e+02,-4.9149033203125000e+03
-6.4377239990234375e+02,-4.8863041992187500e+03
-6.4561798095703125e+02,-4.8579990234375000e+03
-6.4722186279296875e+02,-4.8299809570312500e+03
-6.4860382080078125e+02,-4.8022348632812500e+03
-6.4978594970703125e+02,-4.7747534179687500e+03
-6.5076019287109375e+02,-4.7475307617187500e+03
-6.5155291748046875e+02,-4.7205512695312500e+03
-6.5216925048828125e+02,-4.6938159179687500e+03
-6.5262579345703125e+02,-4.6673159179687500e+03
-6.5292608642578125e+02,-4.6410444335937500e+03
-6.5307916259765625e+02,-4.6149907226562500e+03
-6.5310260009765625e+02,-4.5891547851562500e+03
-6.5299981689453125e+02,-4.5635302734375000e+03
-6.5276568603515625e+02,-4.5381137695312500e+03
-6.5241961669921875e+02,-4.5128964843750000e+03
-6.5197039794921875e+02,-4.4878706054687500e+03
-6.5141204833984375e+02,-4.4630439453125000e+03
-6.5077117919921875e+02,-4.4384023437500000e+03
-6.5003521728515625e+02,-4.4139467773437500e+03
-6.4920684814453125e+02,-4.3896704101562500e+03
-6.4830364990234375e+02,-4.3655708007812500e+03
-6.4732879638671875e+02,-4.3416474609375000e+03
-6.4628582763671875e+02,-4.3178945312500000e+03
-6.4516973876953125e+02,-4.2943100585937500e+03
-6.4399176025390625e+02,-4.2708906250000000e+03
-6.4275506591796875e+02,-4.2476347656250000e+03
-6.4147418212890625e+02,-4.2245410156250000e+03
-6.4013250732421875e+02,-4.2015996093750000e+03
-6.3874249267578125e+02,-4.1788188476562500e+03
-6.3730474853515625e+02,-4.1561875000000000e+03
-6.3583489990234375e+02,-4.1337094726562500e+03
-6.3432012939453125e+02,-4.1113784179687500e+03
-6.3276910400390625e+02,-4.0891958007812500e+03
-6.3118096923828125e+02,-4.0671569824218750e+03
-6.2955828857421875e+02,-4.0452634277343750e+03
-6.2791204833984375e+02,-4.0235139160156250e+03
-6.2623577880859375e+02,-4.0018981933593750e+03
-6.2453253173828125e+02,-3.9804233398437500e+03
-6.2281353759765625e+02,-3.9590861816406250e+03
-6.2105865478515625e+02,-3.9378850097656250e+03
-6.1928619384765625e+02,-3.9168142089843750e+03
-6.1750006103515625e+02,-3.8958789062500000e+03
-6.1569781494140625e+02,-3.8750742187500000e+03
-6.1387078857421875e+02,-3.8543977050781250e+03
-6.1203729248046875e+02,-3.8338522949218750e+03
-6.1018829345703125e+02,-3.8134343261718750e+03
-6.0832305908203125e+02,-3.7931357421875000e+03
-6.0645477294921875e+02,-3.7729692382812500e+03
-6.0457049560546875e+02,-3.7529243164062500e+03
-6.0267974853515625e+02,-3.7330014648437500e+03
-6.0078216552734375e+02,-3.7132016601562500e+03
-5.9887384033203125e+02,-3.6935229492187500e+03
-5.9697198486328125e+02,-3.6739633789062500e+03
-5.9505487060546875e+02,-3.6545205078125000e+03
-5.9313189697265625e+02,-3.6351933593750000e+03
-5.9121185302734375e+02,-3.6159895019531250e+03
-5.8928875732421875e+02,-3.5968962402343750e+03
-5.8735919189453125e+02,-3.5779194335937500e+03
-5.8542987060546875e+02,-3.5590590820312500e+03
-5.8350299072265625e+02,-3.5403088378906250e+03
-5.8157464599609375e+02,-3.5216691894531250e+03
-5.7964361572265625e+02,-3.5031430664062500e+03
-5.7771453857421875e+02,-3.4847299804687500e+03
-5.7578924560546875e+02,-3.4664257812500000e+03
-5.7386529541015625e+02,-3.4482285156250000e+03
-5.7194403076171875e+02,-3.4301420898437500e+03
-5.7002227783203125e+02,-3.4121635742187500e+03
-5.6810809326171875e+02,-3.3942915039062500e+03
-5.6619976806640625e+02,-3.3765229492187500e+03
-5.6428240966796875e+02,-3.3588627929687500e+03
-5.6238238525390625e+02,-3.3413061523437500e+03
-5.6048370361328125e+02,-3.3238559570312500e+03
-5.5858514404296875e+02,-3.3065058593750000e+03
-5.5669378662109375e+02,-3.2892587890625000e+03
-5.5481439208984375e+02,-3.2721135253906250e+03
-5.5293438720703125e+02,-3.2550712890625000e+03
-5.5105804443359375e+02,-3.2381313476562500e+03
-5.4918780517578125e+02,-3.2212885742187500e+03
-5.4732965087890625e+02,-3.2045449218750000e+03
-5.4547698974609375e+02,-3.1878994140625000e+03
-5.4362591552734375e+02,-3.1713530273437500e+03
-5.4178631591796875e+02,-3.1549042968750000e+03
-5.3994744873046875e+02,-3.1385546875000000e+03
-5.3811859130859375e+02,-3.1222998046875000e+03
-5.3630328369140625e+02,-3.1061381835937500e+03
-5.3448492431640625e+02,-3.0900717773437500e+03
-5.3267755126953125e+02,-3.0741005859375000e+03
-5.3087872314453125e+02,-3.0582241210937500e+03
-5.2907904052734375e+02,-3.0424394531250000e+03
-5.2729949951171875e+02,-3.0267480468750000e+03
-5.2552520751953125e+02,-3.0111489257812500e+03
-5.2375665283203125e+02,-2.9956406250000000e+03
-5.2199017333984375e+02,-2.9802221679687500e+03
-5.2023480224609375e+02,-2.9648945312500000e+03
-5.1848651123046875e+02,-2.9496582031250000e+03
-5.1674835205078125e+02,-2.9345068359375000e+03
-5.1501812744140625e+02,-2.9194467773437500e+03
-5.1329364013671875e+02,-2.9044746093750000e+03
-5.1157476806640625e+02,-2.8895915527343750e+03
-5.0987518310546875e+02,-2.8747897949218750e+03
-5.0816339111328125e+02,-2.8600783691406250e+03
-5.0647882080078125e+02,-2.8454516601562500e+03
-5.0479376220703125e+02,-2.8309116210937500e+03
-5.0311383056640625e+02,-2.8164536132812500e+03
-5.0144451904296875e+02,-2.8020776367187500e+03
-4.9978497314453125e+02,-2.7877900390625000e+03
-4.9813189697265625e+02,-2.7735812988281250e+03
-4.9649334716796875e+02,-2.7594565429687500e+03
-4.9485223388671875e+02,-2.7454150390625000e+03
-4.9322308349609375e+02,-2.7314511718750000e+03
-4.9159918212890625e+02,-2.7175705566406250e+03
-4.8998358154296875e+02,-2.7037687988281250e+03
-4.8836639404296875e+02,-2.6900471191406250e+03
-4.8677923583984375e+02,-2.6764033203125000e+03
-4.8518536376953125e+02,-2.6628427734375000e+03
-4.8360235595703125e+02,-2.6493544921875000e+03
-4.8202606201171875e+02,-2.6359453125000000e+03
-4.8045208740234375e+02,-2.6226132812500000e+03
-4.7889190673828125e+02,-2.6093571777343750e+03
-4.7733538818359375e+02,-2.5961801757812500e+03
-4.7579132080078125e+02,-2.5830754394531250e+03
-4.7424456787109375e+02,-2.5700490722656250e+03
-4.7271917724609375e+02,-2.5570905761718750e+03
-4.7119232177734375e+02,-2.5442116699218750e+03
-4.6967730712890625e+02,-2.5314040527343750e+03
-4.6816082763671875e+02,-2.5186682128906250e+03
-4.6665936279296875e+02,-2.5060068359375000e+03
-4.6515826416015625e+02,-2.4934162597656250e+03
-4.6367388916015625e+02,-2.4808947753906250e+03
-4.6217974853515625e+02,-2.4684482421875000e+03
-4.6070782470703125e+02,-2.4560698242187500e+03
-4.5923577880859375e+02,-2.4437614746093750e+03
-4.5777227783203125e+02,-2.4315236816406250e+03
-4.5631793212890625e+02,-2.4193554687500000e+03
-4.5486663818359375e+02,-2.4072541503906250e+03
-4.5342449951171875e+02,-2.3952224121093750e+03
-4.5199078369140625e+02,-2.3832558593750000e+03
-4.5055621337890625e+02,-2.3713591308593750e+03
-4.4913629150390625e+02,-2.3595263671875000e+03
-4.4771734619140625e+02,-2.3477636718750000e+03
-4.4630657958984375e+02,-2.3360629882812500e+03
-4.4490472412109375e+02,-2.3244282226562500e+03
-4.4350762939453125e+02,-2.3128598632812500e+03
-4.4211090087890625e+02,-2.3013554687500000e+03
-4.4073028564453125e+02,-2.2899118652343750e+03
-4.3934027099609375e+02,-2.2785358886718750e+03
-4.3797271728515625e+02,-2.2672197265625000e+03
-4.3660565185546875e+02,-2.2559672851562500e+03
-4.3524224853515625e+02,-2.2447775878906250e+03
-4.3388970947265625e+02,-2.2336499023437500e+03
-4.3253717041015625e+02,-2.2225815429687500e+03
-4.3119586181640625e+02,-2.2115756835937500e+03
-4.2985223388671875e+02,-2.2006296386718750e+03
-4.2851788330078125e+02,-2.1897446289062500e+03
-4.2718719482421875e+02,-2.1789182128906250e+03
-4.2586883544921875e+02,-2.1681494140625000e+03
-4.2454998779296875e+02,-2.1574426269531250e+03
-4.2324316406250000e+02,-2.1467927246093750e+03
-4.2193518066406250e+02,-2.1362028808593750e+03
-4.2064178466796875e+02,-2.1256638183593750e+03
-4.1934643554687500e+02,-2.1151877441406250e+03
-4.1804742431640625e+02,-2.1047668457031250e+03
-4.1676959228515625e+02,-2.0944016113281250e+03
-4.1548706054687500e+02,-2.0840957031250000e+03
-4.1421667480468750e+02,-2.0738425292968750e+03
-4.1294561767578125e+02,-2.0636425781250000e+03
-4.1167816162109375e+02,-2.0535034179687500e+03
-4.1043420410156250e+02,-2.0434130859375000e+03
-4.0917755126953125e+02,-2.0333784179687500e+03
-4.0792254638671875e+02,-2.0233981933593750e+03
-4.0668072509765625e+02,-2.0134709472656250e+03
-4.0544030761718750e+02,-2.0035961914062500e+03
-4.0421075439453125e+02,-1.9937744140625000e+03
-4.0298132324218750e+02,-1.9840031738281250e+03
-4.0175494384765625e+02,-1.9742861328125000e+03
-4.0053533935546875e+02,-1.9646198730468750e+03
-3.9931921386718750e+02,-1.9550034179687500e+03
-3.9810852050781250e+02,-1.9454401855468750e+03
-3.9690435791015625e+02,-1.9359262695312500e+03
-3.9569970703125000e+02,-1.9264599609375000e+03
-3.9450769042968750e+02,-1.9170444335937500e+03
-3.9331085205078125e+02,-1.9076809082031250e+03
-3.9213122558593750e+02,-1.8983630371093750e+03
-3.9093853759765625e+02,-1.8890979003906250e+03
-3.8976470947265625e+02,-1.8798781738281250e+03
-3.8859222412109375e+02,-1.8707075195312500e+03
-3.8742199707031250e+02,-1.8615827636718750e+03
-3.8625695800781250e+02,-1.8525090332031250e+03
-3.8508752441406250e+02,-1.8434758300781250e+03
-3.8393029785156250e+02,-1.8344953613281250e+03
-3.8277972412109375e+02,-1.8255607910156250e+03
-3.8163372802734375e+02,-1.8166708984375000e+03
-3.8048687744140625e+02,-1.8078283691406250e+03
-3.7934197998046875e+02,-1.7990285644531250e+03
-3.7820385742187500e+02,-1.7902746582031250e+03
-3.7707678222656250e+02,-1.7815686035156250e+03
-3.7594952392578125e+02,-1.7729018554687500e+03
-3.7481750488281250e+02,-1.7642844238281250e+03
-3.7370031738281250e+02,-1.7557084960937500e+03
-3.7258135986328125e+02,-1.7471779785156250e+03
-3.7147070312500000e+02,-1.7386882324218750e+03
-3.7036077880859375e+02,-1.7302443847656250e+03
-3.6924908447265625e+02,-1.7218408203125000e+03
-3.6814990234375000e+02,-1.7134824218750000e+03
-3.6705346679687500e+02,-1.7051623535156250e+03
-3.6595880126953125e+02,-1.6968886718750000e+03
-3.6486486816406250e+02,-1.6886542968750000e+03
-3.6377722167968750e+02,-1.6804621582031250e+03
-3.6269830322265625e+02,-1.6723122558593750e+03
-3.6161523437500000e+02,-1.6641999511718750e+03
-3.6053839111328125e+02,-1.6561291503906250e+03
-3.5946777343750000e+02,-1.6481003417968750e+03
-3.5839398193359375e+02,-1.6401091308593750e+03
-3.5732971191406250e+02,-1.6321601562500000e+03
-3.5627416992187500e+02,-1.6242512207031250e+03
-3.5520666503906250e+02,-1.6163791503906250e+03
-3.5415325927734375e+02,-1.6085454101562500e+03
-3.5309979248046875e+02,-1.6007546386718750e+03
-3.5204888916015625e+02,-1.5930004882812500e+03
-3.5100164794921875e+02,-1.5852858886718750e+03
-3.4996026611328125e+02,-1.5776057128906250e+03
-3.4892547607421875e+02,-1.5699667968750000e+03
-3.4788922119140625e+02,-1.5623632812500000e+03
-3.4686004638671875e+02,-1.5547980957031250e+03
-3.4582946777343750e+02,-1.5472700195312500e+03
-3.4480316162109375e+02,-1.5397790527343750e+03
-3.4378552246093750e+02,-1.5323203125000000e+03
-3.4276892089843750e+02,-1.5249038085937500e+03
-3.4174816894531250e+02,-1.5175224609375000e+03
-3.4073516845703125e+02,-1.5101779785156250e+03
-3.3973010253906250e+02,-1.5028652343750000e+03
-3.3871862792968750e+02,-1.4955903320312500e+03
-3.3771307373046875e+02,-1.4883503417968750e+03
-3.3671368408203125e+02,-1.4811467285156250e+03
-3.3571777343750000e+02,-1.4739746093750000e+03
-3.3472210693359375e+02,-1.4668393554687500e+03
-3.3372784423828125e+02,-1.4597402343750000e+03
-3.3274554443359375e+02,-1.4526726074218750e+03
-3.3176068115234375e+02,-1.4456396484375000e+03
-3.3077630615234375e+02,-1.4386396484375000e+03
-3.2978936767578125e+02,-1.4316762695312500e+03
-3.2882214355468750e+02,-1.4247451171875000e+03
-3.2784808349609375e+02,-1.4178439941406250e+03
-3.2687634277343750e+02,-1.4109772949218750e+03
-3.2590386962890625e+02,-1.4041437988281250e+03
-3.2493927001953125e+02,-1.3973447265625000e+03
-3.2398028564453125e+02,-1.3905761718750000e+03
-3.2301879882812500e+02,-1.3838388671875000e+03
-3.2207128906250000e+02,-1.3771340332031250e+03
-3.2111090087890625e+02,-1.3704621582031250e+03
-3.2016229248046875e+02,-1.3638212890625000e+03
-3.1921533203125000e+02,-1.3572109375000000e+03
-3.1826330566406250e+02,-1.3506345214843750e+03
-3.1732824707031250e+02,-1.3440864257812500e+03
-3.1637969970703125e+02,-1.3375712890625000e+03
-3.1544891357421875e+02,-1.3310847167968750e+03
-3.1451336669921875e+02,-1.3246286621093750e+03
-3.1357781982421875e+02,-1.3182060546875000e+03
-3.1265374755859375e+02,-1.3118105468750000e+03
-3.1172644042968750e+02,-1.3054462890625000e+03
-3.1080297851562500e+02,-1.2991113281250000e+03
-3.0988305664062500e+02,-1.2928049316406250e+03
-3.0896472167968750e+02,-1.2865290527343750e+03
-3.0804937744140625e+02,-1.2802819824218750e+03
-3.0713146972656250e+02,-1.2740651855468750e+03
-3.0622155761718750e+02,-1.2678771972656250e+03
-3.0531195068359375e+02,-1.2617170410156250e+03
-3.0440869140625000e+02,-1.2555844726562500e+03
-3.0350427246093750e+02,-1.2494824218750000e+03
-3.0261145019531250e+02,-1.2434064941406250e+03
-3.0170556640625000e+02,-1.2373630371093750e+03
-3.0080737304687500e+02,-1.2313442382812500e+03
-2.9991235351562500e+02,-1.2253532714843750e+03
-2.9903076171875000e+02,-1.2193918457031250e+03
-2.9813848876953125e+02,-1.2134570312500000e+03
-2.9725701904296875e+02,-1.2075466308593750e+03
-2.9636926269531250e+02,-1.2016667480468750e+03
-2.9548876953125000e+02,-1.1958139648437500e+03
-2.9460736083984375e+02,-1.1899868164062500e+03
-2.9373675537109375e+02,-1.1841875000000000e+03
-2.9286413574218750e+02,-1.1784133300781250e+03
-2.9198834228515625e+02,-1.1726662597656250e+03
-2.9111926269531250e+02,-1.1669450683593750e+03
-2.9025610351562500e+02,-1.1612517089843750e+03
-2.8938867187500000e+02,-1.1555812988281250e+03
-2.8852850341796875e+02,-1.1499389648437500e+03
-2.8766888427734375e+02,-1.1443242187500000e+03
-2.8680401611328125e+02,-1.1387309570312500e+03
-2.8595263671875000e+02,-1.1331672363281250e+03
-2.8510015869140625e+02,-1.1276267089843750e+03
-2.8424688720703125e+02,-1.1221118164062500e+03
-2.8340014648437500e+02,-1.1166228027343750e+03
-2.8255712890625000e+02,-1.1111567382812500e+03
-2.8171514892578125e+02,-1.1057175292968750e+03
-2.8086791992187500e+02,-1.1003010253906250e+03
-2.8002954101562500e+02,-1.0949089355468750e+03
-2.7919281005859375e+02,-1.0895441894531250e+03
-2.7836071777343750e+02,-1.0842014160156250e+03
-2.7752600097656250e+02,-1.0788847656250000e+03
-2.7668975830078125e+02,-1.0735895996093750e+03
-2.7586340332031250e+02,-1.0683190917968750e+03
-2.7503900146484375e+02,-1.0630739746093750e+03
-2.7421264648437500e+02,-1.0578518066406250e+03
-2.7339245605468750e+02,-1.0526513671875000e+03
-2.7256768798828125e+02,-1.0474770507812500e+03
-2.7175384521484375e+02,-1.0423249511718750e+03
-2.7093878173828125e+02,-1.0371953125000000e+03
-2.7012078857421875e+02,-1.0320891113281250e+03
-2.6930786132812500e+02,-1.0270070800781250e+03
-2.6849761962890625e+02,-1.0219470214843750e+03
-2.6768841552734375e+02,-1.0169089355468750e+03
-2.6688586425781250e+02,-1.0118947753906250e+03
-2.6608239746093750e+02,-1.0069038085937500e+03
-2.6527978515625000e+02,-1.0019326171875000e+03
-2.6448040771484375e+02,-9.9698681640625000e+02
-2.6368365478515625e+02,-9.9206127929687500e+02
-2.6289013671875000e+02,-9.8715625000000000e+02
-2.6209234619140625e+02,-9.8227661132812500e+02
-2.6130236816406250e+02,-9.7741723632812500e+02
-2.6051336669921875e+02,-9.7258032226562500e+02
-2.5972283935546875e+02,-9.6776416015625000e+02
-2.5893701171875000e+02,-9.6296972656250000e+02
-2.5815270996093750e+02,-9.5819677734375000e+02
-2.5736676025390625e+02,-9.5344531250000000e+02
-2.5658520507812500e+02,-9.4871582031250000e+02
-2.5581079101562500e+02,-9.4400561523437500e+02
-2.5503533935546875e+02,-9.3931738281250000e+02
-2.5425677490234375e+02,-9.3465087890625000e+02
-2.5348803710937500e+02,-9.3000317382812500e+02
-2.5271105957031250e+02,-9.2537939453125000e+02
-2.5194287109375000e+02,-9.2077294921875000e+02
-2.5117462158203125e+02,-9.1619042968750000e+02
-2.5040960693359375e+02,-9.1162622070312500e+02
-2.4964721679687500e+02,-9.0708203125000000e+02
-2.4888415527343750e+02,-9.0255981445312500e+02
-2.4812335205078125e+02,-8.9805566406250000e+02
-2.4737121582031250e+02,-8.9357373046875000e+02
-2.4660784912109375e+02,-8.8911010742187500e+02
-2.4585308837890625e+02,-8.8466699218750000e+02
-2.4510107421875000e+02,-8.8024340820312500e+02
-2.4434960937500000e+02,-8.7583886718750000e+02
-2.4359698486328125e+02,-8.7145776367187500e+02
-2.4285113525390625e+02,-8.6709375000000000e+02
-2.4210534667968750e+02,-8.6274707031250000e+02
-2.4135900878906250e+02,-8.5842138671875000e+02
-2.4062091064453125e+02,-8.5411474609375000e+02
-2.3987561035156250e+02,-8.4982958984375000e+02
-2.3913916015625000e+02,-8.4555957031250000e+02
-2.3839605712890625e+02,-8.4131201171875000e+02
-2.3766253662109375e+02,-8.3708105468750000e+02
-2.3693249511718750e+02,-8.3287011718750000e+02
-2.3619024658203125e+02,-8.2867724609375000e+02
-2.3546478271484375e+02,-8.2450244140625000e+02
-2.3473547363281250e+02,-8.2034716796875000e+02
-2.3400482177734375e+02,-8.1621044921875000e+02
-2.3327514648437500e+02,-8.1209179687500000e+02
-2.3254797363281250e+02,-8.0799316406250000e+02
-2.3183337402343750e+02,-8.0391455078125000e+02
-2.3110516357421875e+02,-7.9985351562500000e+02
-2.3038586425781250e+02,-7.9581152343750000e+02
-2.2967083740234375e+02,-7.9178759765625000e+02
-2.2895245361328125e+02,-7.8778076171875000e+02
-2.2823638916015625e+02,-7.8379248046875000e+02
-2.2752124023437500e+02,-7.7982177734375000e+02
-2.2680609130859375e+02,-7.7586962890625000e+02
-2.2609606933593750e+02,-7.7193505859375000e+02
-2.2538775634765625e+02,-7.6801708984375000e+02
-2.2467889404296875e+02,-7.6411669921875000e+02
-2.2397564697265625e+02,-7.6023291015625000e+02
-2.2326580810546875e+02,-7.5636914062500000e+02
-2.2256195068359375e+02,-7.5252148437500000e+02
-2.2186450195312500e+02,-7.4869091796875000e+02
-2.2116339111328125e+02,-7.4487744140625000e+02
-2.2046282958984375e+02,-7.4107958984375000e+02
-2.1976330566406250e+02,-7.3730126953125000e+02
-2.1906530761718750e+02,-7.3353759765625000e+02
-2.1837042236328125e+02,-7.2979296875000000e+02
-2.1767974853515625e+02,-7.2606396484375000e+02
-2.1698596191406250e+02,-7.2235156250000000e+02
-2.1629205322265625e+02,-7.1865625000000000e+02
-2.1559667968750000e+02,-7.1497509765625000e+02
-2.1491119384765625e+02,-7.1130957031250000e+02
-2.1422308349609375e+02,-7.0766210937500000e+02
-2.1353448486328125e+02,-7.0402832031250000e+02
-2.1284893798828125e+02,-7.0041210937500000e+02
-2.1215924072265625e+02,-6.9681250000000000e+02
-2.1147998046875000e+02,-6.9322802734375000e+02
-2.1080126953125000e+02,-6.8965966796875000e+02
-2.1011944580078125e+02,-6.8610742187500000e+02
-2.0943493652343750e+02,-6.8257177734375000e+02
-2.0875408935546875e+02,-6.7905175781250000e+02
-2.0807843017578125e+02,-6.7554736328125000e+02
-2.0740545654296875e+02,-6.7205859375000000e+02
-2.0672662353515625e+02,-6.6858691406250000e+02
-2.0605676269531250e+02,-6.6513037109375000e+02
-2.0538269042968750e+02,-6.6168750000000000e+02
-2.0470971679687500e+02,-6.5826220703125000e+02
-2.0403399658203125e+02,-6.5485302734375000e+02
-2.0336926269531250e+02,-6.5145703125000000e+02
-2.0270037841796875e+02,-6.4807714843750000e+02
-2.0203405761718750e+02,-6.4471386718750000e+02
-2.0136419677734375e+02,-6.4136376953125000e+02
-2.0070056152343750e+02,-6.3803076171875000e+02
-2.0003900146484375e+02,-6.3471093750000000e+02
-1.9937005615234375e+02,-6.3140869140625000e+02
-1.9870959472656250e+02,-6.2811962890625000e+02
-1.9804064941406250e+02,-6.2484521484375000e+02
-1.9738006591796875e+02,-6.2158642578125000e+02
-1.9672631835937500e+02,-6.1834130859375000e+02
-1.9606622314453125e+02,-6.1511181640625000e+02
-1.9540875244140625e+02,-6.1189746093750000e+02
-1.9475555419921875e+02,-6.0869775390625000e+02
-1.9409912109375000e+02,-6.0551074218750000e+02
-1.9344476318359375e+02,-6.0233935546875000e+02
-1.9278479003906250e+02,-5.9918408203125000e+02
-1.9213464355468750e+02,-5.9604150390625000e+02
-1.9148596191406250e+02,-5.9291308593750000e+02
-1.9083221435546875e+02,-5.8979931640625000e+02
-1.9017840576171875e+02,-5.8670068359375000e+02
-1.8953082275390625e+02,-5.8361474609375000e+02
-1.8887750244140625e+02,-5.8054394531250000e+02
-1.8823205566406250e+02,-5.7748681640625000e+02
-1.8758081054687500e+02,-5.7444384765625000e+02
-1.8693420410156250e+02,-5.7141406250000000e+02
-1.8629345703125000e+02,-5.6839990234375000e+02
-1.8564697265625000e+02,-5.6539648437500000e+02
-1.8499841308593750e+02,-5.6240869140625000e+02
-1.8435803222656250e+02,-5.5943457031250000e+02
-1.8371209716796875e+02,-5.5647509765625000e+02
-1.8307019042968750e+02,-5.5352832031250000e+02
-1.8243048095703125e+02,-5.5059472656250000e+02
-1.8178906250000000e+02,-5.4767529296875000e+02
-1.8114941406250000e+02,-5.4476904296875000e+02
-1.8050170898437500e+02,-5.4187695312500000e+02
-1.7987030029296875e+02,-5.3899707031250000e+02
-1.7922943115234375e+02,-5.3613037109375000e+02
-1.7859027099609375e+02,-5.3327734375000000e+02
-1.7794885253906250e+02,-5.3043750000000000e+02
-1.7731427001953125e+02,-5.2761083984375000e+02
-1.7667761230468750e+02,-5.2479736328125000e+02
-1.7604455566406250e+02,-5.2199560546875000e+02
-1.7540435791015625e+02,-5.1920849609375000e+02
-1.7476916503906250e+02,-5.1643261718750000e+02
-1.7413299560546875e+02,-5.1367187500000000e+02
-1.7350164794921875e+02,-5.1092236328125000e+02
-1.7287213134765625e+02,-5.0818505859375000e+02
-1.7223760986328125e+02,-5.0546142578125000e+02
-1.7160345458984375e+02,-5.0275097656250000e+02
-1.7096948242187500e+02,-5.0005126953125000e+02
-1.7034320068359375e+02,-4.9736572265625000e+02
-1.6970709228515625e+02,-4.9469140625000000e+02
-1.6907653808593750e+02,-4.9203027343750000e+02
-1.6844451904296875e+02,-4.8938134765625000e+02
-1.6781835937500000e+02,-4.8674414062500000e+02
-1.6718414306640625e+02,-4.8411914062500000e+02
-1.6655627441406250e+02,-4.8150830078125000e+02
-1.6592388916015625e+02,-4.7890771484375000e+02
-1.6529602050781250e+02,-4.7631933593750000e+02
-1.6467181396484375e+02,-4.7374316406250000e+02
-1.6404504394531250e+02,-4.7117968750000000e+02
-1.6340942382812500e+02,-4.6862646484375000e+02
-1.6278454589843750e+02,-4.6608593750000000e+02
-1.6215258789062500e+02,-4.6355810546875000e+02
-1.6152789306640625e+02,-4.6104199218750000e+02
-1.6090362548828125e+02,-4.5853564453125000e+02
-1.6027679443359375e+02,-4.5604199218750000e+02
-1.5964483642578125e+02,-4.5356103515625000e+02
-1.5902008056640625e+02,-4.5108984375000000e+02
-1.5839892578125000e+02,-4.4863085937500000e+02
-1.5776849365234375e+02,-4.4618359375000000e+02
-1.5714581298828125e+02,-4.4374755859375000e+02
-1.5651641845703125e+02,-4.4132275390625000e+02
-1.5589166259765625e+02,-4.3890966796875000e+02
-1.5526843261718750e+02,-4.3650683593750000e+02
-1.5464318847656250e+02,-4.3411474609375000e+02
-1.5401379394531250e+02,-4.3173486328125000e+02
-1.5338549804687500e+02,-4.2936572265625000e+02
-1.5277056884765625e+02,-4.2700781250000000e+02
-1.5213897705078125e+02,-4.2466015625000000e+02
-1.5151318359375000e+02,-4.2232324218750000e+02
-1.5089312744140625e+02,-4.1999853515625000e+02
-1.5026684570312500e+02,-4.1768359375000000e+02
-1.4963995361328125e+02,-4.1537841796875000e+02
-1.4901934814453125e+02,-4.1308544921875000e+02
-1.4839306640625000e+02,-4.1080126953125000e+02
-1.4776416015625000e+02,-4.0852978515625000e+02
-1.4713873291015625e+02,-4.0626660156250000e+02
-1.4651977539062500e+02,-4.0401562500000000e+02
-1.4589392089843750e+02,-4.0177294921875000e+02
-1.4526806640625000e+02,-3.9954248046875000e+02
-1.4464233398437500e+02,-3.9732128906250000e+02
-1.4402008056640625e+02,-3.9511083984375000e+02
-1.4338964843750000e+02,-3.9290966796875000e+02
-1.4277111816406250e+02,-3.9071923828125000e+02
-1.4214166259765625e+02,-3.8853759765625000e+02
-1.4152307128906250e+02,-3.8636669921875000e+02
-1.4089093017578125e+02,-3.8420507812500000e+02
-1.4026776123046875e+02,-3.8205322265625000e+02
-1.3964349365234375e+02,-3.7991210937500000e+02
-1.3902337646484375e+02,-3.7778027343750000e+02
-1.3839282226562500e+02,-3.7565771484375000e+02
-1.3776757812500000e+02,-3.7354443359375000e+02
-1.3714483642578125e+02,-3.7144189453125000e+02
-1.3651110839843750e+02,-3.6934716796875000e+02
-1.3588940429687500e+02,-3.6726269531250000e+02
-1.3526312255859375e+02,-3.6518701171875000e+02
-1.3463830566406250e+02,-3.6311962890625000e+02
-1.3400976562500000e+02,-3.6106347656250000e+02
-1.3338604736328125e+02,-3.5901464843750000e+02
-1.3275659179687500e+02,-3.5697509765625000e+02
-1.3212860107421875e+02,-3.5494531250000000e+02
-1.3150024414062500e+02,-3.5292382812500000e+02
-1.3088372802734375e+02,-3.5091113281250000e+02
-1.3025213623046875e+02,-3.4890625000000000e+02
-1.2962457275390625e+02,-3.4691259765625000e+02
-1.2900085449218750e+02,-3.4492529296875000e+02
-1.2837231445312500e+02,-3.4294677734375000e+02
-1.2774493408203125e+02,-3.4097753906250000e+02
-1.2711798095703125e+02,-3.3901611328125000e+02
-1.2648803710937500e+02,-3.3706396484375000e+02
-1.2585577392578125e+02,-3.3511816406250000e+02
-1.2522894287109375e+02,-3.3318164062500000e+02
-1.2460931396484375e+02,-3.3125341796875000e+02
-1.2398138427734375e+02,-3.2933251953125000e+02
-1.2334710693359375e+02,-3.2742041015625000e+02
-1.2271807861328125e+02,-3.2551562500000000e+02
-1.2209069824218750e+02,-3.2361914062500000e+02
-1.2146057128906250e+02,-3.2172949218750000e+02
-1.2083416748046875e+02,-3.1984814453125000e+02
-1.2020086669921875e+02,-3.1797460937500000e+02
-1.1957922363281250e+02,-3.1610791015625000e+02
-1.1894494628906250e+02,-3.1424951171875000e+02
-1.1831591796875000e+02,-3.1239843750000000e+02
-1.1769268798828125e+02,-3.1055468750000000e+02
-1.1705633544921875e+02,-3.0871728515625000e+02
-1.1643139648437500e+02,-3.0688769531250000e+02
-1.1580194091796875e+02,-3.0506591796875000e+02
-1.1517395019531250e+02,-3.0325000000000000e+02
-1.1454278564453125e+02,-3.0144042968750000e+02
-1.1391888427734375e+02,-2.9963964843750000e+02
-1.1328680419921875e+02,-2.9784472656250000e+02
-1.1265515136718750e+02,-2.9605615234375000e+02
-1.1203021240234375e+02,-2.9427441406250000e+02
-1.1139910888671875e+02,-2.9249902343750000e+02
-1.1076959228515625e+02,-2.9073046875000000e+02
-1.1013952636718750e+02,-2.8896826171875000e+02
-1.0951251220703125e+02,-2.8721240234375000e+02
-1.0887878417968750e+02,-2.8546240234375000e+02
-1.0825592041015625e+02,-2.8371923828125000e+02
-1.0762634277343750e+02,-2.8198095703125000e+02
-1.0699475097656250e+02,-2.8024951171875000e+02
-1.0636309814453125e+02,-2.7852441406250000e+02
-1.0573498535156250e+02,-2.7680517578125000e+02
-1.0511596679687500e+02,-2.7509033203125000e+02
-1.0448791503906250e+02,-2.7338232421875000e+02
-1.0385101318359375e+02,-2.7167968750000000e+02
-1.0322717285156250e+02,-2.6998242187500000e+02
-1.0260375976562500e+02,-2.6829101562500000e+02
-1.0197424316406250e+02,-2.6660449218750000e+02
-1.0134667968750000e+02,-2.6492285156250000e+02
-1.0071710205078125e+02,-2.6324755859375000e+02
-1.0009582519531250e+02,-2.6157714843750000e+02
-9.9467773437500000e+01,-2.5991113281250000e+02
-9.8840270996093750e+01,-2.5825048828125000e+02
-9.8214294433593750e+01,-2.5659521484375000e+02
-9.7593994140625000e+01,-2.5494433593750000e+02
-9.6965515136718750e+01,-2.5329785156250000e+02
-9.6341674804687500e+01,-2.5165673828125000e+02
-9.5712524414062500e+01,-2.5002001953125000e+02
-9.5096496582031250e+01,-2.4838916015625000e+02
-9.4475158691406250e+01,-2.4676123046875000e+02
-9.3848144531250000e+01,-2.4513720703125000e+02
-9.3223205566406250e+01,-2.4351757812500000e+02
-9.2606201171875000e+01,-2.4190185546875000e+02
-9.1981201171875000e+01,-2.4029003906250000e+02
-9.1365173339843750e+01,-2.3868164062500000e+02
-9.0739624023437500e+01,-2.3707861328125000e+02
-9.0124145507812500e+01,-2.3547753906250000e+02
-8.9505371093750000e+01,-2.3388232421875000e+02
-8.8889892578125000e+01,-2.3229003906250000e+02
-8.8274291992187500e+01,-2.3070068359375000e+02
-8.7651428222656250e+01,-2.2911523437500000e+02
-8.7039001464843750e+01,-2.2753320312500000e+02
-8.6416625976562500e+01,-2.2595556640625000e+02
-8.5808898925781250e+01,-2.2437988281250000e+02
-8.5198059082031250e+01,-2.2280908203125000e+02
-8.4577270507812500e+01,-2.2124072265625000e+02
-8.3971130371093750e+01,-2.1967675781250000e+02
-8.3354492187500000e+01,-2.1811425781250000e+02
-8.2748779296875000e+01,-2.1655712890625000e+02
-8.2139465332031250e+01,-2.1500244140625000e+02
-8.1523864746093750e+01,-2.1345117187500000e+02
-8.0923400878906250e+01,-2.1190283203125000e+02
-8.0318176269531250e+01,-2.1035693359375000e+02
-7.9713623046875000e+01,-2.0881298828125000e+02
-7.9107360839843750e+01,-2.0727392578125000e+02
-7.8504821777343750e+01,-2.0573730468750000e+02
-7.7902770996093750e+01,-2.0420263671875000e+02
-7.7302307128906250e+01,-2.0267041015625000e+02
-7.6704406738281250e+01,-2.0114111328125000e+02
-7.6106018066406250e+01,-1.9961425781250000e+02
-7.5509765625000000e+01,-1.9808984375000000e+02
-7.4911926269531250e+01,-1.9656835937500000e+02
-7.4319702148437500e+01,-1.9504833984375000e+02
-7.3722961425781250e+01,-1.9353173828125000e+02
-7.3134948730468750e+01,-1.9201708984375000e+02
-7.2545837402343750e+01,-1.9050488281250000e+02
-7.1952758789062500e+01,-1.8899560546875000e+02
-7.1367797851562500e+01,-1.8748681640625000e+02
-7.0781982421875000e+01,-1.8598095703125000e+02
-7.0190246582031250e+01,-1.8447753906250000e+02
-6.9616455078125000e+01,-1.8297705078125000e+02
-6.9024291992187500e+01,-1.8147753906250000e+02
-6.8449340820312500e+01,-1.7998046875000000e+02
-6.7870117187500000e+01,-1.7848632812500000e+02
-6.7294677734375000e+01,-1.7699267578125000e+02
-6.6716613769531250e+01,-1.7550195312500000e+02
-6.6142089843750000e+01,-1.7401416015625000e+02
-6.5569274902343750e+01,-1.7252783203125000e+02
-6.4997863769531250e+01,-1.7104345703125000e+02
-6.4427185058593750e+01,-1.6956054687500000e+02
-6.3862609863281250e+01,-1.6808154296875000e+02
-6.3293273925781250e+01,-1.6660302734375000e+02
-6.2737121582031250e+01,-1.6512695312500000e+02
-6.2166442871093750e+01,-1.6365332031250000e+02
-6.1605468750000000e+01,-1.6218164062500000e+02
-6.1044616699218750e+01,-1.6071240234375000e+02
-6.0485778808593750e+01,-1.5924414062500000e+02
-5.9935852050781250e+01,-1.5777929687500000e+02
-5.9375427246093750e+01,-1.5631640625000000e+02
-5.8827514648437500e+01,-1.5485546875000000e+02
-5.8279724121093750e+01,-1.5339794921875000e+02
-5.7728210449218750e+01,-1.5194140625000000e+02
-5.7183349609375000e+01,-1.5048828125000000e+02
-5.6638671875000000e+01,-1.4903662109375000e+02
-5.6094360351562500e+01,-1.4758837890625000e+02
-5.5553283691406250e+01,-1.4614208984375000e+02
-5.5015380859375000e+01,-1.4469873046875000e+02
-5.4479492187500000e+01,-1.4325830078125000e+02
-5.3940917968750000e+01,-1.4181982421875000e+02
-5.3411254882812500e+01,-1.4038330078125000e+02
-5.2884277343750000e+01,-1.3895117187500000e+02
-5.2346801757812500e+01,-1.3752197265625000e+02
-5.1827026367187500e+01,-1.3609521484375000e+02
-5.1301086425781250e+01,-1.3467138671875000e+02
-5.0769897460937500e+01,-1.3325146484375000e+02
-5.0252685546875000e+01,-1.3183349609375000e+02
-4.9728210449218750e+01,-1.3042041015625000e+02
-4.9213195800781250e+01,-1.2900878906250000e+02
-4.8694519042968750e+01,-1.2760253906250000e+02
-4.8178405761718750e+01,-1.2619970703125000e+02
-4.7670654296875000e+01,-1.2480029296875000e+02
-4.7159729003906250e+01,-1.2340429687500000e+02
-4.6655090332031250e+01,-1.2201269531250000e+02
-4.6145874023437500e+01,-1.2062500000000000e+02
-4.5646850585937500e+01,-1.1924072265625000e+02
-4.5142272949218750e+01,-1.1786132812500000e+02
-4.4642395019531250e+01,-1.1648681640625000e+02
-4.4141418457031250e+01,-1.1511523437500000e+02
-4.3650329589843750e+01,-1.1374951171875000e+02
-4.3158081054687500e+01,-1.1238867187500000e+02
-4.2660278320312500e+01,-1.1103271484375000e+02
-4.2168579101562500e+01,-1.0968212890625000e+02
-4.1679687500000000e+01,-1.0833544921875000e+02
-4.1199523925781250e+01,-1.0699414062500000e+02
-4.0709411621093750e+01,-1.0565917968750000e+02
-4.0231872558593750e+01,-1.0432958984375000e+02
-3.9753356933593750e+01,-1.0300537109375000e+02
-3.9269531250000000e+01,-1.0168798828125000e+02
-3.8798278808593750e+01,-1.0037500000000000e+02
-3.8321166992187500e+01,-9.9069335937500000e+01
-3.7848388671875000e+01,-9.7769042968750000e+01
-3.7377624511718750e+01,-9.6475585937500000e+01
-3.6905273437500000e+01,-9.5188964843750000e+01
-3.6439697265625000e+01,-9.3909179687500000e+01
-3.5966918945312500e+01,-9.2636718750000000e+01
-3.5508056640625000e+01,-9.1369628906250000e+01
-3.5045715332031250e+01,-9.0110839843750000e+01
-3.4586425781250000e+01,-8.8859375000000000e+01
-3.4127075195312500e+01,-8.7614746093750000e+01
-3.3673950195312500e+01,-8.6377929687500000e+01
-3.3215698242187500e+01,-8.5149414062500000e+01
-3.2762145996093750e+01,-8.3929199218750000e+01
-3.2311218261718750e+01,-8.2716308593750000e+01
-3.1864990234375000e+01,-8.1511718750000000e+01
-3.1414978027343750e+01,-8.0315429687500000e+01
-3.0967712402343750e+01,-7.9126464843750000e+01
-3.0529235839843750e+01,-7.7948242187500000e+01
-3.0081420898437500e+01,-7.6778320312500000e+01
-2.9644470214843750e+01,-7.5616210937500000e+01
-2.9206115722656250e+01,-7.4464355468750000e+01
-2.8765991210937500e+01,-7.3320312500000000e+01
-2.8327087402343750e+01,-7.2187011718750000e+01
-2.7894409179687500e+01,-7.1062011718750000e+01
-2.7463623046875000e+01,-6.9948242187500000e+01
-2.7026855468750000e+01,-6.8842773437500000e+01
-2.6601379394531250e+01,-6.7747070312500000e+01
-2.6172302246093750e+01,-6.6662109375000000e+01
-2.5746887207031250e+01,-6.5586914062500000e+01
-2.5319824218750000e+01,-6.4520507812500000e+01
-2.4901245117187500e+01,-6.3465820312500000e+01
-2.4477783203125000e+01,-6.2421386718750000e+01
-2.4056091308593750e+01,-6.1387695312500000e+01
-2.3635314941406250e+01,-6.0363769531250000e+01
-2.3214050292968750e+01,-5.9350585937500000e+01
-2.2803710937500000e+01,-5.8348144531250000e+01
-2.2389221191406250e+01,-5.7356933593750000e+01
-2.1975280761718750e+01,-5.6375976562500000e+01
-2.1561767578125000e+01,-5.5406738281250000e+01
-2.1152526855468750e+01,-5.4447753906250000e+01
-2.0745422363281250e+01,-5.3500000000000000e+01
-2.0339782714843750e+01,-5.2564453125000000e+01
-1.9932495117187500e+01,-5.1638183593750000e+01
-1.9528503417968750e+01,-5.0724609375000000e+01
-1.9127502441406250e+01,-4.9821289062500000e+01
-1.8724060058593750e+01,-4.8929199218750000e+01
-1.8319885253906250e+01,-4.8049316406250000e+01
-1.7920043945312500e+01,-4.7180664062500000e+01
-1.7526489257812500e+01,-4.6323242187500000e+01
-1.7128173828125000e+01,-4.5477050781250000e+01
-1.6732421875000000e+01,-4.4642089843750000e+01
-1.6335510253906250e+01,-4.3818847656250000e+01
-1.5945556640625000e+01,-4.3006347656250000e+01
-1.5551391601562500e+01,-4.2206054687500000e+01
-1.5168762207031250e+01,-4.1416503906250000e+01
-1.4771484375000000e+01,-4.0639160156250000e+01
-1.4387756347656250e+01,-3.9871582031250000e+01
-1.3996154785156250e+01,-3.9116699218750000e+01
-1.3620727539062500e+01,-3.8372070312500000e+01
-1.3230224609375000e+01,-3.7639648437500000e+01
-1.2848571777343750e+01,-3.6917968750000000e+01
-1.2462219238281250e+01,-3.6207031250000000e+01
-1.2083740234375000e+01,-3.5507324218750000e+01
-1.1697814941406250e+01,-3.4817871093750000e+01
-1.1323486328125000e+01,-3.4140625000000000e+01
-1.0943420410156250e+01,-3.3473144531250000e+01
-1.0566406250000000e+01,-3.2816894531250000e+01
-1.0189453125000000e+01,-3.2171386718750000e+01
-9.8156738281250000e+00,-3.1535644531250000e+01
-9.4402465820312500e+00,-3.0910644531250000e+01
-9.0595703125000000e+00,-3.0296875000000000e+01
-8.6873779296875000e+00,-2.9692382812500000e+01
-8.3135375976562500e+00,-2.9097656250000000e+01
-7.9422607421875000e+00,-2.8513183593750000e+01
-7.5642089843750000e+00,-2.7938476562500000e+01
-7.1956176757812500e+00,-2.7374023437500000e+01
-6.8202514648437500e+00,-2.6817382812500000e+01
-6.4505615234375000e+00,-2.6271484375000000e+01
-6.0777587890625000e+00,-2.5734375000000000e+01
-5.7048950195312500e+00,-2.5206054687500000e+01
-5.3316040039062500e+00,-2.4686523437500000e+01
-4.9582519531250000e+00,-2.4175292968750000e+01
-4.5797729492187500e+00,-2.3671386718750000e+01
-4.2079467773437500e+00,-2.3175781250000000e+01
-3.8304443359375000e+00,-2.2688964843750000e+01
-3.4534912109375000e+00,-2.2211914062500000e+01
-3.0817260742187500e+00,-2.1746093750000000e+01
-2.7084350585937500e+00,-2.1290527343750000e+01
-2.3361816406250000e+00,-2.0846679687500000e+01
-1.9680175781250000e+00,-2.0413574218750000e+01
-1.5978393554687500e+00,-1.9992675781250000e+01
-1.2406616210937500e+00,-1.9582031250000000e+01
-8.7207031250000000e-01,-1.9182128906250000e+01
-5.1794433593750000e-01,-1.8792480468750000e+01
-1.5820312500000000e-01,-1.8414062500000000e+01
1.9427490234375000e-01,-1.8044433593750000e+01
5.4833984375000000e-01,-1.7685546875000000e+01
8.9501953125000000e-01,-1.7335937500000000e+01
1.2438964843750000e+00,-1.6996093750000000e+01
1.5880737304687500e+00,-1.6666015625000000e+01
1.9284667968750000e+00,-1.6343750000000000e+01
2.2705688476562500e+00,-1.6030761718750000e+01
2.6063842773437500e+00,-1.5727539062500000e+01
2.9432983398437500e+00,-1.5430664062500000e+01
3.2716674804687500e+00,-1.5144042968750000e+01
3.6090698242187500e+00,-1.4865234375000000e+01
3.9260253906250000e+00,-1.4593261718750000e+01
4.2556152343750000e+00,-1.4330566406250000e+01
4.5731811523437500e+00,-1.4074218750000000e+01
4.8953857421875000e+00,-1.3825683593750000e+01
5.2098388671875000e+00,-1.3583984375000000e+01
5.5236816406250000e+00,-1.3349609375000000e+01
5.8308715820312500e+00,-1.3126464843750000e+01
6.1198120117187500e+00,-1.2914550781250000e+01
6.4054565429687500e+00,-1.2713867187500000e+01
6.6791992187500000e+00,-1.2523925781250000e+01
6.9466552734375000e+00,-1.2342773437500000e+01
7.2047729492187500e+00,-1.2171386718750000e+01
7.4514770507812500e+00,-1.2008300781250000e+01
7.6917724609375000e+00,-1.1853027343750000e+01
7.9274902343750000e+00,-1.1705078125000000e+01
8.1486206054687500e+00,-1.1563964843750000e+01
8.3682250976562500e+00,-1.1429687500000000e+01
8.5777587890625000e+00,-1.1301269531250000e+01
8.7795410156250000e+00,-1.1177734375000000e+01
8.9797363281250000e+00,-1.1060058593750000e+01
9.1690673828125000e+00,-1.0947265625000000e+01
9.3609619140625000e+00,-1.0840820312500000e+01
9.5434570312500000e+00,-1.0737304687500000e+01
9.7149658203125000e+00,-1.0638183593750000e+01
9.8849487304687500e+00,-1.0543457031250000e+01
1.0056518554687500e+01,-1.0452636718750000e+01
1.0212890625000000e+01,-1.0365722656250000e+01
1.0372009277343750e+01,-1.0282226562500000e+01
1.0521606445312500e+01,-1.0201660156250000e+01
1.0664062500000000e+01,-1.0125000000000000e+01
1.0806335449218750e+01,-1.0050292968750000e+01
1.0942871093750000e+01,-9.9790039062500000e+00
1.1076965332031250e+01,-9.9111328125000000e+00
1.1207214355468750e+01,-9.8457031250000000e+00
1.1335083007812500e+01,-9.7827148437500000e+00
1.1452941894531250e+01,-9.7216796875000000e+00
1.1574401855468750e+01,-9.6635742187500000e+00
1.1682922363281250e+01,-9.6069335937500000e+00
1.1797607421875000e+01,-9.5537109375000000e+00
1.1902893066406250e+01,-9.5014648437500000e+00
1.2007751464843750e+01,-9.4521484375000000e+00
1.2105773925781250e+01,-9.4042968750000000e+00
1.2200134277343750e+01,-9.3579101562500000e+00
1.2301879882812500e+01,-9.3134765625000000e+00
1.2386291503906250e+01,-9.2709960937500000e+00
1.2473388671875000e+01,-9.2304687500000000e+00
1.2557861328125000e+01,-9.1914062500000000e+00
1.2639709472656250e+01,-9.1538085937500000e+00
1.2723632812500000e+01,-9.1171875000000000e+00
1.2800292968750000e+01,-9.0815429687500000e+00
1.2874816894531250e+01,-9.0478515625000000e+00
1.2937500000000000e+01,-9.0156250000000000e+00
1.3011047363281250e+01,-8.9853515625000000e+00
1.3083923339843750e+01,-8.9560546875000000e+00
1.3143432617187500e+01,-8.9272460937500000e+00
1.3204406738281250e+01,-8.8994140625000000e+00
1.3268066406250000e+01,-8.8735351562500000e+00
1.3321777343750000e+01,-8.8486328125000000e+00
1.3380249023437500e+01,-8.8237304687500000e+00
1.3431274414062500e+01,-8.8012695312500000e+00
1.3481811523437500e+01,-8.7783203125000000e+00
1.3534545898437500e+01,-8.7573242187500000e+00
1.3578308105468750e+01,-8.7368164062500000e+00
1.3627319335937500e+01,-8.7172851562500000e+00
1.3674682617187500e+01,-8.6987304687500000e+00
1.3713928222656250e+01,-8.6806640625000000e+00
1.3755126953125000e+01,-8.6630859375000000e+00
1.3794738769531250e+01,-8.6469726562500000e+00
1.3826049804687500e+01,-8.6318359375000000e+00
1.3862426757812500e+01,-8.6166992187500000e+00
1.3896911621093750e+01,-8.6020507812500000e+00
1.3931396484375000e+01,-8.5883789062500000e+00
1.3961547851562500e+01,-8.5756835937500000e+00
1.3989257812500000e+01,-8.5634765625000000e+00
1.4016845703125000e+01,-8.5512695312500000e+00
1.4040283203125000e+01,-8.5400390625000000e+00
1.4077819824218750e+01,-8.5292968750000000e+00
1.4095642089843750e+01,-8.5190429687500000e+00
1.4119079589843750e+01,-8.5092773437500000e+00
1.4139892578125000e+01,-8.5009765625000000e+00
1.4161743164062500e+01,-8.4912109375000000e+00
1.4182617187500000e+01,-8.4833984375000000e+00
1.4201965332031250e+01,-8.4755859375000000e+00
1.4219726562500000e+01,-8.4687500000000000e+00
1.4239501953125000e+01,-8.4614257812500000e+00
1.4249938964843750e+01,-8.4550781250000000e+00
1.4271850585937500e+01,-8.4482421875000000e+00
1.4281738281250000e+01,-8.4433593750000000e+00
1.4296875000000000e+01,-8.4375000000000000e+00
1.4302124023437500e+01,-8.4321289062500000e+00
1.4318237304687500e+01,-8.4272460937500000e+00
1.4331787109375000e+01,-8.4223632812500000e+00
1.4343811035156250e+01,-8.4184570312500000e+00
1.4350585937500000e+01,-8.4150390625000000e+00
1.4361572265625000e+01,-8.4106445312500000e+00
1.4369812011718750e+01,-8.4067382812500000e+00
1.4378723144531250e+01,-8.4038085937500000e+00
1.4386047363281250e+01,-8.4008789062500000e+00
1.4396972656250000e+01,-8.3979492187500000e+00
1.4401184082031250e+01,-8.3950195312500000e+00
1.4407897949218750e+01,-8.3925781250000000e+00
1.4410522460937500e+01,-8.3906250000000000e+00
1.4416809082031250e+01,-8.3886718750000000e+00
1.4427734375000000e+01,-8.3862304687500000e+00
1.4420471191406250e+01,-8.3842773437500000e+00
1.4426696777343750e+01,-8.3833007812500000e+00
1.4429748535156250e+01,-8.3823242187500000e+00
1.4432861328125000e+01,-8.3803710937500000e+00
1.4439758300781250e+01,-8.3793945312500000e+00
1.4438110351562500e+01,-8.3779296875000000e+00
1.4444458007812500e+01,-8.3769531250000000e+00
1.4443420410156250e+01,-8.3764648437500000e+00
1.4448547363281250e+01,-8.3750000000000000e+00
1.4451171875000000e+01,-8.3750000000000000e+00
1.4451660156250000e+01,-8.3740234375000000e+00
1.4448120117187500e+01,-8.3730468750000000e+00
1.4450134277343750e+01,-8.3725585937500000e+00
1.4462768554687500e+01,-8.3725585937500000e+00
1.4459533691406250e+01,-8.3715820312500000e+00
1.4458984375000000e+01,-8.3710937500000000e+00
1.4451171875000000e+01,-8.3710937500000000e+00
1.4458496093750000e+01,-8.3710937500000000e+00
1.4458984375000000e+01,-8.3701171875000000e+00
1.4461120605468750e+01,-8.3706054687500000e+00
1.4460021972656250e+01,-8.3706054687500000e+00
1.4462768554687500e+01,-8.3701171875000000e+00
1.4463256835937500e+01,-8.3706054687500000e+00
1.4455322265625000e+01,-8.3706054687500000e+00
1.4461120605468750e+01,-8.3706054687500000e+00
1.4457397460937500e+01,-8.3706054687500000e+00
1.4461669921875000e+01,-8.3701171875000000e+00
1.4461669921875000e+01,-8.3701171875000000e+00
1.4461669921875000e+01,-8.3701171875000000e+00
1.4461669921875000e+01,-8.3701171875000000e+00
1.4465332031250000e+01,-8.3701171875000000e+00
1.4465332031250000e+01,-8.3701171875000000e+00
1.4463256835937500e+01,-8.3706054687500000e+00
1.4463256835937500e+01,-8.3706054687500000e+00
1.4463256835937500e+01,-8.3706054687500000e+00
1.4463256835937500e+01,-8.3706054687500000e+00
1.4463256835937500e+01,-8.3706054687500000e+00
1.4463256835937500e+01,-8.3706054687500000e+00
1.4461120605468750e+01,-8.3706054687500000e+00
1.4461120605468750e+01,-8.3706054687500000e+00
1.4461120605468750e+01,-8.3706054687500000e+00
