-6.7660806147685662e+01,-3.2094512234684771e+01
-7.1843262317745257e+01,-3.4101826004200120e+01
-7.6366078126207185e+01,-3.6221644085281696e+01
-8.1179139270484484e+01,-3.8488309899355045e+01
-8.6286621942459419e+01,-4.0895902166862470e+01
-9.1694790429955447e+01,-4.3420735769580460e+01
-9.7307592319681021e+01,-4.6080574546178468e+01
-1.0335889435704132e+02,-4.8921604477191977e+01
-1.0961900598851355e+02,-5.1866848928392756e+01
-1.1624244631374029e+02,-5.4957756856673768e+01
-1.2310392957625447e+02,-5.8201433797501522e+01
-1.3034127010816997e+02,-6.1602616774522176e+01
-1.3785841549619522e+02,-6.5122225342664024e+01
-1.4570548004291720e+02,-6.8788681643797645e+01
-1.5382817325386679e+02,-7.2601985677922130e+01
-1.6231001896668863e+02,-7.6531346791345641e+01
-1.7100485046550455e+02,-8.0624135220517928e+01
-1.8004630589054614e+02,-8.4851928823568414e+01
-1.8939679951487312e+02,-8.9271571884236437e+01
-1.9915238375177705e+02,-9.3849905237008898e+01
-2.0926712049055334e+02,-9.8629562094687572e+01
-2.1983288595261104e+02,-1.0358685733904895e+02
-2.3078703725971684e+02,-1.0879047781294412e+02
-2.4233420781410018e+02,-1.1427121417006401e+02
-2.5450780715081885e+02,-1.2005748855227921e+02
-2.6729113050234412e+02,-1.2618956566057022e+02
-2.8087628269525874e+02,-1.3271007870774065e+02
-2.9536766852661867e+02,-1.3968771453664067e+02
-3.1069429273442574e+02,-1.4708220844629068e+02
-3.2712760779102553e+02,-1.5501672305145621e+02
-3.4466761369641790e+02,-1.6350783793489518e+02
-3.6337277713695414e+02,-1.7252239393109176e+02
-3.8320551238569419e+02,-1.8216697407205720e+02
-4.0412823371569800e+02,-1.9228288806568798e+02
-4.2602400775426281e+02,-2.0286776740016103e+02
-4.4875502016927476e+02,-2.1384345118533656e+02
-4.7209158040721104e+02,-2.2510335638920424e+02
-4.9580399791454875e+02,-2.3646510760143610e+02
-5.1939948204918369e+02,-2.4782212179002454e+02
-5.4273604228711997e+02,-2.5902044568650854e+02
-5.6544199755083855e+02,-2.6996770732981440e+02
-5.8728348109493436e+02,-2.8056442922340011e+02
-6.0846930251351887e+02,-2.9086508713918101e+02
-6.2886582366636094e+02,-3.0098100113281089e+02
-6.4889483993356612e+02,-3.1103059679541366e+02
-6.6863987515277927e+02,-3.2122467167918421e+02
-6.8861460092551533e+02,-3.3166744030431073e+02
-7.0889418870565464e+02,-3.4257917427028042e+02
-7.2960810044154664e+02,-3.5385565905690510e+02
-7.5030530740990957e+02,-3.6535715246666223e+02
-7.7013386646676736e+02,-3.7659337255230548e+02
-7.8790356292568276e+02,-3.8704087820107725e+02
-8.0194809622564344e+02,-3.9577121277858168e+02
-8.1057610865434367e+02,-4.0202645250163914e+02
-8.1205030438877293e+02,-4.0498946079150846e+02
-8.0538510214472376e+02,-4.0434285706398259e+02
-7.9052203523584490e+02,-3.9997058423976341e+02
-7.6825875631164331e+02,-3.9269451592123551e+02
-7.4037432311395173e+02,-3.8324415374970977e+02
-7.0907376495659082e+02,-3.7287007196743343e+02
-6.7671663025302428e+02,-3.6264994345361538e+02
-6.4512791485578896e+02,-3.5348380270078269e+02
-6.1594886217460407e+02,-3.4616983819309553e+02
-5.9033627736084895e+02,-3.4131912598074359e+02
-5.6913792736661776e+02,-3.3917325426961543e+02
-5.5288418856095404e+02,-3.4007092025031943e+02
-5.4200938489961095e+02,-3.4420634189229531e+02
-5.3702301179222081e+02,-3.5178084270045019e+02
-5.3813805502477794e+02,-3.6310943474716896e+02
-5.4610622913608472e+02,-3.7857344843586270e+02
-5.6145791049518516e+02,-3.9846894774433804e+02
-5.8513691846746497e+02,-4.2352306580208187e+02
-6.1845457730394583e+02,-4.5447477829769468e+02
-6.6262198265047687e+02,-4.9214832734538504e+02
-7.1939313509759677e+02,-5.3761664880071748e+02
-7.9053874000337396e+02,-5.9187451762911496e+02
-8.7746199784023975e+02,-6.5593328837875924e+02
-9.8125707088134027e+02,-7.3047509245451147e+02
-1.1016399780786830e+03,-8.1556387967557839e+02
-1.2376042571886496e+03,-9.1067857744102275e+02
-1.3871035741889436e+03,-1.0149404678647206e+03
-1.5494446812271144e+03,-1.1282216513082608e+03
-1.7279434746576576e+03,-1.2527106326955745e+03
-1.9310818001933944e+03,-1.3929194270484063e+03
-2.1703859474292976e+03,-1.5548830024903259e+03
-2.4535108760855060e+03,-1.7422583412751778e+03
-2.7780698925013212e+03,-1.9533270880757827e+03
-3.1384397543073133e+03,-2.1850172830584397e+03
-3.5468337346630806e+03,-2.4439654963496182e+03
-4.0309921881463788e+03,-2.7436485602189878e+03
-4.5916375959528350e+03,-3.0823025254867880e+03
-5.2222644951778939e+03,-3.4555912391340917e+03
-5.9662008765997589e+03,-3.8843031294264329e+03
-6.8161410145444415e+03,-4.3606466806599246e+03
-7.7900976076360057e+03,-4.8919352652142989e+03
-8.8920108929153412e+03,-5.4756236210723691e+03
-1.0129738375408873e+04,-6.1140348882519738e+03
-1.1474166907963563e+04,-6.7924903257575479e+03
-1.2874600914284963e+04,-7.4913729194597399e+03
-1.4229014721630077e+04,-8.1768041053863572e+03
-1.5357428815534122e+04,-8.7932905027216257e+03
-1.5991798300468645e+04,-9.2635881684723645e+03
-1.5798272394091849e+04,-9.4982330449455148e+03
-1.4460946324121878e+04,-9.4216027315543324e+03
-1.1830458702083301e+04,-9.0190264810306580e+03
-8.0575107725760172e+03,-8.3807143397716209e+03
-3.5877662063125827e+03,-7.7007940332158651e+03
1.0191535226344222e+03,-7.1983855089844110e+03
5.3097422467155911e+03,-7.0042643709692784e+03
9.0337389186053679e+03,-7.1033814466266722e+03
1.2099397953396872e+04,-7.3788332282486117e+03
1.4478274345698466e+04,-7.7057337496615446e+03
1.6144314836808262e+04,-8.0094578740319639e+03
1.7065949618385239e+04,-8.2662825915723370e+03
1.7227996834076323e+04,-8.4770395887868126e+03
1.6658420882589293e+04,-8.6432349477564858e+03
1.5444413572514095e+04,-8.7578802401952598e+03
1.3732215874582176e+04,-8.8077338141624641e+03
1.1709382281664912e+04,-8.7808777437595600e+03
9.5745552550169723e+03,-8.6732883323197566e+03
7.5048796112975915e+03,-8.4909769988817043e+03
5.6318992480157622e+03,-8.2477560208279247e+03
4.0320925979883614e+03,-7.9609747836875176e+03
2.7312952373412345e+03,-7.6476607660092832e+03
1.7175831313455383e+03,-7.3222277785114584e+03
9.5640330933637347e+02,-6.9956951421785088e+03
4.0358327340561675e+02,-6.6758517276544571e+03
1.4403698279966761e+01,-6.3678150649814015e+03
-2.5122743327953845e+02,-6.0746602816463082e+03
-4.2657808867680819e+02,-5.7979768980186363e+03
-5.3778865912060314e+02,-5.5383143474021354e+03
-6.0457276102131095e+02,-5.2955214117952037e+03
-6.4132157148689112e+02,-5.0689975768831100e+03
-6.5826129454320085e+02,-4.8578748592673637e+03
-6.6249021996042961e+02,-4.6611458298496136e+03
-6.5883097481944810e+02,-4.4777510991469071e+03
-6.5049283131107495e+02,-4.3066368144196222e+03
-6.3956636231396601e+02,-4.1467904424293238e+03
-6.2738184393307256e+02,-3.9972612591477227e+03
-6.1476223101841879e+02,-3.8571703970665185e+03
-6.0219839367745476e+02,-3.7257139002364825e+03
-5.8996798509009659e+02,-3.6021614377697251e+03
-5.7821463487957703e+02,-3.4858525008342949e+03
-5.6699990780791313e+02,-3.3761912580004537e+03
-5.5633682559200088e+02,-3.2726408195432159e+03
-5.4621107049377974e+02,-3.1747175003715474e+03
-5.3659414306517579e+02,-3.0819852668049007e+03
-5.2745127167254395e+02,-2.9940506120498239e+03
-5.1874606975815459e+02,-2.9105578740016358e+03
-5.1044307401414994e+02,-2.8311850408541573e+03
-5.0250905431935485e+02,-2.7556400337837222e+03
-4.9491357261145299e+02,-2.6836574020970788e+03
-4.8762911481879928e+02,-2.6149954326050311e+03
-4.8063099862842842e+02,-2.5494335938118425e+03
-4.7389716367600113e+02,-2.4867702953954263e+03
-4.6740792358918975e+02,-2.4268209100865261e+03
-4.6114569993355303e+02,-2.3694160474389973e+03
-4.5509477662166273e+02,-2.3144000135390725e+03
-4.4924106899459548e+02,-2.2616294649614370e+03
-4.4357191865573714e+02,-2.2109722009270445e+03
-4.3807591630315824e+02,-2.1623061210166056e+03
-4.3274274413310809e+02,-2.1155182716245499e+03
-4.2756303820493804e+02,-2.0705040029795759e+03
-4.2252828038971961e+02,-2.0271662399793618e+03
-4.1763069047817100e+02,-1.9854147944446877e+03
-4.1286314324435216e+02,-1.9451657740977212e+03
-4.0821909820629173e+02,-1.9063410447923829e+03
-4.0369253073277753e+02,-1.8688677436866101e+03
-3.9927788115207034e+02,-1.8326778487623687e+03
-3.9497000249852783e+02,-1.7977077797021757e+03
-3.9076412197573779e+02,-1.7638980470991819e+03
-3.8665580151159077e+02,-1.7311929261434948e+03
-3.8264090612746304e+02,-1.6995401683736100e+03
-3.7871557621843647e+02,-1.6688907308566563e+03
-3.7487619671902746e+02,-1.6391985441836737e+03
-3.7111938497179972e+02,-1.6104202814045434e+03
-3.6744195929568400e+02,-1.5825151660128613e+03
-3.6384092874240412e+02,-1.5554447802741483e+03
-3.6031347746825611e+02,-1.5291729146098060e+03
-3.5685694370531098e+02,-1.5036653849424129e+03
-3.5346881436880119e+02,-1.4788899122028893e+03
-3.5014671153178108e+02,-1.4548159860080686e+03
-3.4688838171159045e+02,-1.4314147627080047e+03
-3.4369168751409438e+02,-1.4086589281961665e+03
-3.4055459869644301e+02,-1.3865226088228064e+03
-3.3747518381927682e+02,-1.3649812780075913e+03
-3.3445160605689728e+02,-1.3440116858376700e+03
-3.3148211946146887e+02,-1.3235917475738552e+03
-3.2856505010879039e+02,-1.3037005007155617e+03
-3.2569880536211735e+02,-1.2843180076379713e+03
-3.2288186685459709e+02,-1.2654253218366925e+03
-3.2011277730644292e+02,-1.2470044130443894e+03
-3.1739014277915726e+02,-1.2290381088998183e+03
-3.1471263288263356e+02,-1.2115100567110480e+03
-3.1207896737726287e+02,-1.1944046626669360e+03
-3.0948792182940610e+02,-1.1777070623463774e+03
-3.0693831935918399e+02,-1.1614030660736862e+03
-3.0442903130957484e+02,-1.1454791328250649e+03
-3.0195896987040442e+02,-1.1299223223061399e+03
-2.9952709459408743e+02,-1.1147202704486190e+03
-2.9713239576375940e+02,-1.0998611555103894e+03
-2.9477390997370492e+02,-1.0853336702472352e+03
-2.9245070561630030e+02,-1.0711269911933123e+03
-2.9016188269084296e+02,-1.0572307580609909e+03
-2.8790657833157616e+02,-1.0436350368051408e+03
-2.8568395368062113e+02,-1.0303303228757873e+03
-2.8349320792310709e+02,-1.0173074953195196e+03
-2.8133356171902665e+02,-1.0045578000102446e+03
-2.7920425659786156e+02,-9.9207284762530981e+02
-2.7710457528642121e+02,-9.7984458270913183e+02
-2.7503381140825570e+02,-9.6786526459094694e+02
-2.7299129016197446e+02,-9.5612746463812437e+02
-2.7097634904484767e+02,-9.4462403438013826e+02
-2.6898835531308112e+02,-9.3334810008747218e+02
-2.6702669059255936e+02,-9.2229306522918341e+02
-2.6509076496176829e+02,-9.1145257295893543e+02
-2.6318000006503291e+02,-9.0082050756062472e+02
-2.6129383191635691e+02,-8.9039098158231764e+02
-2.5943172281574175e+02,-8.8015832427125179e+02
-2.5759314806280952e+02,-8.7011706769583634e+02
-2.5577759837830138e+02,-8.6026195166078014e+02
-2.5398457674975703e+02,-8.5058789783039902e+02
-2.5221360560042388e+02,-8.4109001782412361e+02
-2.5046421688023213e+02,-8.3176358343661923e+02
-2.4873596522472451e+02,-8.2260404600916627e+02
-2.4702840826445481e+02,-8.1360699609671974e+02
-2.4534112140886930e+02,-8.0476819960853391e+02
-2.4367368956223561e+02,-7.9608355472854146e+02
-2.4202570878045674e+02,-7.8754909668591517e+02
-2.4039679417280126e+02,-7.7916099732137809e+02
-2.3878656008385451e+02,-7.7091556624370878e+02
-2.3719463793613454e+02,-7.6280921107505128e+02
-2.3562067348997641e+02,-7.5483848255441262e+02
-2.3406430963815217e+02,-7.4700003333735822e+02
-2.3252521138553345e+02,-7.3929062262200478e+02
-2.3100304577614816e+02,-7.3170711817289975e+02
-2.2949748807437265e+02,-7.2424648417777007e+02
-2.2800823024017461e+02,-7.1690577893452610e+02
-2.2653496079244564e+02,-7.0968216034462785e+02
-2.2507738462705049e+02,-7.0257287131228441e+02
-2.2363521065444274e+02,-6.9557523959988248e+02
-2.2220815626031879e+02,-6.8868667493674184e+02
-2.2079594705072338e+02,-6.8190466251380076e+02
-2.1939831296490854e+02,-6.7522677093455331e+02
-2.1801499286343414e+02,-6.6865063819249099e+02
-2.1664573070475080e+02,-6.6217397557428285e+02
-2.1529027414327970e+02,-6.5579455060141026e+02
-2.1394838969563682e+02,-6.4951021507528458e+02
-2.1261983036902836e+02,-6.4331886850293722e+02
-2.1130437211116771e+02,-6.3721848325089559e+02
-2.1000177685056929e+02,-6.3120707187405878e+02
-2.0871184143629750e+02,-6.2528272817144443e+02
-2.0743433812009505e+02,-6.1944358670869315e+02
-2.0616906030995017e+02,-6.1368782455281598e+02
-2.0491580485492716e+02,-6.0801369076294395e+02
-2.0367437217261386e+02,-6.0241946851495686e+02
-2.0244456408251756e+02,-5.9690350083360227e+02
-2.0122618533543300e+02,-5.9146416543862870e+02
-2.0001905546603712e+02,-5.8609987908165294e+02
-1.9882299528347949e+02,-5.8080912385654028e+02
-1.9763781667560136e+02,-5.7559040585452749e+02
-1.9646334822583515e+02,-5.7044226962047196e+02
-1.9529942361550411e+02,-5.6536330277885736e+02
-1.9414587627103674e+02,-5.6035213834678416e+02
-1.9300254293249031e+02,-5.5540744027772780e+02
-1.9186925830076598e+02,-5.5052789796816251e+02
-1.9074587683109053e+02,-5.4571224505068221e+02
-1.8963223615565209e+02,-5.4095924753987947e+02
-1.8852819544522606e+02,-5.3626769718247033e+02
-1.8743360724333047e+02,-5.3163641868541799e+02
-1.8634832371114123e+02,-5.2706426971593282e+02
-1.8527221230350585e+02,-5.2255014494922307e+02
-1.8420513346567236e+02,-5.1809294108437007e+02
-1.8314695618185556e+02,-5.1369160975420436e+02
-1.8209754357369582e+02,-5.0934511126530197e+02
-1.8105677214479624e+02,-5.0505243801711549e+02
-1.8002451648705119e+02,-5.0081261218896634e+02
-1.7900065756471770e+02,-4.9662466636867794e+02
-1.7798507098926814e+02,-4.9248767101944486e+02
-1.7697763696027619e+02,-4.8840069949571262e+02
-1.7597824090265328e+02,-4.8436287170104515e+02
-1.7498677372154316e+02,-4.8037331650188389e+02
-1.7400312428293330e+02,-4.7643117693179283e+02
-1.7302718336452006e+02,-4.7253563389970896e+02
-1.7205884671444323e+02,-4.6868586108644377e+02
-1.7109800753189711e+02,-4.6488107322855558e+02
-1.7014456449630848e+02,-4.6112050732522766e+02
-1.6919842023796912e+02,-4.5740338794326726e+02
-1.6825946961288787e+02,-4.5372899429410427e+02
-1.6732762582947919e+02,-4.5009659518066837e+02
-1.6640279049845697e+02,-4.4650548860751132e+02
-1.6548487007353071e+02,-4.4295498183118525e+02
-1.6457377852779859e+02,-4.3944440321436650e+02
-1.6366942868733338e+02,-4.3597309586510346e+02
-1.6277172471179404e+02,-4.3254040838481978e+02
-1.6188058478003836e+02,-4.2914571713093756e+02
-1.6099592898263313e+02,-4.2578840077387940e+02
-1.6011767893951196e+02,-4.2246786949868783e+02
-1.5924574072204302e+02,-4.1918351382990932e+02
-1.5838005226340942e+02,-4.1593476939558604e+02
-1.5752051797816489e+02,-4.1272106951076057e+02
-1.5666708217185578e+02,-4.0954186223584929e+02
-1.5581965308245344e+02,-4.0639659331826806e+02
-1.5497816074141110e+02,-4.0328475360893208e+02
-1.5414254078786132e+02,-4.0020581487650361e+02
-1.5331271993962844e+02,-3.9715926970664714e+02
-1.5248862542432596e+02,-3.9414461791314898e+02
-1.5167019402811184e+02,-3.9116138272892113e+02
-1.5085735323349388e+02,-3.8820908276087448e+02
-1.5005004352260084e+02,-3.8528724182016867e+02
-1.4924820219137985e+02,-3.8239542303896269e+02
-1.4845176003596748e+02,-3.7953315601091526e+02
-1.4766065205826021e+02,-3.7670001630056049e+02
-1.4687482982829840e+02,-3.7389556761830409e+02
-1.4609422401477150e+02,-3.7111939709367834e+02
-1.4531878376622194e+02,-3.6837108520633865e+02
-1.4454844217283721e+02,-3.6565021821844130e+02
-1.4378314710868722e+02,-3.6295641275026537e+02
-1.4302283892845321e+02,-3.6028927790483976e+02
-1.4226747315304078e+02,-3.5764842827856955e+02
-1.4151698746073873e+02,-3.5503348743073093e+02
-1.4077133469606019e+02,-3.5244409540072775e+02
-1.4003045661560634e+02,-3.4987988962583586e+02
-1.3929430326005058e+02,-3.4734050898895839e+02
-1.3856282683666950e+02,-3.4482562215286907e+02
-1.3783598337615786e+02,-3.4233487869809505e+02
-1.3711371387043323e+02,-3.3986795133516080e+02
-1.3639597549721555e+02,-3.3742451422021531e+02
-1.3568272377741050e+02,-3.3500423948553271e+02
-1.3497390824190211e+02,-3.3260680764801327e+02
-1.3426948874480308e+02,-3.3023192784792900e+02
-1.3356941736594263e+02,-3.2787927771092654e+02
-1.3287364898899023e+02,-3.2554856926853063e+02
-1.3218214283082193e+02,-3.2323951686526016e+02
-1.3149485504957966e+02,-3.2095181518513982e+02
-1.3081174830321550e+02,-3.1868520228093803e+02
-1.3013277275985013e+02,-3.1643938844942750e+02
-1.2945789744979879e+02,-3.1421410393700262e+02
-1.2878708095270133e+02,-3.1200908448343307e+02
-1.2812027611307087e+02,-3.0982406958711454e+02
-1.2745745336314258e+02,-3.0765879787906488e+02
-1.2679857064531996e+02,-3.0551301261630579e+02
-1.2614359291160588e+02,-3.0338647584897717e+02
-1.2549247963377127e+02,-3.0127892996672563e+02
-1.2484519958723672e+02,-2.9919014887381763e+02
-1.2420171186143114e+02,-2.9711988189889598e+02
-1.2356198778072053e+02,-2.9506791104172862e+02
-1.2292598758155930e+02,-2.9303400384583165e+02
-1.2229367698063390e+02,-2.9101793884147173e+02
-1.2166503036104461e+02,-2.8901949253504154e+02
-1.2104000490051135e+02,-2.8703844490243137e+02
-1.2041857918789424e+02,-2.8507458401503300e+02
-1.1980070517557533e+02,-2.8312770661798641e+02
-1.1918636387391268e+02,-2.8119760193918228e+02
-1.1857552431322165e+02,-2.7928407453013551e+02
-1.1796815055337424e+02,-2.7738691853386172e+02
-1.1736421748726002e+02,-2.7550594254962471e+02
-1.1676368879240897e+02,-2.7364094794856464e+02
-1.1616654101852521e+02,-2.7179174940157009e+02
-1.1557274383316019e+02,-2.6995816215777995e+02
-1.1498226836950914e+02,-2.6814000320108426e+02
-1.1439508932929061e+02,-2.6633708893711992e+02
-1.1381117542420156e+02,-2.6454924328877587e+02
-1.1323050154713155e+02,-2.6277629538319070e+02
-1.1265303832148663e+02,-2.6101807029975043e+02
-1.1207876248814148e+02,-2.5927439918947039e+02
-1.1150764944977459e+02,-2.5754511291423660e+02
-1.1093966957489738e+02,-2.5583005390093604e+02
-1.1037480215332982e+02,-2.5412905763745584e+02
-1.0981301589676923e+02,-2.5244196481593372e+02
-1.0925429073227167e+02,-2.5076861757413189e+02
-1.0869860340071193e+02,-2.4910886527793446e+02
-1.0814592573624509e+02,-2.4746256163010457e+02
-1.0759623811199265e+02,-2.4582954876840358e+02
-1.0704951503850236e+02,-2.4420968010646629e+02
-1.0650573567814683e+02,-2.4260282438155446e+02
-1.0596487313955379e+02,-2.4100882228580394e+02
-1.0542691378586619e+02,-2.3942753503922449e+02
-1.0489182377983605e+02,-2.3785882819870221e+02
-1.0435959388153663e+02,-2.3630258090999541e+02
-1.0383019394969074e+02,-2.3475863588911761e+02
-1.0330360633285238e+02,-2.3322687546220004e+02
-1.0277980719838365e+02,-2.3170716460788026e+02
-1.0225878227219118e+02,-2.3019937524379111e+02
-1.0174050287864100e+02,-2.2870338246794199e+02
-1.0122495646417781e+02,-2.2721905530671938e+02
-1.0071212002457082e+02,-2.2574628418175507e+02
-1.0020197603582153e+02,-2.2428493638468444e+02
-9.9694501366251870e+01,-2.2283490436101511e+02
-9.9189678555586852e+01,-2.2139605713713263e+02
-9.8687493775798657e+01,-2.1996828918241954e+02
-9.8187918669871465e+01,-2.1855147877525997e+02
-9.7690941385209840e+01,-2.1714551922853661e+02
-9.7196544716433436e+01,-2.1575030240950855e+02
-9.6704709673900311e+01,-2.1436571440293301e+02
-9.6215418351270046e+01,-2.1299164042619486e+02
-9.5728654435293038e+01,-2.1162798535717502e+02
-9.5244397470683907e+01,-2.1027464655650692e+02
-9.4762632291218324e+01,-2.0893151328932436e+02
-9.4283343412054023e+01,-2.0759848002500894e+02
-9.3806514201323353e+01,-2.0627545626744359e+02
-9.3332124840976917e+01,-2.0496234082288538e+02
-9.2860162904906815e+01,-2.0365902498034211e+02
-9.2390615903281173e+01,-2.0236542807394562e+02
-9.1923456116320835e+01,-2.0108144630782772e+02
-9.1458678828476764e+01,-1.9980698774024586e+02
-9.0996265241278024e+01,-1.9854196014033278e+02
-9.0536198850304118e+01,-1.9728627069896902e+02
-9.0078470797970226e+01,-1.9603983152216279e+02
-8.9623055403653325e+01,-1.9480254980079371e+02
-8.9169946390575433e+01,-1.9357434313424528e+02
-8.8719125119574642e+01,-1.9235511784602295e+02
-8.8270579961088401e+01,-1.9114480223313240e+02
-8.7824292467125247e+01,-1.8994329076495796e+02
-8.7380255500638782e+01,-1.8875051954487753e+02
-8.6938445802503566e+01,-1.8756639865502348e+02
-8.6498859963505311e+01,-1.8639084049052781e+02
-8.6061477942562192e+01,-1.8522378057651986e+02
-8.5626288428729481e+01,-1.8406512552563163e+02
-8.5193276319506822e+01,-1.8291480305661935e+02
-8.4762428806444291e+01,-1.8177274059911178e+02
-8.4333734100670199e+01,-1.8063884996999241e+02
-8.3907179680491026e+01,-1.7951306871826546e+02
-8.3482751972773372e+01,-1.7839531473243551e+02
-8.3060437308798328e+01,-1.7728552006813516e+02
-8.2640223358043386e+01,-1.7618360174649388e+02
-8.2222101804574663e+01,-1.7508951408576468e+02
-8.1806055538597207e+01,-1.7400315271183263e+02
-8.1392072516344797e+01,-1.7292446876257418e+02
-8.0980143784647225e+01,-1.7185338966762083e+02
-8.0570255005687500e+01,-1.7078984256747754e+02
-8.0162395728790216e+01,-1.6973376963714963e+02
-7.9756553814603649e+01,-1.6868509136726698e+02
-7.9352718111492322e+01,-1.6764375947395820e+02
-7.8950876225209981e+01,-1.6660969213485532e+02
-7.8551016462470443e+01,-1.6558283701833625e+02
-7.8153129519623462e+01,-1.6456311866278247e+02
-7.7757205105302774e+01,-1.6355049398857227e+02
-7.7363229805683886e+01,-1.6254488551021041e+02
-7.6971193711742217e+01,-1.6154622875282803e+02
-7.6581084588540762e+01,-1.6055448179330233e+02
-7.6192891921680143e+01,-1.5956957350688845e+02
-7.5806609816724745e+01,-1.5859144780334191e+02
-7.5422223234897501e+01,-1.5762003818391622e+02
-7.5039722490206486e+01,-1.5665530012336603e+02
-7.4659096239845439e+01,-1.5569716625556975e+02
-7.4280336613946019e+01,-1.5474558800753312e+02
-7.3903432174116233e+01,-1.5380049743488416e+02
-7.3528374986764220e+01,-1.5286185781875247e+02
-7.3155151956683653e+01,-1.5192959803439226e+02
-7.2783754544908106e+01,-1.5100367558043126e+02
-7.2414172173314796e+01,-1.5008403494487538e+02
-7.2046395920595273e+01,-1.4917062581997652e+02
-7.1680418904597559e+01,-1.4826338488736565e+02
-7.1316226038751893e+01,-1.4736227600641996e+02
-7.0953812575647817e+01,-1.4646723123276934e+02
-7.0593167586682512e+01,-1.4557822367779136e+02
-7.0234280541526118e+01,-1.4469518048199188e+02
-6.9877144765128151e+01,-1.4381806521562248e+02
-6.9521750061707735e+01,-1.4294682612531233e+02
-6.9168088433949151e+01,-1.4208141695106497e+02
-6.8816144635973615e+01,-1.4122178738513503e+02
-6.8465917584479485e+01,-1.4036789463702462e+02
-6.8117395825144058e+01,-1.3951968839898746e+02
-6.7770569608251776e+01,-1.3867712501315327e+02
-6.7425433087159604e+01,-1.3784015243702379e+02
-6.7081973389693871e+01,-1.3700873742122894e+02
-6.6740185386102326e+01,-1.3618282474289572e+02
-6.6400057701717060e+01,-1.3536238144177787e+02
-6.6061584617341850e+01,-1.3454734940375420e+02
-6.5724756271745036e+01,-1.3373769855982664e+02
-6.5389564476440000e+01,-1.3293337744575001e+02
-6.5056001273938250e+01,-1.3213435281215152e+02
-6.4724059997154995e+01,-1.3134056972528469e+02
-6.4393730219310896e+01,-1.3055200332040204e+02
-6.4065002397792455e+01,-1.2976859490513198e+02
-6.3737875027128780e+01,-1.2899031961472792e+02
-6.3412335211250024e+01,-1.2821713118919251e+02
-6.3088373869538827e+01,-1.2744898683802876e+02
-6.2765987043164500e+01,-1.2668584955323968e+02
-6.2445165866576986e+01,-1.2592768579632775e+02
-6.2125900598026192e+01,-1.2517444583779616e+02
-6.1808183957087294e+01,-1.2442610510202303e+02
-6.1492010495389650e+01,-1.2368261241388609e+02
-6.1177371371279719e+01,-1.2294394811288748e+02
-6.0864260515081469e+01,-1.2221005524140583e+02
-6.0552667428326799e+01,-1.2148090112831869e+02
-6.0242586192683348e+01,-1.2075646582400350e+02
-5.9934010885836301e+01,-1.2003669641858778e+02
-5.9626934139740797e+01,-1.1932156428869985e+02
-5.9321345081552181e+01,-1.1861103647409163e+02
-5.9017239648889131e+01,-1.1790507162989161e+02
-5.8714612855377368e+01,-1.1720364228922608e+02
-5.8413452971886159e+01,-1.1650670913109934e+02
-5.8113754569958587e+01,-1.1581423717138750e+02
-5.7815510197912658e+01,-1.1512619981059288e+02
-5.7518717147494044e+01,-1.1444256090809358e+02
-5.7223363366970943e+01,-1.1376328201026809e+02
-5.6929443153078523e+01,-1.1308833854149179e+02
-5.6636950300728131e+01,-1.1241769609589392e+02
-5.6345878628727519e+01,-1.1175131940022584e+02
-5.6056220697342724e+01,-1.1108918358974006e+02
-5.5767967776436535e+01,-1.1043125049993887e+02
-5.5481116050556238e+01,-1.0977749179657440e+02
-5.5195657809142745e+01,-1.0912787451940039e+02
-5.4911589252674389e+01,-1.0848237351454191e+02
-5.4628899810993857e+01,-1.0784095813475233e+02
-5.4347583446287331e+01,-1.0720359166115941e+02
-5.4067636271412994e+01,-1.0657024604864000e+02
-5.3789050185504493e+01,-1.0594090655182026e+02
-5.3511817422244349e+01,-1.0531552257382918e+02
-5.3235934859174336e+01,-1.0469408110404220e+02
-5.2961395845140828e+01,-1.0407654976046251e+02
-5.2688190279948003e+01,-1.0346289211334260e+02
-5.2416314857932662e+01,-1.0285309168255753e+02
-5.2145764003277122e+01,-1.0224711435136214e+02
-5.1876530642658281e+01,-1.0164493091813165e+02
-5.1608607248722137e+01,-1.0104652461361729e+02
-5.1341991328281779e+01,-1.0045185322557427e+02
-5.1076672040354424e+01,-9.9860906056375825e+01
-5.0812646421791214e+01,-9.9273649278401535e+01
-5.0549909083962689e+01,-9.8690047907527514e+01
-5.0288451635262959e+01,-9.8110089222255738e+01
-5.0028270543013491e+01,-9.7533742286213965e+01
-4.9769358403324759e+01,-9.6960980210777052e+01
-4.9511709417346424e+01,-9.6391779287699137e+01
-4.9255317893761571e+01,-9.5826114941355627e+01
-4.9000178005840780e+01,-9.5263964041749205e+01
-4.8746285304878029e+01,-9.4705294206881263e+01
-4.8493631351475074e+01,-9.4150093293504142e+01
-4.8242213445342827e+01,-9.3598321980619403e+01
-4.7992024951258259e+01,-9.3049974485727944e+01
-4.7743057123153221e+01,-9.2505012933457692e+01
-4.7495307786458511e+01,-9.1963413326435330e+01
-4.7248772982343667e+01,-9.1425162364911557e+01
-4.7003443638156909e+01,-9.0890228245139042e+01
-4.6759315603896425e+01,-9.0358588704495560e+01
-4.6516381216795821e+01,-8.9830228997605445e+01
-4.6274638334147994e+01,-8.9305119922846643e+01
-4.6034077986851798e+01,-8.8783236904596379e+01
-4.5794699027881961e+01,-8.8264563173604984e+01
-4.5556494328157100e+01,-8.7749075021625686e+01
-4.5319456583356214e+01,-8.7236746716533162e+01
-4.5083581739063106e+01,-8.6727561199955744e+01
-4.4848866186927353e+01,-8.6221497365770119e+01
-4.4615300535678671e+01,-8.5718532373100970e+01
-4.4382883646257255e+01,-8.5218641357201705e+01
-4.4151608238238168e+01,-8.4721811307447751e+01
-4.3921469803174546e+01,-8.4228010709217415e+01
-4.3692463083866869e+01,-8.3737227997510672e+01
-4.3464583938279134e+01,-8.3249442066203301e+01
-4.3237822935313943e+01,-8.2764630363549259e+01
-4.3012180234280322e+01,-8.2282770916048321e+01
-4.2787647399762591e+01,-8.1803850423952099e+01
-4.2564222225330127e+01,-8.1327841709512541e+01
-4.2341895622399988e+01,-8.0854728292605614e+01
-4.2120666850185103e+01,-8.0384492247482740e+01
-4.1900528588433076e+01,-7.9917109865897146e+01
-4.1681477818237113e+01,-7.9452562643848069e+01
-4.1463504447367200e+01,-7.8990842774962402e+01
-4.1246609933501190e+01,-7.8531918166367177e+01
-4.1030785721741722e+01,-7.8075769735813083e+01
-4.0816027574467284e+01,-7.7622386207427553e+01
-4.0602332432943626e+01,-7.7171748498961279e+01
-4.0389693351295023e+01,-7.6723839262915135e+01
-4.0178103447369267e+01,-7.6278633923666348e+01
-3.9967562800820929e+01,-7.5836113688091245e+01
-3.9758064545428738e+01,-7.5396272484565088e+01
-3.9549604316124032e+01,-7.4959083713590189e+01
-3.9342174752827304e+01,-7.4524528871167604e+01
-3.9135775680298593e+01,-7.4092596392299129e+01
-3.8930397508131591e+01,-7.3663265170859631e+01
-3.8726038786613458e+01,-7.3236519015852537e+01
-3.8522695086952012e+01,-7.2812338555901988e+01
-3.8320361374980280e+01,-7.2390712804260147e+01
-3.8119030880062610e+01,-7.1971618341804060e+01
-3.7918701467457254e+01,-7.1555047362158803e+01
-3.7719367035626647e+01,-7.1140975867951056e+01
-3.7521023315087405e+01,-7.0729387957306244e+01
-3.7323667725032465e+01,-7.0320265993602334e+01
-3.7127292666418839e+01,-6.9913601013964580e+01
-3.6931895972643133e+01,-6.9509369888393849e+01
-3.6737471972302274e+01,-6.9107563654016303e+01
-3.6544017447352644e+01,-6.8708162939458816e+01
-3.6351526136947655e+01,-6.8311146927721893e+01
-3.6159993899051301e+01,-6.7916507523307700e+01
-3.5969420032703511e+01,-6.7524227378716205e+01
-3.5779794979359849e+01,-6.7134288279074099e+01
-3.5591118818674659e+01,-6.6746685309256463e+01
-3.5403382008034328e+01,-6.6361386376392147e+01
-3.5216586363562215e+01,-6.5978391480479331e+01
-3.5030722517884669e+01,-6.5597680961020160e+01
-3.4845789785972556e+01,-6.5219240072641696e+01
-3.4661779804099410e+01,-6.4843051178718270e+01
-3.4478692906814331e+01,-6.4469103870752406e+01
-3.4296523884710268e+01,-6.4097380801244981e+01
-3.4115265712257155e+01,-6.3727870694321609e+01
-3.3934916190989497e+01,-6.3360560250232993e+01
-3.3755471385973237e+01,-6.2995430386730732e+01
-3.3576926533866867e+01,-6.2632473297440811e+01
-3.3399277365187118e+01,-6.2271668743615010e+01
-3.3222520104308956e+01,-6.1913008629752767e+01
-3.3046649541825445e+01,-6.1556474740981685e+01
-3.2871664132438468e+01,-6.1202055512301740e+01
-3.2697558172883191e+01,-6.0849736487463815e+01
-3.2524327696363571e+01,-6.0499509570970076e+01
-3.2351968019192668e+01,-6.0151353367570664e+01
-3.2180476082636233e+01,-5.9805260938266656e+01
-3.2009846948112795e+01,-5.9461214068183835e+01
-3.1840079564182474e+01,-5.9119207553073466e+01
-3.1671165949460601e+01,-5.8779223756310785e+01
-3.1503103634656327e+01,-5.8441248221648493e+01
-3.1335889178693492e+01,-5.8105271986210937e+01
-3.1169519984834437e+01,-5.7771276546000081e+01
-3.1003987992039583e+01,-5.7439258720640282e+01
-3.0839295828908803e+01,-5.7109199138759323e+01
-3.0675432136704899e+01,-5.6781086524482816e+01
-3.0512398620034901e+01,-5.6454910469310562e+01
-3.0350188476401286e+01,-5.6130656806119077e+01
-3.0188799507338672e+01,-5.5808314259033978e+01
-3.0028227841636635e+01,-5.5487870106557239e+01
-2.9868466740521171e+01,-5.5169313072813566e+01
-2.9709516793435682e+01,-5.4852632749304576e+01
-2.9551373348555330e+01,-5.4537818149280611e+01
-2.9394029698967870e+01,-5.4224853949118369e+01
-2.9237483343520694e+01,-5.3913730029442377e+01
-2.9081733198912161e+01,-5.3604442342503717e+01
-2.8926772462644635e+01,-5.3296962843180154e+01
-2.8772599143354682e+01,-5.2991294133595147e+01
-2.8619208509562668e+01,-5.2687421468376670e+01
-2.8466598824799689e+01,-5.2385338486772525e+01
-2.8314764863727987e+01,-5.2085020902287397e+01
-2.8163700843428046e+01,-5.1786467847543463e+01
-2.8013407385205142e+01,-5.1489666311919791e+01
-2.7863878738001745e+01,-5.1194605308664904e+01
-2.7715111333294544e+01,-5.0901272116279870e+01
-2.7567102526552617e+01,-5.0609662687016680e+01
-2.7419847825260263e+01,-5.0319761408124577e+01
-2.7273343119243123e+01,-5.0031551510356621e+01
-2.7127586608308548e+01,-4.9745033282835720e+01
-2.6982573975180685e+01,-4.9460193425815305e+01
-2.6838302607190599e+01,-4.9177020085168806e+01
-2.6694766514317052e+01,-4.8895501406774201e+01
-2.6551964151261814e+01,-4.8615632764630391e+01
-2.6409891599021762e+01,-4.8337393052614061e+01
-2.6268546515753428e+01,-4.8060788053225224e+01
-2.6127923373431713e+01,-4.7785791456091829e+01
-2.5988021646336733e+01,-4.7512407887211339e+01
-2.5848833767287374e+01,-4.7240614505712074e+01
-2.5710360421312430e+01,-4.6970411889843490e+01
-2.5572597243343466e+01,-4.6701785583357378e+01
-2.5435540218791516e+01,-4.6434724888627898e+01
-2.5299185157827992e+01,-4.6169224890531950e+01
-2.5163529224751301e+01,-4.5905272000195509e+01
-2.5028570714954185e+01,-4.5642859278617834e+01
-2.4894303240142676e+01,-4.5381973136925808e+01
-2.4760728377476767e+01,-4.5122606057870144e+01
-2.4627838002193357e+01,-4.4864755439325563e+01
-2.4495631046921631e+01,-4.4608402199043667e+01
-2.4364103767898428e+01,-4.4353539976274988e+01
-2.4233254046312823e+01,-4.4100167903645342e+01
-2.4103077692336115e+01,-4.3848259670779953e+01
-2.3973570532070653e+01,-4.3597825975304659e+01
-2.3844730876840003e+01,-4.3348847156719785e+01
-2.3716554903226324e+01,-4.3101313673902041e+01
-2.3589040349040829e+01,-4.2855220900851236e+01
-2.3462182928869311e+01,-4.2610558139943350e+01
-2.3335980237144668e+01,-4.2367316717428366e+01
-2.3210427351216367e+01,-4.2125490561682454e+01
-2.3085525258800658e+01,-4.1885065505582133e+01
-2.2961266121891072e+01,-4.1646038368750851e+01
-2.2837650928203743e+01,-4.1408396140566765e+01
-2.2714673815164815e+01,-4.1172137953653873e+01
-2.2592331851486961e+01,-4.0937244725762866e+01
-2.2470623842352325e+01,-4.0703716456895563e+01
-2.2349545088143145e+01,-4.0471542738550852e+01
-2.2229093215153966e+01,-4.0240713162230350e+01
-2.2109265578854206e+01,-4.0011224258434595e+01
-2.1990058578858793e+01,-3.9783066196914660e+01
-2.1871470526491407e+01,-3.9556230303919619e+01
-2.1753495368007179e+01,-3.9330707038327091e+01
-2.1636132800718769e+01,-3.9106487726386149e+01
-2.1519378013492087e+01,-3.8883572657222430e+01
-2.1403232217076038e+01,-3.8661945061588085e+01
-2.1287686044096972e+01,-3.8441598867856555e+01
-2.1172742378049179e+01,-3.8222525691405281e+01
-2.1058395690907673e+01,-3.8004725821358079e+01
-2.0944643162901798e+01,-3.7788180753716915e+01
-2.0831480843166332e+01,-3.7572891934107247e+01
-2.0718907998879558e+01,-3.7358850110527783e+01
-2.0606923371499761e+01,-3.7146039959357040e+01
-2.0495518740678676e+01,-3.6934458878468831e+01
-2.0384694584343265e+01,-3.6724103109238968e+01
-2.0274448146446730e+01,-3.6514964845292525e+01
-2.0164777419694587e+01,-3.6307029630381294e+01
-2.0055677449574546e+01,-3.6100299488379278e+01
-1.9947145145490481e+01,-3.5894760252162996e+01
-1.9839180204755166e+01,-3.5690414812982453e+01
-1.9731780110285172e+01,-3.5487242064713428e+01
-1.9624940337702810e+01,-3.5285244898606834e+01
-1.9518656792764546e+01,-3.5084404810663727e+01
-1.9412929825950528e+01,-3.4884731920257764e+01
-1.9307755279293701e+01,-3.4686211482015096e+01
-1.9203130826881761e+01,-3.4488832220062250e+01
-1.9099053298463787e+01,-3.4292591243149218e+01
-1.8995519762752906e+01,-3.4097482479651262e+01
-1.8892528005353029e+01,-3.3903501014443464e+01
-1.8790077325303969e+01,-3.3710633547777434e+01
-1.8688161222795543e+01,-3.3518877477527894e+01
-1.8586779092453298e+01,-3.3328228466820292e+01
-1.8485929850975367e+01,-3.3138675818030606e+01
-1.8385607476478640e+01,-3.2950213459535007e+01
-1.8285812956679479e+01,-3.2762837632706578e+01
-1.8186539951076497e+01,-3.2576540242048395e+01
-1.8087789383662425e+01,-3.2391313481184625e+01
-1.7989557685913837e+01,-3.2207158506615087e+01
-1.7891840683933083e+01,-3.2024056525217020e+01
-1.7794637772345482e+01,-3.1842012452114432e+01
-1.7697943789536907e+01,-3.1661015300558574e+01
-1.7601760328598289e+01,-3.1481055818549066e+01
-1.7506082004882728e+01,-3.1302131982212813e+01
-1.7410906333168668e+01,-3.1124240322049445e+01
-1.7316233440903261e+01,-3.0947369273058939e+01
-1.7222056860138082e+01,-3.0771511896242373e+01
-1.7128375826189426e+01,-3.0596667324225564e+01
-1.7035188968999250e+01,-3.0422829196257226e+01
-1.6942493962655135e+01,-3.0249988549465343e+01
-1.6850285709266586e+01,-3.0078141625222997e+01
-1.6758565961233330e+01,-2.9907279460657264e+01
-1.6667327613370617e+01,-2.9737400321017958e+01
-1.6576571748980086e+01,-2.9568493797804877e+01
-1.6486294002993077e+01,-2.9400560469270204e+01
-1.6396492973489785e+01,-2.9233589637787190e+01
-1.6307167194826548e+01,-2.9067576677358375e+01
-1.6218312206349196e+01,-2.8902514359857378e+01
-1.6129928039919605e+01,-2.8738403552660202e+01
-1.6042009756956418e+01,-2.8575235292893012e+01
-1.5954555987401591e+01,-2.8413000328555427e+01
-1.5867566062156811e+01,-2.8251695190147984e+01
-1.5781036125942592e+01,-2.8091315829920859e+01
-1.5694962928853556e+01,-2.7931854441500946e+01
-1.5609346311580907e+01,-2.7773307844511692e+01
-1.5524182578153841e+01,-2.7615671123829088e+01
-1.5439469944310645e+01,-2.7458937340454213e+01
-1.5355205542488079e+01,-2.7303105337887246e+01
-1.5271389245238765e+01,-2.7148160949002886e+01
-1.5188017069835951e+01,-2.6994105330301863e+01
-1.5105085670788753e+01,-2.6840934144909625e+01
-1.5022594952511895e+01,-2.6688639875576882e+01
-1.4940542620954488e+01,-2.6537216739803625e+01
-1.4858925521797005e+01,-2.6386660400716210e+01
-1.4777740723752345e+01,-2.6236966232313534e+01
-1.4696987207242387e+01,-2.6088130765096139e+01
-1.4616664335030919e+01,-2.5940144168815095e+01
-1.4536765129380115e+01,-2.5793004708721128e+01
-1.4457295739620577e+01,-2.5646712384813327e+01
-1.4378245492044016e+01,-2.5501255342967852e+01
-1.4299614992024999e+01,-2.5356631270185062e+01
-1.4221404876799738e+01,-2.5212832938340398e+01
-1.4143608933314340e+01,-2.5069857167059126e+01
-1.4066227320877715e+01,-2.4927697306466143e+01
-1.3989260613002671e+01,-2.4786349887062897e+01
-1.3912700589340830e+01,-2.4645814330598114e+01
-1.3836548747397387e+01,-2.4506082541573960e+01
-1.3760803398496250e+01,-2.4367147580989695e+01
-1.3685462471619303e+01,-2.4229010605345138e+01
-1.3610522334519601e+01,-2.4091660917017180e+01
-1.3535983433262572e+01,-2.3955093022630535e+01
-1.3461840542510572e+01,-2.3819309524309574e+01
-1.3388094172052547e+01,-2.3684300880931005e+01
-1.3314739829372570e+01,-2.3550062466494637e+01
-1.3241779426179392e+01,-2.3416591100625737e+01
-1.3169206940590129e+01,-2.3283883313824845e+01
-1.3097023201011893e+01,-2.3151932745341583e+01
-1.3025224638921259e+01,-2.3020735925677400e+01
-1.2953810011707560e+01,-2.2890288807081561e+01
-1.2882777216490922e+01,-2.2760583583180050e+01
-1.2812123162675107e+01,-2.2631624012597968e+01
-1.2741849284042019e+01,-2.2503401999835660e+01
-1.2671950132221127e+01,-2.2375905112518922e+01
-1.2602425006252474e+01,-2.2249139133147764e+01
-1.2533272090012474e+01,-2.2123100303096180e+01
-1.2464489662963388e+01,-2.1997774744366325e+01
-1.2396074889403280e+01,-2.1873165059083476e+01
-1.2328027833056012e+01,-2.1749270090746904e+01
-1.2260345753805382e+01,-2.1626078563482224e+01
-1.2193023936102691e+01,-2.1503590188164708e+01
-1.2126065884747732e+01,-2.1381802362669987e+01
-1.2059465864613571e+01,-2.1260709304498050e+01
-1.1993222123300370e+01,-2.1140302629024518e+01
-1.1927335202459062e+01,-2.1020588696999766e+01
-1.1861801342395438e+01,-2.0901555365173408e+01
-1.1796619874011299e+01,-2.0783198296670889e+01
-1.1731786591547120e+01,-2.0665518937118577e+01
-1.1667302259686267e+01,-2.0548507456265725e+01
-1.1603164966719987e+01,-2.0432162986737239e+01
-1.1539372195564738e+01,-2.0316483793784755e+01
-1.1475921333551696e+01,-2.0201464962282444e+01
-1.1412812667437265e+01,-2.0087099264105746e+01
-1.1350043234072473e+01,-1.9973383808006474e+01
-1.1287611535952124e+01,-1.9860322930857365e+01
-1.1225514992269154e+01,-1.9747895237410376e+01
-1.1163751882485371e+01,-1.9636115183915535e+01
-1.1102322684528190e+01,-1.9524973229247735e+01
-1.1041223033328720e+01,-1.9414459832282773e+01
-1.0980453088196214e+01,-1.9304579908144660e+01
-1.0920009981567091e+01,-1.9195322180960829e+01
-1.0859893458547049e+01,-1.9086687518104554e+01
-1.0800099249652590e+01,-1.8978671004452735e+01
-1.0740629075421793e+01,-1.8871271772629370e+01
-1.0681477806102521e+01,-1.8764482594509900e+01
-1.0622646556858172e+01,-1.8658302891844869e+01
-1.0564132300816368e+01,-1.8552723990885170e+01
-1.0505934560049695e+01,-1.8447746469880258e+01
-1.0448049543002298e+01,-1.8343371485329953e+01
-1.0390477313397810e+01,-1.8239587183110416e+01
-1.0333215927665265e+01,-1.8136389804596547e+01
-1.0276264493674148e+01,-1.8033779928039621e+01
-1.0219619219868150e+01,-1.7931762179437101e+01
-1.0163279978800119e+01,-1.7830320656917138e+01
-1.0107246037648224e+01,-1.7729455649603551e+01
-1.0051513955336532e+01,-1.7629162531497968e+01
-9.9960840504830912e+00,-1.7529441880848935e+01
-9.9409532643536522e+00,-1.7430288782531534e+01
-9.8861208004027503e+00,-1.7331698032297936e+01
-9.8315859258086675e+00,-1.7233667317147592e+01
-9.7773439568846925e+00,-1.7136198660954506e+01
-9.7233974425757879e+00,-1.7039281655220293e+01
-9.6697408070644997e+00,-1.6942914565193860e+01
-9.6163756115795422e+00,-1.6847096234377204e+01
-9.5632992115904472e+00,-1.6751821747645408e+01
-9.5105115433733545e+00,-1.6657086189872643e+01
-9.4580073815907326e+00,-1.6562895343558921e+01
-9.4057890521550007e+00,-1.6469234752455122e+01
-9.3538537512265520e+00,-1.6376109620811803e+01
-9.3021997901288387e+00,-1.6283514744378408e+01
-9.2508258625277904e+00,-1.6191441160281101e+01
-9.1997298655433042e+00,-1.6099896096643533e+01
-9.1489115761428366e+00,-1.6008868566717865e+01
-9.0983682860720592e+00,-1.5918358859627915e+01
-9.0480997085744548e+00,-1.5828362349375311e+01
-8.9981031353959224e+00,-1.5738878746833507e+01
-8.9483792037726744e+00,-1.5649902847753765e+01
-8.8989246956614352e+00,-1.5561429158761712e+01
-8.8497379223857706e+00,-1.5473459992856078e+01
-8.8008178962296597e+00,-1.5385993615288498e+01
-8.7521648720875191e+00,-1.5299021641433683e+01
-8.7037744530287000e+00,-1.5212542914791811e+01
-8.6556487419330779e+00,-1.5126553965863422e+01
-8.6077842977247201e+00,-1.5041056240273065e+01
-8.5601787307673476e+00,-1.4956043955520727e+01
-8.5128325508500211e+00,-1.4871510172608396e+01
-8.4657449295655169e+00,-1.4787459517534444e+01
-8.4189120116342337e+00,-1.4703884762175221e+01
-8.3723350078050771e+00,-1.4620785617404181e+01
-8.3260099353510668e+00,-1.4538158035474225e+01
-8.2799379731595764e+00,-1.4455999414258258e+01
-8.2341159669107356e+00,-1.4374309175507733e+01
-8.1885435024008757e+00,-1.4293081825846457e+01
-8.1432201335646823e+00,-1.4212314184901516e+01
-8.0981433433187249e+00,-1.4132002783172538e+01
-8.0533109331976220e+00,-1.4052151090158986e+01
-8.0087233174051562e+00,-1.3972749564736660e+01
-7.9643791258831698e+00,-1.3893799941654834e+01
-7.9202760327191299e+00,-1.3815300775289870e+01
-7.8764138467421390e+00,-1.3737244259266845e+01
-7.8327901145923988e+00,-1.3659631260959941e+01
-7.7894041353099510e+00,-1.3582455419621510e+01
-7.7462546662840168e+00,-1.3505720204749196e+01
-7.7033411340019029e+00,-1.3429417231718617e+01
-7.6606613718602148e+00,-1.3353551704781239e+01
-7.6182139460772760e+00,-1.3278116684936322e+01
-7.5759977733512187e+00,-1.3203105811435307e+01
-7.5340142237400869e+00,-1.3128520529901834e+01
-7.4922587728663075e+00,-1.3054359105586627e+01
-7.4507300825334823e+00,-1.2980620671114593e+01
-7.4094288855633295e+00,-1.2907295685361532e+01
-7.3683539712069432e+00,-1.2834390509076911e+01
-7.3275023125918324e+00,-1.2761898203261808e+01
-7.2868745150924497e+00,-1.2689818767915312e+01
-7.2464663092256387e+00,-1.2618145842287959e+01
-7.2062824105398704e+00,-1.2546874222131919e+01
-7.1663170520467929e+00,-1.2476010268193932e+01
-7.1265696602334856e+00,-1.2405549065351806e+01
-7.0870394066929521e+00,-1.2335485409354078e+01
-7.0477260046686752e+00,-1.2265821324076569e+01
-7.0086267777683133e+00,-1.2196552472644726e+01
-6.9697407701373777e+00,-1.2127672494308172e+01
-6.9310684597029422e+00,-1.2059188038942011e+01
-6.8926078710326237e+00,-1.1991086963297676e+01
-6.8543578571009220e+00,-1.1923370423874076e+01
-6.8163169841262743e+00,-1.1856043335797040e+01
-6.7784836271561062e+00,-1.1789096157940548e+01
-6.7408582641174917e+00,-1.1722527733805691e+01
-6.7034377725525474e+00,-1.1656335750393737e+01
-6.6662239685848590e+00,-1.1590519918577229e+01
-6.6292130606582305e+00,-1.1525075612358705e+01
-6.5924045389838284e+00,-1.1460005433861625e+01
-6.5557988496268536e+00,-1.1395297528963056e+01
-6.5193926470968790e+00,-1.1330962306161382e+01
-6.4831861225646890e+00,-1.1266989356957311e+01
-6.4471786069320842e+00,-1.1203374922725743e+01
-6.4113671051884467e+00,-1.1140125075092328e+01
-6.3757541662791937e+00,-1.1077234320682692e+01
-6.3403342143863028e+00,-1.1014698611745189e+01
-6.3051092249426119e+00,-1.0952515924407635e+01
-6.2700780190608612e+00,-1.0890685969542574e+01
-6.2352384938611749e+00,-1.0829204121151633e+01
-6.2005904900345286e+00,-1.0768076161734825e+01
-6.1661328286936623e+00,-1.0707289658916125e+01
-6.1318635344060795e+00,-1.0646847793072993e+01
-6.0977825115863880e+00,-1.0586747672953607e+01
-6.0638886769327200e+00,-1.0526992478932698e+01
-6.0301810108671816e+00,-1.0467569489513153e+01
-5.9966582389170071e+00,-1.0408485643692075e+01
-5.9633189591622795e+00,-1.0349735448096908e+01
-5.9301639044248304e+00,-1.0291319480976199e+01
-5.8971902071413069e+00,-1.0233229935955933e+01
-5.8643972937989020e+00,-1.0175474619410124e+01
-5.8317864388703811e+00,-1.0118042255466207e+01
-5.7993526719124020e+00,-1.0060936313621824e+01
-5.7670981276667135e+00,-1.0004154480879151e+01
-5.7350211493187544e+00,-9.9476958898612793e+00
-5.7031200800543047e+00,-9.8915530233207392e+00
-5.6713942507750517e+00,-9.8357296398808103e+00
-5.6398435340339574e+00,-9.7802222700420316e+00
-5.6084660818454495e+00,-9.7250286008047624e+00
-5.5772613206970618e+00,-9.6701457409189970e+00
-5.5462276256362202e+00,-9.6155757142596485e+00
-5.5153639133609431e+00,-9.5613147622025281e+00
-5.4846711397259469e+00,-9.5073594152481746e+00
-5.4541476160550246e+00,-9.4537096733947692e+00
-5.4237917811190073e+00,-9.4003640910186732e+00
-5.3936038260889063e+00,-9.3473174638711498e+00
-5.3635807878158630e+00,-9.2945726832003857e+00
-5.3337233035362033e+00,-9.2421297490063807e+00
-5.3040293340937978e+00,-9.1899817222911224e+00
-5.2745003769938421e+00,-9.1381265791787882e+00
-5.2451324813713427e+00,-9.0865677891688392e+00
-5.2159281324477433e+00,-9.0352966785121680e+00
-5.1868846856925757e+00,-8.9843184514593304e+00
-5.1579991142331210e+00,-8.9336290602595909e+00
-5.1292741263239350e+00,-8.8832227224129383e+00
-5.1007083837686196e+00,-8.8331066660448414e+00
-5.0722983180438632e+00,-8.7832673022812742e+00
-5.0440451080369257e+00,-8.7337141722464366e+00
-5.0159487856094529e+00,-8.6844420716897730e+00
-4.9880066743689895e+00,-8.6354475311136412e+00
-4.9602184556975999e+00,-8.5867288157651274e+00
-4.9325839702859184e+00,-8.5382873712724177e+00
-4.9051016569051171e+00,-8.4901177042584095e+00
-4.8777713562460576e+00,-8.4422255972240237e+00
-4.8505912521853816e+00,-8.3945971721695969e+00
-4.8235602614212212e+00,-8.3472393680949608e+00
-4.7966801682154028e+00,-8.3001571001241246e+00
-4.7699476270771584e+00,-8.2533333098845105e+00
-4.7433622238029329e+00,-8.2067772493746816e+00
-4.7169240539781185e+00,-8.1604828469698987e+00
-4.6906318112683039e+00,-8.1144518374212566e+00
-4.6644846991282520e+00,-8.0686784382278347e+00
-4.6384814430850838e+00,-8.0231623602649051e+00
-4.6126212147318029e+00,-7.9779093860324792e+00
-4.5869054797118451e+00,-7.9329076614058067e+00
-4.5613306057782665e+00,-7.8881621015107157e+00
-4.5358977718182132e+00,-7.8436701042210188e+00
-4.5106047156427849e+00,-7.7994345607876312e+00
-4.4854517558701446e+00,-7.7554410149605246e+00
-4.4604375861657672e+00,-7.7116981404897160e+00
-4.4355627481807005e+00,-7.6682030461251998e+00
-4.4108245336605023e+00,-7.6249539971177001e+00
-4.3862230063289189e+00,-7.5819478130915741e+00
-4.3617565412331487e+00,-7.5391853614228239e+00
-4.3374271456677889e+00,-7.4966651964850826e+00
-4.3132305820112151e+00,-7.4543852944052560e+00
-4.2891690487288088e+00,-7.4123456551815252e+00
-4.2652400287370256e+00,-7.3705419419402460e+00
-4.2414423431488331e+00,-7.3289761785563314e+00
-4.2177777443639570e+00,-7.2876422934050424e+00
-4.1942439701936109e+00,-7.2465449124865700e+00
-4.1708400329214328e+00,-7.2056765185498080e+00
-4.1475657095147653e+00,-7.1650420267214940e+00
-4.1244193750210343e+00,-7.1246368110005278e+00
-4.1014028137017249e+00,-7.0844582692625409e+00
-4.0785121065538306e+00,-7.0445081362577184e+00
-4.0557477633661847e+00,-7.0047835207360549e+00
-4.0331110904731986e+00,-6.9652818205722724e+00
-4.0105982963190172e+00,-6.9260082400160172e+00
-3.9882103367579020e+00,-6.8869517923194508e+00
-3.9659465108301220e+00,-6.8481121883560263e+00
-3.9438067866735764e+00,-6.8095009931257664e+00
-3.9217880418306095e+00,-6.7711057742544654e+00
-3.8998919331155548e+00,-6.7329219057419323e+00
-3.8781173772266584e+00,-6.6949577722125468e+00
-3.8564637050658348e+00,-6.6572075911681168e+00
-3.8349297696075837e+00,-6.6196719408571880e+00
-3.8135143282412400e+00,-6.5823470626546623e+00
-3.7922187191630883e+00,-6.5452358478123642e+00
-3.7710401385332943e+00,-6.5083273095788172e+00
-3.7499794466207277e+00,-6.4716341694547737e+00
-3.7290354645384696e+00,-6.4351439950651184e+00
-3.7082074913265615e+00,-6.3988617015356795e+00
-3.6874941887886052e+00,-6.3627838193651769e+00
-3.6668978828371337e+00,-6.3269112159296128e+00
-3.6464139535089544e+00,-6.2912378196042482e+00
-3.6260434203821887e+00,-6.2557682563883645e+00
-3.6057863153187100e+00,-6.2204979002817709e+00
-3.5856441039618403e+00,-6.1854273295366511e+00
-3.5656086934106952e+00,-6.1505577006500971e+00
-3.5456872207116703e+00,-6.1158794724997279e+00
-3.5258754163816093e+00,-6.0814018970850157e+00
-3.5061741088278495e+00,-6.0471168789053991e+00
-3.4865807491049736e+00,-6.0130273092108837e+00
-3.4670978542964122e+00,-5.9791265381272751e+00
-3.4477226524243179e+00,-5.9454206372793124e+00
-3.4284537734306468e+00,-5.9119038241669841e+00
-3.4092928422677460e+00,-5.8785784117899311e+00
-3.3902387119105697e+00,-5.8454351481495905e+00
-3.3712902353335039e+00,-5.8124827069950697e+00
-3.3524449591769780e+00,-5.7797167514518151e+00
-3.3337074078186788e+00,-5.7471361250190967e+00
-3.3150715275136236e+00,-5.7147379364478184e+00
-3.2965405044433282e+00,-5.6825268117372616e+00
-3.2781111842882638e+00,-5.6504888728895821e+00
-3.2597845229026916e+00,-5.6186394435271723e+00
-3.2415601698066894e+00,-5.5869655130263709e+00
-3.2234360539823683e+00,-5.5554740203879192e+00
-3.2054130994222305e+00,-5.5241560027352534e+00
-3.1874905414427985e+00,-5.4930195555698447e+00
-3.1696676153603676e+00,-5.4620568725158591e+00
-3.1519437795242311e+00,-5.4312688209492990e+00
-3.1343184285598227e+00,-5.4006556899939824e+00
-3.1167896826200376e+00,-5.3702140101513578e+00
-3.0993596445846379e+00,-5.3399452270450638e+00
-3.0820250326868290e+00,-5.3098432690521804e+00
-3.0647889693842671e+00,-5.2799162316705406e+00
-3.0476470577465307e+00,-5.2501545737768538e+00
-3.0306008908644344e+00,-5.2205658126194976e+00
-3.0136489393707961e+00,-5.1911380940764502e+00
-2.9967924777381540e+00,-5.1618795136446352e+00
-2.9800278418579182e+00,-5.1327857344504082e+00
-2.9633588870095764e+00,-5.1038547326197659e+00
-2.9467801010991934e+00,-5.0750899776512597e+00
-2.9302956898862931e+00,-5.0464845305450581e+00
-2.9139016706440088e+00,-5.0180447520524467e+00
-2.8975995727394093e+00,-4.9897631249223195e+00
-2.8813865286092550e+00,-4.9616387817814029e+00
-2.8652651509222551e+00,-4.9336777942526169e+00
-2.8492328588713463e+00,-4.9058706212117613e+00
-2.8332902578312087e+00,-4.8782201539097514e+00
-2.8174359140199385e+00,-4.8507266814713148e+00
-2.8016699230231552e+00,-4.8233904930202698e+00
-2.7859916157425459e+00,-4.7962058060584241e+00
-2.7704011833492359e+00,-4.7691749335845088e+00
-2.7548960450359345e+00,-4.7422993212248912e+00
-2.7394784948535289e+00,-4.7155743429784707e+00
-2.7241449642785938e+00,-4.6889991314701547e+00
-2.7088988943871755e+00,-4.6625713737012120e+00
-2.6937365892088110e+00,-4.6362982977962020e+00
-2.6786583673615496e+00,-4.6101694952549224e+00
-2.6636650572526150e+00,-4.5841884355777438e+00
-2.6487543966931071e+00,-4.5583545405143013e+00
-2.6339277557410696e+00,-4.5326678100655045e+00
-2.6191827447603373e+00,-4.5071239073549805e+00
-2.6045203196055127e+00,-4.4817236997596410e+00
-2.5899389827710593e+00,-4.4564686329031247e+00
-2.5754392121842784e+00,-4.4313543699108777e+00
-2.5610197333726319e+00,-4.4063840911576335e+00
-2.5466813110197108e+00,-4.3815566401435717e+00
-2.5324229255471664e+00,-4.3568636322452221e+00
-2.5182421554573011e+00,-4.3323111390855047e+00
-2.5041425055497939e+00,-4.3078991606653290e+00
-2.4901200886829429e+00,-4.2836236492357784e+00
-2.4761763705005251e+00,-4.2594843156703064e+00
-2.4623104588714568e+00,-4.2354800034700020e+00
-2.4485209518760485e+00,-4.2116182298841522e+00
-2.4348089328159404e+00,-4.1878836712876364e+00
-2.4211719801932077e+00,-4.1642870253072033e+00
-2.4076135988074157e+00,-4.1408239550655708e+00
-2.3941286907682979e+00,-4.1174904128156413e+00
-2.3807202829481184e+00,-4.0942907354292402e+00
-2.3673858582635603e+00,-4.0712185621596291e+00
-2.3541252255437257e+00,-4.0482805428791835e+00
-2.3409394680903688e+00,-4.0254674255893406e+00
-2.3278273432925971e+00,-4.0027861492890224e+00
-2.3147871943361906e+00,-3.9802326662302221e+00
-2.3018216976133772e+00,-3.9578069764111206e+00
-2.2889263606083432e+00,-3.9355056103331663e+00
-2.2761043695026046e+00,-3.9133308809959999e+00
-2.2633523469437478e+00,-3.8912830775234397e+00
-2.2506727462915705e+00,-3.8693572847923861e+00
-2.2380633053570591e+00,-3.8475555266768424e+00
-2.2255246295148936e+00,-3.8258786705519015e+00
-2.2130550619505129e+00,-3.8043212230431891e+00
-2.2006551443148510e+00,-3.7828883883994422e+00
-2.1883254819822469e+00,-3.7615738058730130e+00
-2.1760636534550031e+00,-3.7403786319619030e+00
-2.1638710925146825e+00,-3.7193031557917493e+00
-2.1517452502159813e+00,-3.6983522924874705e+00
-2.1396880701297505e+00,-3.6775150552994091e+00
-2.1276983415068571e+00,-3.6567949137279356e+00
-2.1157752996638237e+00,-3.6361907112723202e+00
-2.1039177975753773e+00,-3.6157079413078463e+00
-2.0921265680631222e+00,-3.5953335932099435e+00
-2.0804013243708823e+00,-3.5750815449782749e+00
-2.0687416204330020e+00,-3.5549364729886292e+00
-2.0571472650788110e+00,-3.5349087857402992e+00
-2.0456180352755382e+00,-3.5149979049829199e+00
-2.0341528477214297e+00,-3.4951908200928301e+00
-2.0227511926274246e+00,-3.4755031438189690e+00
-2.0114131018552825e+00,-3.4559189742867602e+00
-2.0001389896087858e+00,-3.4364501656218636e+00
-1.9889279637569643e+00,-3.4170915135728137e+00
-1.9777791321689620e+00,-3.3978409942656072e+00
-1.9666921443649699e+00,-3.3786988968258811e+00
-1.9556674464101889e+00,-3.3596643538776334e+00
-1.9447043373447741e+00,-3.3407362089219532e+00
-1.9338022117942728e+00,-3.3219144619579311e+00
-1.9229610697586850e+00,-3.3032034498610301e+00
-1.9121796367653587e+00,-3.2845965227552369e+00
-1.9014596014905010e+00,-3.2660876090185411e+00
-1.8907992115342722e+00,-3.2476902975222401e+00
-1.8801975747659299e+00,-3.2293967818941383e+00
-1.8696557107633680e+00,-3.2112033035082277e+00
-1.8591732053231453e+00,-3.1931104406139639e+00
-1.8487491981761650e+00,-3.1751225300877195e+00
-1.8383818413370818e+00,-3.1572355241787591e+00
-1.8280735563040480e+00,-3.1394505793869030e+00
-1.8178229730189059e+00,-3.1217648044630550e+00
-1.8076301233434151e+00,-3.1041808015306742e+00
-1.7974929999833194e+00,-3.0866910533422924e+00
-1.7874127181020185e+00,-3.0693082813950241e+00
-1.7773890865287285e+00,-3.0520177403168418e+00
-1.7674219459543110e+00,-3.0348240561052080e+00
-1.7575097670116975e+00,-3.0177286743873992e+00
-1.7476532825224922e+00,-3.0007272582870428e+00
-1.7378523013160248e+00,-2.9838247229290573e+00
-1.7281051028539878e+00,-2.9670158640637965e+00
-1.7184128023002359e+00,-2.9503024164423550e+00
-1.7087753996544279e+00,-2.9336846691876417e+00
-1.6991907601752700e+00,-2.9171553941769162e+00
-1.6896599990260484e+00,-2.9007261564083819e+00
-1.6801830524832440e+00,-2.8843877038834762e+00
-1.6707588053832296e+00,-2.8681409039763821e+00
-1.6613873533115111e+00,-2.8519817089381831e+00
-1.6520670394537547e+00,-2.8359205272672625e+00
-1.6427995843479266e+00,-2.8199429027145015e+00
-1.6335847968231292e+00,-2.8040615567806526e+00
-1.6244214024067105e+00,-2.7882655027142391e+00
-1.6153078398697289e+00,-2.7725593665172710e+00
-1.6062473272555735e+00,-2.7569428590632015e+00
-1.5972359455610103e+00,-2.7414133782267527e+00
-1.5882752241529943e+00,-2.7259706348850159e+00
-1.5793649399989818e+00,-2.7106154964112648e+00
-1.5705027990481994e+00,-2.6953502758051400e+00
-1.5616924335475915e+00,-2.6801674558182640e+00
-1.5529299882175565e+00,-2.6650716624499182e+00
-1.5442177252469946e+00,-2.6500585588255490e+00
-1.5355530319668560e+00,-2.6351269884453359e+00
-1.5269381387043950e+00,-2.6202914075574881e+00
-1.5183693176271618e+00,-2.6055301317892372e+00
-1.5098506470476423e+00,-2.5908532805142386e+00
-1.5013792912640156e+00,-2.5762622993579498e+00
-1.4929532111202661e+00,-2.5617516949459969e+00
-1.4845761344488437e+00,-2.5473220455278351e+00
-1.4762464681588199e+00,-2.5329736402281924e+00
-1.4679613446868416e+00,-2.5187073464230707e+00
-1.4597244600035992e+00,-2.5045214293613753e+00
-1.4515321818620350e+00,-2.4904132869187379e+00
-1.4433866131420245e+00,-2.4763892798455345e+00
-1.4352868935745846e+00,-2.4624407343908388e+00
-1.4272318124105823e+00,-2.4485705418055659e+00
-1.4192217838536862e+00,-2.4347804368399011e+00
-1.4112563937004552e+00,-2.4210660826174717e+00
-1.4033368526995673e+00,-2.4074283465151893e+00
-1.3954594967425464e+00,-2.3938680959063277e+00
-1.3876285953124352e+00,-2.3803864872925260e+00
-1.3798399426498236e+00,-2.3669800511725043e+00
-1.3720958009433843e+00,-2.3536499440469925e+00
-1.3643930158734747e+00,-2.3403924072908922e+00
-1.3567359206469973e+00,-2.3272129342785774e+00
-1.3491210104642732e+00,-2.3141040077616708e+00
-1.3415478392598743e+00,-2.3010725667381848e+00
-1.3340170124082533e+00,-2.2881102265855588e+00
-1.3265292308693688e+00,-2.2752250828007163e+00
-1.3190826466579892e+00,-2.2624110637616468e+00
-1.3116793945156360e+00,-2.2496687477168962e+00
-1.3043157466100865e+00,-2.2369995802919220e+00
-1.2969931367227900e+00,-2.2244000919863538e+00
-1.2897124888465896e+00,-2.2118714393009213e+00
-1.2824729745741479e+00,-2.1994127548596225e+00
-1.2752733194329267e+00,-2.1870263516630075e+00
-1.2681136508701911e+00,-2.1747093384619802e+00
-1.2609941600567254e+00,-2.1624620043794494e+00
-1.2539146239599859e+00,-2.1502829037926858e+00
-1.2468754567835276e+00,-2.1381746388251486e+00
-1.2398750335746627e+00,-2.1261299813531878e+00
-1.2329136410897945e+00,-2.1141570268764553e+00
-1.2259909925726333e+00,-2.1022508602691232e+00
-1.2191081076011869e+00,-2.0904109032817360e+00
-1.2122631381902238e+00,-2.0786359994144732e+00
-1.2054567534378293e+00,-2.0669316420417090e+00
-1.1986881886604124e+00,-2.0552903139141563e+00
-1.1919575075816056e+00,-2.0437175084070986e+00
-1.1852659209505418e+00,-2.0322080212699802e+00
-1.1786101151382127e+00,-2.0207621416275288e+00
-1.1719922567481262e+00,-2.0093795803559260e+00
-1.1654115492350456e+00,-1.9980655417039088e+00
-1.1588679288751109e+00,-1.9868116410480070e+00
-1.1523596114067232e+00,-1.9756216370114998e+00
-1.1458888590188963e+00,-1.9644969752207544e+00
-1.1394550026134311e+00,-1.9534327405499425e+00
-1.1330553976596320e+00,-1.9424332698745275e+00
-1.1266920195899957e+00,-1.9314945154446832e+00
-1.1203663021863122e+00,-1.9206176337602301e+00
-1.1140742945834745e+00,-1.9098006009462551e+00
-1.1078174305631592e+00,-1.8990448626273064e+00
-1.1015962517761864e+00,-1.8883535991790268e+00
-1.0954096749209157e+00,-1.8777164021012140e+00
-1.0892578593062581e+00,-1.8671433907693427e+00
-1.0831404225905317e+00,-1.8566256023077585e+00
-1.0770574284974828e+00,-1.8461725778415712e+00
-1.0710085902705941e+00,-1.8357736197458507e+00
-1.0649941628043962e+00,-1.8254362452707937e+00
-1.0590126485936935e+00,-1.8151590087909426e+00
-1.0530641432238781e+00,-1.8049369951822882e+00
-1.0471495069639332e+00,-1.7947725174444713e+00
-1.0412681025775328e+00,-1.7846647082023992e+00
-1.0354196114465140e+00,-1.7746161695804403e+00
-1.0296036193673217e+00,-1.7646202517053098e+00
-1.0238204449581190e+00,-1.7546818697001072e+00
-1.0180701519425384e+00,-1.7448024691911996e+00
-1.0123515932951932e+00,-1.7349756894273014e+00
-1.0066657885942050e+00,-1.7252061564095129e+00
-1.0010108261307096e+00,-1.7154904006383731e+00
-9.9538753431170335e-01,-1.7058313133620686e+00
-9.8979696457729460e-01,-1.6962225338329517e+00
-9.8423765128382001e-01,-1.6866744705484962e+00
-9.7870806506421104e-01,-1.6771761367608633e+00
-9.7321014948931861e-01,-1.6677304237191493e+00
-9.6774291684266700e-01,-1.6583405117980874e+00
-9.6230713180796101e-01,-1.6489997511225738e+00
-9.5690167922168712e-01,-1.6397153698189868e+00
-9.5152506157830885e-01,-1.6304789832611277e+00
-9.4618030575054490e-01,-1.6213024455746563e+00
-9.4086432114215768e-01,-1.6121701440088145e+00
-9.3557889201485978e-01,-1.6030930653141695e+00
-9.3032277575775879e-01,-1.5940668726161675e+00
-9.2509603609460100e-01,-1.5850875181640731e+00
-9.1989905536718197e-01,-1.5761639648335404e+00
-9.1473081399726652e-01,-1.5672860932490948e+00
-9.0959175805039649e-01,-1.5584593967860201e+00
-9.0448099539571558e-01,-1.5496885014435975e+00
-8.9939945002572586e-01,-1.5409609748476214e+00
-8.9434584746811652e-01,-1.5322828886228308e+00
-8.8932158964246355e-01,-1.5236525080199499e+00
-8.8432537021446933e-01,-1.5150741699135324e+00
-8.7935709359874181e-01,-1.5065449830526632e+00
-8.7441653676251008e-01,-1.4980603214389703e+00
-8.6950287129855042e-01,-1.4896251001955534e+00
-8.6461781774482915e-01,-1.4812384519500483e+00
-8.5975940066896328e-01,-1.4728966180755378e+00
-8.5492787496536948e-01,-1.4646024898220276e+00
-8.5012457883033221e-01,-1.4563546215649694e+00
-8.4534849268572998e-01,-1.4481561936800063e+00
-8.4059795971711537e-01,-1.4400017127909450e+00
-8.3587508280436396e-01,-1.4318903115245121e+00
-8.3117846002767237e-01,-1.4238306636289053e+00
-8.2650805952505380e-01,-1.4158138062293801e+00
-8.2186330778392858e-01,-1.4078403175772110e+00
-8.1724481017886319e-01,-1.3999139562965865e+00
-8.1265339511696766e-01,-1.3920326985125939e+00
-8.0808641806754622e-01,-1.3841942312246829e+00
-8.0354544025954056e-01,-1.3764011565590408e+00
-7.9902890046400898e-01,-1.3686471137652916e+00
-7.9453998486258115e-01,-1.3609401983430871e+00
-7.9007525237909704e-01,-1.3532783864175144e+00
-7.8563467115179719e-01,-1.3456584976138402e+00
-7.8122024847493776e-01,-1.3380831340564328e+00
-7.7682943540344240e-01,-1.3305485371220129e+00
-7.7246433481707300e-01,-1.3230547068087617e+00
-7.6812239777063951e-01,-1.3156062691168700e+00
-7.6380559969652495e-01,-1.3081994654221489e+00
-7.5951429107487911e-01,-1.3008337174742337e+00
-7.5524420242231827e-01,-1.2935055557736632e+00
-7.5100052721484190e-01,-1.2862245214446375e+00
-7.4677867735101700e-01,-1.2789799168622267e+00
-7.4258263555771009e-01,-1.2717798375269922e+00
-7.3840876958797708e-01,-1.2646173444391025e+00
-7.3425956466348907e-01,-1.2574982200976592e+00
-7.3013142039906143e-01,-1.2504169711291979e+00
-7.2602819207429548e-01,-1.2433770670313606e+00
-7.2194819101309804e-01,-1.2363750383065053e+00
-7.1788985598641375e-01,-1.2294117523288151e+00
-7.1385570407767318e-01,-1.2224918350975713e+00
-7.0984267655273925e-01,-1.2156077693634870e+00
-7.0585309932391738e-01,-1.2087636028763882e+00
-7.0188633515499532e-01,-1.2019573117622713e+00
-6.9794101398792918e-01,-1.1951903416438654e+00
-6.9401761374990656e-01,-1.1884612468984415e+00
-6.9011661236822874e-01,-1.1817671362750843e+00
-6.8623746819196185e-01,-1.1751175508989036e+00
-6.8238030866837107e-01,-1.1684986127702359e+00
-6.7854503821206436e-01,-1.1619172608889130e+00
-6.7473054165952817e-01,-1.1553789886283994e+00
-6.7093866699588034e-01,-1.1488730983664937e+00
-6.6716737506521895e-01,-1.1424042161015677e+00
-6.6341739868903460e-01,-1.1359720527088939e+00
-6.5968768642744635e-01,-1.1295774755626553e+00
-6.5597890737876696e-01,-1.1232178825393930e+00
-6.5229249532444555e-01,-1.1168932736391071e+00
-6.4862561456311596e-01,-1.1106042271103433e+00
-6.4498036797454006e-01,-1.1043536342040170e+00
-6.4135337820619043e-01,-1.0981333994204761e+00
-6.3774834122875745e-01,-1.0919501726339149e+00
-6.3416235761701500e-01,-1.0858033755948782e+00
-6.3059842238158126e-01,-1.0796895388029952e+00
-6.2705350864996490e-01,-1.0736121317586367e+00
-6.2352818993485926e-01,-1.0675639263372432e+00
-6.2002390001805452e-01,-1.0615550419124702e+00
-6.1653796250698178e-01,-1.0555773829855752e+00
-6.1307165187429291e-01,-1.0496352864311120e+00
-6.0962547790893495e-01,-1.0437249936239823e+00
-6.0619772007305528e-01,-1.0378465045650955e+00
-6.0279054496982098e-01,-1.0320047343775514e+00
-5.9940175413430552e-01,-1.0261933223137021e+00
-5.9603176176983652e-01,-1.0204148704970066e+00
-5.9268075904742545e-01,-1.0146716919271057e+00
-5.8934829990164417e-01,-1.0089582932305348e+00
-5.8603620045596472e-01,-1.0032752526567492e+00
-5.8274108335797337e-01,-9.9762719620503049e-01
-5.7946371329126123e-01,-9.9200978700082487e-01
-5.7620609755008445e-01,-9.8642880754414364e-01
-5.7296664304374190e-01,-9.8087356021096639e-01
-5.6974538163410671e-01,-9.7535156224967068e-01
-5.6654186725575073e-01,-9.6985876591224951e-01
-5.6335699203941658e-01,-9.6439632769670425e-01
-5.6018954523608500e-01,-9.5896656060358509e-01
-5.5703936753684502e-01,-9.5356686250852363e-01
-5.5390770155236169e-01,-9.4820185941080126e-01
-5.5079304977743959e-01,-9.4286201018530846e-01
-5.4769639992821340e-01,-9.3755194083405513e-01
-5.4461765641940474e-01,-9.3227483172904613e-01
-5.4155497126544105e-01,-9.2702836987245973e-01
-5.3850974638646676e-01,-9.2180677276428469e-01
-5.3548233226240427e-01,-9.1661755765289854e-01
-5.3247155000599378e-01,-9.1145552029047394e-01
-5.2947784568266343e-01,-9.0632499754974560e-01
-5.2649959433995264e-01,-9.0122165255706932e-01
-5.2353991843563108e-01,-8.9614577443808230e-01
-5.2059607785361095e-01,-8.9110025444097118e-01
-5.1766845493568781e-01,-8.8608538169228268e-01
-5.1475746388541666e-01,-8.8109450631600339e-01
-5.1186390124826175e-01,-8.7613659118778742e-01
-5.0898569600622068e-01,-8.7120093868270487e-01
-5.0612329422460789e-01,-8.6629766817532072e-01
-5.0327739686338191e-01,-8.6142388841562934e-01
-5.0044771716636660e-01,-8.5657179302961595e-01
-4.9763368162075494e-01,-8.5174947751602303e-01
-4.9483592746275917e-01,-8.4695433975048218e-01
-4.9205318021995481e-01,-8.4218811448317865e-01
-4.8928591781952946e-01,-8.3744270621355099e-01
-4.8653487308308740e-01,-8.3273054731671436e-01
-4.8379870781457157e-01,-8.2804036191828345e-01
-4.8107869648652013e-01,-8.2337793251826952e-01
-4.7837321414624512e-01,-8.1874296999103535e-01
-4.7568296175381874e-01,-8.1413489608621603e-01
-4.7300793930924101e-01,-8.0955139780508034e-01
-4.7034735026716135e-01,-8.0499218602108158e-01
-4.6770336123086054e-01,-8.0045986286131665e-01
-4.6507288160432836e-01,-7.9595558482378692e-01
-4.6245826916197075e-01,-7.9147472591012047e-01
-4.5985675192571307e-01,-7.8701873174395587e-01
-4.5727154793905811e-01,-7.8258644582638226e-01
-4.5470004453306956e-01,-7.7817960290667543e-01
-4.5214291080583280e-01,-7.7380167248520593e-01
-4.4959944579750299e-01,-7.6944311343686422e-01
-4.4707219845327018e-01,-7.6510941913602437e-01
-4.4455820562427562e-01,-7.6080492645905906e-01
-4.4205622469962691e-01,-7.5651864865540119e-01
-4.3957020654465850e-01,-7.5225954859979538e-01
-4.3709868551570707e-01,-7.4802733716751391e-01
-4.3464038714023445e-01,-7.4381623185763601e-01
-4.3219620354898325e-01,-7.3962854567162140e-01
-4.2976613474206715e-01,-7.3546427860856056e-01
-4.2734858762855765e-01,-7.3132343066936301e-01
-4.2494576067383605e-01,-7.2720571272839152e-01
-4.2255558285989991e-01,-7.2311170303510153e-01
-4.2017948796842575e-01,-7.1903793209003197e-01
-4.1781591477047186e-01,-7.1499307364319975e-01
-4.1546572353490774e-01,-7.1096787569513253e-01
-4.1312907357098538e-01,-7.0696812074493209e-01
-4.1080586929331275e-01,-7.0298629154331138e-01
-4.0849623814892766e-01,-6.9902643584100588e-01
-4.0619763119275376e-01,-6.9509086663583730e-01
-4.0391374439536776e-01,-6.9118045130380779e-01
-4.0164126412787482e-01,-6.8728882909545064e-01
-3.9938203837573383e-01,-6.8341975863586413e-01
-3.9713638575688037e-01,-6.7957121604922577e-01
-3.9490274504248646e-01,-6.7574435783626541e-01
-3.9268261373797486e-01,-6.7194120787098655e-01
-3.9047296497062689e-01,-6.6815974227938568e-01
-3.8827653885675772e-01,-6.6439417856145155e-01
-3.8609247512738420e-01,-6.6065752734175476e-01
-3.8392121984782079e-01,-6.5693562149590434e-01
-3.8176216764350102e-01,-6.5323655652355228e-01
-3.7961493617285669e-01,-6.4956091067415400e-01
-3.7747952543566043e-01,-6.4590290144769824e-01
-3.7535593543213963e-01,-6.4226773309565033e-01
-3.7324483526015229e-01,-6.3865164699200250e-01
-3.7114501417090651e-01,-6.3505551051093789e-01
-3.6905784222244620e-01,-6.3147816715445515e-01
-3.6698252286942079e-01,-6.2792684504620411e-01
-3.6491838701351753e-01,-6.2439026831088995e-01
-3.6286610375304917e-01,-6.2087508682452608e-01
-3.6082427116798499e-01,-6.1738072233674757e-01
-3.5879419559296366e-01,-6.1390428359663929e-01
-3.5677629123142651e-01,-6.1044750535620551e-01
-3.5476985712341502e-01,-6.0701009848889953e-01
-3.5277473396001824e-01,-6.0359321949545119e-01
-3.5078980657749526e-01,-6.0019282062512502e-01
-3.4881660434302830e-01,-5.9681699737757299e-01
-3.4685522284223680e-01,-5.9345620862950454e-01
-3.4490292195880556e-01,-5.9011826075493445e-01
-3.4296202760538108e-01,-5.8679216700420511e-01
-3.4103359122173060e-01,-5.8348949237733905e-01
-3.3911503200090465e-01,-5.8020589999796357e-01
-3.3720791117184490e-01,-5.7693647474297904e-01
-3.3531069936748281e-01,-5.7368931211203744e-01
-3.3342451175121823e-01,-5.7046094260385871e-01
-3.3154794640324781e-01,-5.6724818584461900e-01
-3.2968358413063470e-01,-5.6405422220905166e-01
-3.2782916274447871e-01,-5.6088107557206968e-01
-3.2598487341556392e-01,-5.5772296343366179e-01
-3.2415144896583570e-01,-5.5458277704383363e-01
-3.2232732816623866e-01,-5.5146109465295012e-01
-3.2051467762016728e-01,-5.4835762713628355e-01
-3.1871133072422708e-01,-5.4527063974273915e-01
-3.1691849822743734e-01,-5.4219897597249656e-01
-3.1513605268241918e-01,-5.3914841832647653e-01
-3.1336322940580885e-01,-5.3611144955357304e-01
-3.1159996467374640e-01,-5.3309269565488648e-01
-3.0984664082825475e-01,-5.3009128925532423e-01
-3.0810414999984914e-01,-5.2710896510416205e-01
-3.0637099468356155e-01,-5.2414109720120905e-01
-3.0464676067549590e-01,-5.2119173329720070e-01
-3.0293383761204495e-01,-5.1825566914249066e-01
-3.0122945351502040e-01,-5.1533955461127334e-01
-2.9953497844269350e-01,-5.1243760720353748e-01
-2.9785047611858317e-01,-5.0955185079510557e-01
-2.9617543675374236e-01,-5.0668662225962180e-01
-2.9450829911911569e-01,-5.0383238047379564e-01
-2.9285135726547651e-01,-5.0099490793672885e-01
-2.9120448374544594e-01,-4.9817680677278986e-01
-2.8956634036296691e-01,-4.9537142710778426e-01
-2.8793734132148074e-01,-4.9258281669244752e-01
-2.8631790082465614e-01,-4.8980924077477539e-01
-2.8470607530175585e-01,-4.8705156673167949e-01
-2.8310466859250027e-01,-4.8430777068733732e-01
-2.8151285228977940e-01,-4.8158421339212509e-01
-2.7992791813915119e-01,-4.7887048634493112e-01
-2.7835346652580029e-01,-4.7617641979741165e-01
-2.7678828670082112e-01,-4.7349565299828100e-01
-2.7523065812613368e-01,-4.7083165544790972e-01
-2.7368226947783114e-01,-4.6817893377192377e-01
-2.7214337565067126e-01,-4.6554529434433789e-01
-2.7061136397560404e-01,-4.6292524379077804e-01
-2.6909047207414005e-01,-4.6031733648578665e-01
-2.6757502854320592e-01,-4.5772851143010485e-01
-2.6606907983318706e-01,-4.5515211874862871e-01
-2.6457329504239624e-01,-4.5258844756517647e-01
-2.6308496591639141e-01,-4.5003923263175238e-01
-2.6160444293520868e-01,-4.4750736519654311e-01
-2.6013296870951308e-01,-4.4499024313518021e-01
-2.5866961924691623e-01,-4.4248439694820263e-01
-2.5721359800184018e-01,-4.3999503088434722e-01
-2.5576719902505829e-01,-4.3751751894524205e-01
-2.5432847874583331e-01,-4.3505561975507590e-01
-2.5289769205858192e-01,-4.3260470731365785e-01
-2.5147518944345393e-01,-4.3017172062081954e-01
-2.5006046111127489e-01,-4.2774682942763320e-01
-2.4865385754208091e-01,-4.2533986398302659e-01
-2.4725448660490201e-01,-4.2294330703771266e-01
-2.4586330415445445e-01,-4.2056583234079881e-01
-2.4448005529598049e-01,-4.1819760964335728e-01
-2.4310429396416566e-01,-4.1584181932012143e-01
-2.4173732649342128e-01,-4.1350221999618952e-01
-2.4037781468757657e-01,-4.1117505304555380e-01
-2.3902416545570304e-01,-4.0885974021875882e-01
-2.3767908705224272e-01,-4.0655888364108250e-01
-2.3634200596438859e-01,-4.0426930293779151e-01
-2.3501304963963321e-01,-4.0199620235853217e-01
-2.3368986030334327e-01,-3.9973119727801532e-01
-2.3237556041362950e-01,-3.9748209407207469e-01
-2.3106814267612208e-01,-3.9524455586433760e-01
-2.2976824432703324e-01,-3.9302147390571918e-01
-2.2847666191182725e-01,-3.9080533094693237e-01
-2.2719020924887445e-01,-3.8860480073708459e-01
-2.2591188134890672e-01,-3.8642017240090354e-01
-2.2464037187739905e-01,-3.8424508518892253e-01
-2.2337634993255051e-01,-3.8208300860151212e-01
-2.2211873221272072e-01,-3.7992902751284419e-01
-2.2087029069564323e-01,-3.7779152654820791e-01
-2.1962742499636079e-01,-3.7566963833160116e-01
-2.1839121841640008e-01,-3.7355093049063726e-01
-2.1716332777043590e-01,-3.7144725714824745e-01
-2.1594091735664733e-01,-3.6935543793060788e-01
-2.1472628122580772e-01,-3.6727662933662941e-01
-2.1351849538541501e-01,-3.6520909661612677e-01
-2.1231660398075292e-01,-3.6315312889564666e-01
-2.1112229568825569e-01,-3.6110814792391466e-01
-2.0993356321355350e-01,-3.5907993620094203e-01
-2.0875257315992712e-01,-3.5705577222779539e-01
-2.0757884760018896e-01,-3.5504577537813020e-01
-2.0641021993105824e-01,-3.5304734352757805e-01
-2.0524901606484036e-01,-3.5105758542704280e-01
-2.0409421642352754e-01,-3.4908459657526691e-01
-2.0294639451992680e-01,-3.4711883584714087e-01
-2.0180402098674222e-01,-3.4516637486831314e-01
-2.0066923056560881e-01,-3.4322172026440967e-01
-1.9953979292949953e-01,-3.4129065453453222e-01
-1.9841736489274808e-01,-3.3936912992794532e-01
-1.9730089501558723e-01,-3.3745888119665324e-01
-1.9619051074505478e-01,-3.3555990833883698e-01
-1.9508630766688384e-01,-3.3367134398031340e-01
-1.9398943280623371e-01,-3.3179203162126214e-01
-1.9289778328322882e-01,-3.2992312776150357e-01
-1.9181256984700212e-01,-3.2806896927559137e-01
-1.9073270919591323e-01,-3.2622203891423851e-01
-1.8965976255867645e-01,-3.2438118017671513e-01
-1.8859293338994121e-01,-3.2255766893831606e-01
-1.8753225355169434e-01,-3.2074254232429666e-01
-1.8647632112401880e-01,-3.1893840245993488e-01
-1.8542778063749665e-01,-3.1714062334503978e-01
-1.8438338218697936e-01,-3.1535585485380579e-01
-1.8334672615753789e-01,-3.1358236223695712e-01
-1.8231516801870384e-01,-3.1181696511885093e-01
-1.8128950431571411e-01,-3.1006371125022270e-01
-1.8026919339763481e-01,-3.0831652900633344e-01
-1.7925433085008535e-01,-3.0658120088628493e-01
-1.7824523529111502e-01,-3.0485483564098104e-01
-1.7724257581892289e-01,-3.0314090276897332e-01
-1.7624571519718302e-01,-3.0143275239697687e-01
-1.7525360198590079e-01,-2.9973790177427873e-01
-1.7426843465034381e-01,-2.9804912277631956e-01
-1.7328820589625593e-01,-2.9637306527638430e-01
-1.7231176869825049e-01,-2.9470452502664557e-01
-1.7134265971776586e-01,-2.9304581502583460e-01
-1.7037868048953442e-01,-2.9139606789976824e-01
-1.6941842909375282e-01,-2.8975470539808157e-01
-1.6846697155904167e-01,-2.8812490789459844e-01
-1.6751844531142979e-01,-2.8650089289203606e-01
-1.6657460275064295e-01,-2.8488988851222530e-01
-1.6563831144014785e-01,-2.8328437750769808e-01
-1.6470523817292815e-01,-2.8168956412719126e-01
-1.6377895147252275e-01,-2.8010573749634204e-01
-1.6285785824800314e-01,-2.7852971723950759e-01
-1.6194141684854912e-01,-2.7696121423196018e-01
-1.6102937237963033e-01,-2.7540051759933704e-01
-1.6012382772112232e-01,-2.7385080771546200e-01
-1.5922236137498658e-01,-2.7230890420560172e-01
-1.5832605664286348e-01,-2.7077625269521377e-01
-1.5743516841951077e-01,-2.6925372055939079e-01
-1.5654909133024830e-01,-2.6773812742339942e-01
-1.5566798468421439e-01,-2.6623207541160809e-01
-1.5479219896133145e-01,-2.6473238414837397e-01
-1.5392087389261633e-01,-2.6323934276024374e-01
-1.5305534767435347e-01,-2.6176162499632483e-01
-1.5219338997940213e-01,-2.6028448548186134e-01
-1.5133649831318507e-01,-2.5881977834160352e-01
-1.5048492757011900e-01,-2.5736519057591067e-01
-1.4963963360469279e-01,-2.5591320493458625e-01
-1.4879672927543197e-01,-2.5447278429328435e-01
-1.4795898656029749e-01,-2.5304132652490807e-01
-1.4712720200463991e-01,-2.5161854250654869e-01
-1.4629803011780496e-01,-2.5020298661274865e-01
-1.4547564479778430e-01,-2.4879581534332829e-01
-1.4465673241556942e-01,-2.4739153532391356e-01
-1.4384240813478755e-01,-2.4599824205324694e-01
-1.4303241706102199e-01,-2.4461651378169336e-01
-1.4222835228486019e-01,-2.4324056801015104e-01
-1.4142766486111213e-01,-2.4186895911316242e-01
-1.4063150181516448e-01,-2.4050660221473663e-01
-1.3983925777256445e-01,-2.3915378644142038e-01
-1.3905341795486947e-01,-2.3780588579211326e-01
-1.3827101921333451e-01,-2.3647070664264902e-01
-1.3749269878405812e-01,-2.3513841874228092e-01
-1.3671906204172046e-01,-2.3381625021647778e-01
-1.3595007712444840e-01,-2.3249841856522835e-01
-1.3518472445412044e-01,-2.3118983891345124e-01
-1.3442437408889418e-01,-2.2988790913586854e-01
-1.3366714618155129e-01,-2.2859465310830274e-01
-1.3291425148111102e-01,-2.2731035995457205e-01
-1.3216747424917230e-01,-2.2602751242538943e-01
-1.3142279989710914e-01,-2.2475478427077178e-01
-1.3068351019194324e-01,-2.2348928424071346e-01
-1.2994794831911349e-01,-2.2223043408484955e-01
-1.2921665592955378e-01,-2.2098112505409517e-01
-1.2848928254334169e-01,-2.1973702027207764e-01
-1.2776601933137499e-01,-2.1850043273934716e-01
-1.2704731235885447e-01,-2.1727078420644830e-01
-1.2633198273897506e-01,-2.1604923117320141e-01
-1.2562159170033738e-01,-2.1482883463977487e-01
-1.2491403636340692e-01,-2.1362144873000943e-01
-1.2421033630607781e-01,-2.1241926707079983e-01
-1.2351186158650762e-01,-2.1122142228523444e-01
-1.2281679608122431e-01,-2.1003398599896173e-01
-1.2212488489569751e-01,-2.0885464521234098e-01
-1.2143794415328557e-01,-2.0767588267608517e-01
-1.2075498613785385e-01,-2.0650955251312553e-01
-1.2007486382412935e-01,-2.0534582447544381e-01
-1.1939952078262195e-01,-2.0418961368704913e-01
-1.1872819232985421e-01,-2.0304005277375836e-01
-1.1805969957868001e-01,-2.0189685260902479e-01
-1.1739483907444992e-01,-2.0076059144412284e-01
-1.1673456667165283e-01,-1.9963126927905250e-01
-1.1607677949052686e-01,-1.9850946436326922e-01
-1.1542358041083389e-01,-1.9738939419767121e-01
-1.1477449150527264e-01,-1.9627915428009146e-01
-1.1412791968314195e-01,-1.9517325123797491e-01
-1.1348529872623203e-01,-1.9407486544605490e-01
-1.1284742517977975e-01,-1.9298023827741417e-01
-1.1221200499301176e-01,-1.9189601960897562e-01
-1.1158024891517471e-01,-1.9081758343963884e-01
-1.1095311280053011e-01,-1.8973914727121155e-01
-1.1032827073665885e-01,-1.8867401085026358e-01
-1.0970757070867876e-01,-1.8761032005568268e-01
-1.0908948334963497e-01,-1.8655790513457760e-01
-1.0847509196128158e-01,-1.8550693583802058e-01
-1.0786532053600695e-01,-1.8446145991674712e-01
-1.0725790688525194e-01,-1.8342436861894384e-01
-1.0665412548132736e-01,-1.8239074682151113e-01
-1.0605423121899094e-01,-1.8136550964845810e-01
-1.0545755499992993e-01,-1.8034229635031807e-01
-1.0486310910800967e-01,-1.7932717855092051e-01
-1.0427331504115500e-01,-1.7832102362717706e-01
-1.0368622922862869e-01,-1.7731660345179989e-01
-1.0310376337929483e-01,-1.7631652015188592e-01
-1.0252298620628153e-01,-1.7532626710089971e-01
-1.0194526776740531e-01,-1.7433717055064335e-01
-1.0137277466640171e-01,-1.7335703687422210e-01
-1.0080165162344201e-01,-1.7238268569690263e-01
-1.0023460689285457e-01,-1.7140920189467579e-01
-9.9669569456636964e-02,-1.7044699396683427e-01
-9.9108928950954578e-02,-1.6948536428935768e-01
-9.8551856968583706e-02,-1.6853269748571620e-01
-9.7996983451480446e-02,-1.6758494580699335e-01
-9.7444499570656262e-02,-1.6664268750264455e-01
-9.6897559645640285e-02,-1.6570332044739189e-01
-9.6351607436872655e-02,-1.6476857939323963e-01
-9.5809064442391900e-02,-1.6384395771183335e-01
-9.5268656189546164e-02,-1.6292078165588464e-01
-9.4733377689067311e-02,-1.6200454459976754e-01
-9.4201030475574044e-02,-1.6109119879365608e-01
-9.3669543531063937e-02,-1.6018826148592780e-01
-9.3143536818843131e-02,-1.5927983080382546e-01
-9.2618422237478626e-02,-1.5838816937139200e-01
-9.2097609001143610e-02,-1.5749650793804904e-01
-9.1578930506557299e-02,-1.5660513562943379e-01
-9.1063724949776770e-02,-1.5572821957084670e-01
-9.0551163923692002e-02,-1.5484927963643713e-01
-9.0040833224747985e-02,-1.5397901345204446e-01
-8.9533848016344564e-02,-1.5311048201692756e-01
-8.9030176436835973e-02,-1.5224888958164229e-01
-8.8528607737089260e-02,-1.5139134489527351e-01
-8.8031021764322759e-02,-1.5053987183455320e-01
-8.7535602394950729e-02,-1.4969360302256973e-01
-8.7042827556274460e-02,-1.4885080371095682e-01
-8.6552251182979489e-02,-1.4801349777371797e-01
-8.6065880569208275e-02,-1.4717821571139211e-01
-8.5580370224533908e-02,-1.4635074002399051e-01
-8.5098906330358659e-02,-1.4552846858532575e-01
-8.4620724203205100e-02,-1.4470706452175364e-01
-8.4143720963311353e-02,-1.4389491245765385e-01
-8.3670063213958201e-02,-1.4308478426846705e-01
-8.3199336751590636e-02,-1.4227928207856166e-01
-8.2731063649134740e-02,-1.4147840588884719e-01
-8.2265785557297022e-02,-1.4068099919859378e-01
-8.1802291727058218e-02,-1.3989082063289970e-01
-8.1342334558371476e-02,-1.3910266594211862e-01
-8.0884830749482717e-02,-1.3831855900025403e-01
-8.0428856307776186e-02,-1.3753878893385263e-01
-7.9976068047585613e-02,-1.3676509049219021e-01
-7.9525828732698756e-02,-1.3599775279999449e-01
-7.9078520704683797e-02,-1.3522896948234120e-01
-7.8634016516616612e-02,-1.3446799253961217e-01
-7.8190882386479643e-02,-1.3371482197089790e-01
-7.7750520234417309e-02,-1.3296194052691135e-01
-7.7313471711022430e-02,-1.3221281770802307e-01
-7.6878303034845885e-02,-1.3146976651387376e-01
-7.6445237238431218e-02,-1.3073134131991537e-01
-7.6015070867242684e-02,-1.2999060312540678e-01
-7.5586593172374705e-02,-1.2926085167964629e-01
-7.5161875171602333e-02,-1.2853485885898408e-01
-7.4737794407269575e-02,-1.2780799866322923e-01
-7.4317409613399832e-02,-1.2708836659294320e-01
-7.3899446317568618e-02,-1.2637509527121438e-01
-7.3483331007082597e-02,-1.2566442607476347e-01
-7.3070210707214756e-02,-1.2495578075231606e-01
-7.2658428603517677e-02,-1.2425349618024484e-01
-7.2250055714221162e-02,-1.2355468110763468e-01
-7.1842766126565039e-02,-1.2285875728503015e-01
-7.1437515695151887e-02,-1.2216572471152176e-01
-7.1036662194160272e-02,-1.2148107676330255e-01
-7.0636923856795875e-02,-1.2079671793890157e-01
-7.0239224675674450e-02,-1.2011553949014342e-01
-6.9843819545212682e-02,-1.1943811966648354e-01
-6.9450326123728701e-02,-1.1876590409156051e-01
-6.9058903720133458e-02,-1.1809860364155611e-01
-6.8670986116330823e-02,-1.1743188144191663e-01
-6.8284406708812639e-02,-1.1677209824119927e-01
-6.7899898319296881e-02,-1.1611376066502999e-01
-6.7517429085910408e-02,-1.1546120558887196e-01
-6.7136361772440978e-02,-1.1481154176271957e-01
-6.6759691389506770e-02,-1.1416534743602824e-01
-6.6383212177470341e-02,-1.1352146610988711e-01
-6.6010588245148938e-02,-1.1288365640757547e-01
-6.5637932450954395e-02,-1.1224815970490454e-01
-6.5268749594679321e-02,-1.1161613250260416e-01
-6.4901797065431310e-02,-1.1098670742467220e-01
-6.4536469488871262e-02,-1.1036508872166451e-01
-6.4172129628445873e-02,-1.0974404826811224e-01
-6.3811708771481790e-02,-1.0912416431438032e-01
-6.3452180045260320e-02,-1.0851121936048003e-01
-6.3094754198914416e-02,-1.0789769615621481e-01
-6.2739686126860761e-02,-1.0729169020214613e-01
-6.2386497902025440e-02,-1.0668799724680866e-01
-6.2035253247813671e-02,-1.0608979766675475e-01
-6.1685792855314503e-02,-1.0549159808670083e-01
-6.1339454920812386e-02,-1.0489773538120062e-01
-6.0993085124437130e-02,-1.0430936605007446e-01
-6.0650188265867655e-02,-1.0372041846949287e-01
-6.0309298701781699e-02,-1.0313465126364463e-01
-5.9969874781131693e-02,-1.0255351005707780e-01
-5.9631438576843721e-02,-1.0197844047524995e-01
-5.9296252277704298e-02,-1.0140366001814982e-01
-5.8961830662155990e-02,-1.0083263818614796e-01
-5.8630085439062896e-02,-1.0026682060379244e-01
-5.8300666128502598e-02,-9.9700424771071994e-02
-5.7972393843328973e-02,-9.9139233187997888e-02
-5.7646256299790366e-02,-9.8581800230022054e-02
-5.7321743708826034e-02,-9.8026680271686928e-02
-5.6998282557856328e-02,-9.7476186312633217e-02
-5.6678039450162032e-02,-9.6928583603585139e-02
-5.6359612465939790e-02,-9.6382137394357414e-02
-5.6041281067223281e-02,-9.5839738934955676e-02
-5.5726550053691426e-02,-9.5301966475744848e-02
-5.5412743032775325e-02,-9.4762459266348742e-02
-5.5100783997090730e-02,-9.4232493181152677e-02
-5.4790736670383922e-02,-9.3699635845950979e-02
-5.4481836369063785e-02,-9.3172850135488261e-02
-5.4176918794610174e-02,-9.2647220924845897e-02
-5.3871427707576913e-02,-9.2130843713675858e-02
-5.3567434125739055e-02,-9.1607816627401917e-02
-5.3266021351078052e-02,-9.1094619790965226e-02
-5.2965054641845200e-02,-9.0581422954528534e-02
-5.2667497146785536e-02,-9.0067936993364128e-02
-5.2371437157034961e-02,-8.9563992155490268e-02
-5.2076460469038466e-02,-8.9058601693977835e-02
-5.1782949424591607e-02,-8.8554656856103975e-02
-5.1491381950881987e-02,-8.8060542268067366e-02
-5.1202331560602943e-02,-8.7562958180569694e-02
-5.0914173301180199e-02,-8.7070289217990648e-02
-5.0626238074414687e-02,-8.6581089753963170e-02
-5.0342126265604747e-02,-8.6091022915752546e-02
-5.0058301212970946e-02,-8.5607895077373541e-02
-4.9776260422163432e-02,-8.5128525863183313e-02
-4.9496099478346878e-02,-8.4648289273900446e-02
-4.9217340454447367e-02,-8.4172100435353059e-02
-4.8941225961357304e-02,-8.3695622470258968e-02
-4.8665047744520962e-02,-8.3226661756270914e-02
-4.8391099854711683e-02,-8.2757411915736157e-02
-4.8118298990402764e-02,-8.2293944576122158e-02
-4.7847537282223129e-02,-8.1827007736137602e-02
-4.7578464250250363e-02,-8.1367009895075171e-02
-4.7309869145465200e-02,-8.0910770679111010e-02
-4.7043918571489485e-02,-8.0455398838239489e-02
-4.6778860128256383e-02,-8.0003207372101315e-02
-4.6515394775838104e-02,-7.9551594156328065e-02
-4.6253777408651331e-02,-7.9102583064923238e-02
-4.5993243343218637e-02,-7.8658776223164750e-02
-4.5734047474070394e-02,-7.8216125881226617e-02
-4.5476731452026797e-02,-7.7774342914381123e-02
-4.5220689902635058e-02,-7.7338920697002322e-02
-4.4966050273160363e-02,-7.6900028980162460e-02
-4.4712589530718105e-02,-7.6469232762065076e-02
-4.4461008635494181e-02,-7.6038147420149471e-02
-4.4210861521946754e-02,-7.5608218577144726e-02
-4.3961797710153405e-02,-7.5187541733612306e-02
-4.3714581883591563e-02,-7.4760504140613193e-02
-4.3468831700579358e-02,-7.4343296796541836e-02
-4.3223081517567152e-02,-7.3924065578466980e-02
-4.2980517516070904e-02,-7.3505990859302983e-02
-4.2738367718243353e-02,-7.3088783516141120e-02
-4.2497938458382123e-02,-7.2682852046455082e-02
-4.2258242020352554e-02,-7.2274318451491126e-02
-4.2019883778607436e-02,-7.1866073982164380e-02
-4.1784170067444393e-02,-7.1459564263022912e-02
-4.1548934283582639e-02,-7.1058837042983214e-02
-4.1315100419524242e-02,-7.0657820698215801e-02
-4.1082604751750296e-02,-7.0259117353089096e-02
-4.0850937491200057e-02,-6.9868798632342077e-02
-4.0621277525019650e-02,-6.9472119162128365e-02
-4.0391649420712383e-02,-6.9083824316294340e-02
-4.0165207497807387e-02,-6.8692638220454683e-02
-3.9938733713256624e-02,-6.8307234624626290e-02
-3.9714171637569962e-02,-6.7922409278253326e-02
-3.9490214936336088e-02,-6.7540764306613710e-02
-3.9268010634941675e-02,-6.7157095460970595e-02
-3.9047335700729491e-02,-6.6782100363525387e-02
-3.8827393588348968e-02,-6.6406527016624750e-02
-3.8607993126674955e-02,-6.6032977544637106e-02
-3.8390504374092416e-02,-6.5658849823194032e-02
-3.8175851322989729e-02,-6.5287324226119381e-02
-3.7961580613682600e-02,-6.4922159378511424e-02
-3.7746704529922681e-02,-6.4558729280179250e-02
-3.7533389675104445e-02,-6.4194431807663932e-02
-3.7322783074614563e-02,-6.3834471209702315e-02
-3.7112303921389866e-02,-6.3473932361375773e-02
-3.6903067378943888e-02,-6.3114550013779080e-02
-3.6695264618174406e-02,-6.2761239290011872e-02
-3.6489214257244384e-02,-6.2406482941696595e-02
-3.6283769270880839e-02,-6.2056641718299943e-02
-3.6078961520843222e-02,-6.1708246119451360e-02
-3.5875683137874148e-02,-6.1360717894785921e-02
-3.5673615503924339e-02,-6.1014057046122616e-02
-3.5472599309855468e-02,-6.0670865696920373e-02
-3.5273526686523837e-02,-6.0329698222631123e-02
-3.5073784965106825e-02,-5.9988241622704663e-02
-3.4877739214380199e-02,-5.9652856648426678e-02
-3.4680737609050993e-02,-5.9318049923604121e-02
-3.4484946752741052e-02,-5.8982375823688926e-02
-3.4290908296270572e-02,-5.8649014723414439e-02
-3.4097411490733975e-02,-5.8320857872786291e-02
-3.3906368044995361e-02,-5.7992701022158144e-02
-3.3714846671955456e-02,-5.7665989796987560e-02
-3.3525937967738173e-02,-5.7340724196365045e-02
-3.3336423889181788e-02,-5.7016325970835169e-02
-3.3149458755701744e-02,-5.6695686369494069e-02
-3.2962398036943341e-02,-5.6379672768343880e-02
-3.2776802961507201e-02,-5.6059611417367705e-02
-3.2591430918955666e-02,-5.5743597816217516e-02
-3.2408448512455834e-02,-5.5431053714528389e-02
-3.2225912171384152e-02,-5.5121400862844894e-02
-3.2044363546674504e-02,-5.4809435011520691e-02
-3.1863834499972654e-02,-5.4499493034199986e-02
-3.1684516202290069e-02,-5.4192731432522123e-02
-3.1506472377259342e-02,-5.3888571955212683e-02
-3.1328364828596023e-02,-5.3585568977723597e-02
-3.1152965534261057e-02,-5.3283144250599435e-02
-3.0976546661690918e-02,-5.2983610773480905e-02
-3.0802804181803367e-02,-5.2684655545817805e-02
-3.0628774945512305e-02,-5.2389748067980690e-02
-3.0455637839963856e-02,-5.2091949340137944e-02
-3.0284858508935031e-02,-5.1801378736854531e-02
-3.0114493381347529e-02,-5.1510808133571118e-02
-2.9944510595669271e-02,-5.1219659279922780e-02
-2.9776726275144938e-02,-5.0931112551552360e-02
-2.9609388020162442e-02,-5.0645457073187572e-02
-2.9441412528740329e-02,-5.0359223344457860e-02
-2.9277292317033243e-02,-5.0075302616278350e-02
-2.9111642738257615e-02,-4.9792827512646909e-02
-2.8947618112056261e-02,-4.9514978408296884e-02
-2.8784804234760486e-02,-4.9235972804126504e-02
-2.8621703601174886e-02,-4.8958991074869118e-02
-2.8461247498285047e-02,-4.8682298470339447e-02
-2.8300855119027801e-02,-4.8409364490908047e-02
-2.8141769074181866e-02,-4.8134695761291368e-02
-2.7982300687540373e-02,-4.7865520406958240e-02
-2.7824967042647586e-02,-4.7595188551895262e-02
-2.7668270633967040e-02,-4.7329482697023195e-02
-2.7513071730595584e-02,-4.7060596467417781e-02
-2.7357809103591535e-02,-4.6797781861641852e-02
-2.7203820949239343e-02,-4.6534389006410493e-02
-2.7051075405779557e-02,-4.6270707026451419e-02
-2.6897405869590330e-02,-4.6013674920686753e-02
-2.6745711765897795e-02,-4.5749992940727680e-02
-2.6595770062158408e-02,-4.5495562959331437e-02
-2.6446210700100892e-02,-4.5238530853566772e-02
-2.6297352298115584e-02,-4.4982944373259670e-02
-2.6149258579607704e-02,-4.4729092642228352e-02
-2.6001865821058345e-02,-4.4477553910837742e-02
-2.5854823542545091e-02,-4.4231219429093471e-02
-2.5709788558287983e-02,-4.3979102448247431e-02
-2.5564626126879375e-02,-4.3732189717047731e-02
-2.5420897477147264e-02,-4.3485855235303461e-02
-2.5277678616362209e-02,-4.3240677253379545e-02
-2.5135192577408816e-02,-4.2997234021640907e-02
-2.4994012872980420e-02,-4.2754947289722622e-02
-2.4853279233866488e-02,-4.2516997432358039e-02
-2.4713660758266087e-02,-4.2273843326256610e-02
-2.4574010420906234e-02,-4.2036182593619742e-02
-2.4436399239675666e-02,-4.1802569611718354e-02
-2.4298310131257495e-02,-4.1567800129087118e-02
-2.4161686666388960e-02,-4.1331295896270603e-02
-2.4025318096050796e-02,-4.1100285038737638e-02
-2.3889523038292282e-02,-4.0870719805752742e-02
-2.3755958307788205e-02,-4.0636817699123640e-02
-2.3621724478971373e-02,-4.0411011090327520e-02
-2.3488573952022307e-02,-4.0182024107707548e-02
-2.3356188108550668e-02,-3.9957952250006201e-02
-2.3225427217766992e-02,-3.9731856516482367e-02
-2.3093997228784247e-02,-3.9507206408416096e-02
-2.2964351501400415e-02,-3.9286314924538601e-02
-2.2834259708702120e-02,-3.9064556066477962e-02
-2.2705952177716426e-02,-3.8845110208058031e-02
-2.2577676508490185e-02,-3.8626820849458454e-02
-2.2451025791838219e-02,-3.8408242366131162e-02
-2.2324375075186254e-02,-3.8191976881535084e-02
-2.2198966969313005e-02,-3.7976867897668853e-02
-2.2073208383517340e-02,-3.7762915414532472e-02
-2.1949425230218367e-02,-3.7548384680121671e-02
-2.1825164149731791e-02,-3.7339636445722135e-02
-2.1702782916463548e-02,-3.7129731711502245e-02
-2.1581548708354603e-02,-3.6920405227647279e-02
-2.1458657686025617e-02,-3.6711656993247743e-02
-2.1338666088809077e-02,-3.6508113008494547e-02
-2.1217368157181227e-02,-3.6301099523370794e-02
-2.1097854487152290e-02,-3.6094953414249176e-02
-2.0979169224460748e-02,-3.5894011553864402e-02
-2.0862204499735526e-02,-3.5691334944203845e-02
-2.0744188335015679e-02,-3.5491260459821206e-02
-2.0627191748531004e-02,-3.5289740349981003e-02
-2.0510354471070968e-02,-3.5091978864329576e-02
-2.0394919113414289e-02,-3.4892482629402366e-02
-2.0280853813915201e-02,-3.4697612393756572e-02
-2.0166884099808158e-02,-3.4501296533562709e-02
-2.0052595767651837e-02,-3.4307293673009553e-02
-1.9939422599009049e-02,-3.4116760312826955e-02
-1.9827045975603141e-02,-3.3923913952094154e-02
-1.9715720792305547e-02,-3.3730778466633637e-02
-1.9604905397955008e-02,-3.3541401605361898e-02
-1.9494121865363923e-02,-3.3354048619912646e-02
-1.9384995147333939e-02,-3.3165250009005831e-02
-1.9275486087394711e-02,-3.2978764397739724e-02
-1.9167155914715295e-02,-3.2794591787023819e-02
-1.9058889465554785e-02,-3.2606949675937358e-02
-1.8952056798184458e-02,-3.2425668314317591e-02
-1.8843854072770228e-02,-3.2247856452158885e-02
-1.8738264016178618e-02,-3.2061659966529987e-02
-1.8633438643064437e-02,-3.1880956855275144e-02
-1.8527083902995400e-02,-3.1702855868388724e-02
-1.8423086937104927e-02,-3.1522731006589311e-02
-1.8320523753004636e-02,-3.1346364769888169e-02
-1.8216048859926559e-02,-3.1168552908638958e-02
-1.8115015043008498e-02,-3.0993632296485885e-02
-1.8011878346214871e-02,-3.0819289934697736e-02
-1.7910589634652752e-02,-3.0647838822915219e-02
-1.7809523955861550e-02,-3.0474363835310214e-02
-1.7709350407926649e-02,-3.0302045348435058e-02
-1.7609750372685085e-02,-3.0131750736472895e-02
-1.7509863581040008e-02,-2.9962323498693877e-02
-1.7411633603842347e-02,-2.9793474511279783e-02
-1.7313531073909871e-02,-2.9627227649143606e-02
-1.7215874609291859e-02,-2.9459535161549866e-02
-1.7119333308414753e-02,-2.9291553549228411e-02
-1.7022664560158773e-02,-2.9126752311640303e-02
-1.6926155120927433e-02,-2.8963396698600263e-02
-1.6830983877980543e-02,-2.8800330211197434e-02
-1.6737246416823837e-02,-2.8640154972890741e-02
-1.6643126613757886e-02,-2.8476799360760197e-02
-1.6548210265341368e-02,-2.8318937122094212e-02
-1.6455141902270043e-02,-2.8158183634332090e-02
-1.6361786782795207e-02,-2.8000321395666106e-02
-1.6270056616008333e-02,-2.7844193908094894e-02
-1.6178581343638143e-02,-2.7686331669428910e-02
-1.6086914900483862e-02,-2.7530204180948203e-02
-1.5996714100765530e-02,-2.7373787567739782e-02
-1.5906449577414605e-02,-2.7220262204536994e-02
-1.5816312501328866e-02,-2.7065291215876641e-02
-1.5728023410588321e-02,-2.6915524477772124e-02
-1.5639224530787033e-02,-2.6761709988932125e-02
-1.5551540814499276e-02,-2.6610786750097759e-02
-1.5464271301766530e-02,-2.6463333011633949e-02
-1.5376237105556356e-02,-2.6314144522075367e-02
-1.5289923447312503e-02,-2.6165823408518918e-02
-1.5203641650941790e-02,-2.6018369670055108e-02
-1.5118475018084609e-02,-2.5873518055050226e-02
-1.5033180937962243e-02,-2.5727220816406771e-02
-1.4947886857839876e-02,-2.5581212702491030e-02
-1.4864154006772878e-02,-2.5436939337851072e-02
-1.4780102537429229e-02,-2.5293533349213249e-02
-1.4697707882532995e-02,-2.5150705610030855e-02
-1.4613879445960265e-02,-2.5012503870129876e-02
-1.4531930856378494e-02,-2.4869387005310273e-02
-1.4450555779603746e-02,-2.4732341766139143e-02
-1.4368798361033441e-02,-2.4589803151684464e-02
-1.4287901211446297e-02,-2.4451023162328056e-02
-1.4207418265527849e-02,-2.4315423547704995e-02
-1.4127349523050725e-02,-2.4178378307624371e-02
-1.4048236635176181e-02,-2.4042778693001310e-02
-1.3968295340077930e-02,-2.3906600828013325e-02
-1.3890138306692279e-02,-2.3771579462845693e-02
-1.3811726378662570e-02,-2.3639449347683694e-02
-1.3734270305235441e-02,-2.3504138857788348e-02
-1.3656336304393335e-02,-2.3374610867904266e-02
-1.3578943954598799e-02,-2.3242480752742267e-02
-1.3501774637461494e-02,-2.3110639762307983e-02
-1.3426102825633279e-02,-2.2980822647696186e-02
-1.3350622184702843e-02,-2.2849270781989617e-02
-1.3275460161821684e-02,-2.2722634042111167e-02
