-3.3432871821355548e-01,-1.4565626182593405e-01
-3.4894538980131529e-01,-1.6342010049356759e-01
-3.4059300603689735e-01,-1.5868307684922911e-01
-3.5938586950692297e-01,-1.6815712413881556e-01
-3.6982634921253066e-01,-1.4328775000285532e-01
-3.1135966286126404e-01,-1.4684051773656392e-01
-3.4894538980131529e-01,-1.5986733275985898e-01
-3.2388823850794779e-01,-1.5513030911552050e-01
-3.0091918315565636e-01,-1.4565626182593405e-01
-3.4476919791916316e-01,-1.5868307684922911e-01
-3.4685729386023922e-01,-1.6697286822727619e-01
-3.1971204662568198e-01,-1.6815712413881556e-01
-3.1135966286126404e-01,-1.5276179729335126e-01
-3.2806443039021360e-01,-1.6697286822727619e-01
-3.1344775880234010e-01,-1.7052563596098480e-01
-3.7191444515360672e-01,-1.6697286822727619e-01
-3.1553585474341617e-01,-1.4091923818068608e-01
-3.2388823850794779e-01,-1.6105158867139835e-01
-3.8026682891813834e-01,-1.4447200591439469e-01
-3.0300727909673242e-01,-1.5513030911552050e-01
-3.0718347097899823e-01,-1.5394605320398114e-01
-3.0718347097899823e-01,-1.2789242315739102e-01
-3.5103348574250504e-01,-1.7052563596098480e-01
-2.9883108721446661e-01,-1.5631456502615038e-01
-3.6356206138918878e-01,-1.5631456502615038e-01
-3.2388823850794779e-01,-1.5394605320398114e-01
-3.3432871821355548e-01,-1.4684051773656392e-01
-3.8026682891813834e-01,-1.5986733275985898e-01
-3.0927156692007429e-01,-1.5749882093768974e-01
-3.1553585474341617e-01,-1.6342010049356759e-01
-3.5312158168358110e-01,-1.4565626182593405e-01
-3.4268110197797341e-01,-1.6578861231664632e-01
-3.3850491009570760e-01,-1.7526265960623277e-01
-3.2806443039021360e-01,-1.3618221453543811e-01
-3.5312158168358110e-01,-1.6460435640510696e-01
-3.2388823850794779e-01,-1.5631456502615038e-01
-3.1971204662568198e-01,-1.5276179729335126e-01
-3.2180014256687173e-01,-1.3973498226914671e-01
-3.5729777356584691e-01,-1.6815712413881556e-01
-3.6356206138918878e-01,-1.5631456502615038e-01
-3.4685729386023922e-01,-1.4802477364810329e-01
-3.3850491009570760e-01,-1.3026093497956026e-01
-3.1135966286126404e-01,-1.5868307684922911e-01
-3.4476919791916316e-01,-1.5157754138181190e-01
-2.9883108721446661e-01,-1.5986733275985898e-01
-3.4894538980131529e-01,-1.7170989187252417e-01
-3.3850491009570760e-01,-1.7881542733994138e-01
-3.4059300603689735e-01,-1.6815712413881556e-01
-3.2388823850794779e-01,-1.3855072635851684e-01
-3.1971204662568198e-01,-1.5749882093768974e-01
-3.4894538980131529e-01,-1.6342010049356759e-01
-3.1553585474341617e-01,-1.5394605320398114e-01
-3.5520967762465716e-01,-1.6815712413881556e-01
-3.7400254109479647e-01,-1.8355245098427986e-01
-3.3641681415463154e-01,-1.7407840369469341e-01
-3.4476919791916316e-01,-1.5394605320398114e-01
-3.5938586950692297e-01,-1.6578861231664632e-01
-3.4268110197797341e-01,-1.5868307684922911e-01
-3.4685729386023922e-01,-1.4565626182593405e-01
-3.4059300603689735e-01,-1.6697286822727619e-01
-3.6982634921253066e-01,-1.6460435640510696e-01
-3.5312158168358110e-01,-1.7289414778406353e-01
-3.2180014256687173e-01,-1.4684051773656392e-01
-3.4476919791916316e-01,-1.7644691551686265e-01
-3.4059300603689735e-01,-1.4920902955964266e-01
-3.8026682891813834e-01,-1.5276179729335126e-01
-3.4476919791916316e-01,-1.5868307684922911e-01
-3.4059300603689735e-01,-1.4920902955964266e-01
-3.6565015733026485e-01,-1.6460435640510696e-01
-3.4059300603689735e-01,-1.5631456502615038e-01
-3.5938586950692297e-01,-1.6934138005035493e-01
-3.9697159644708790e-01,-1.6815712413881556e-01
-3.0718347097899823e-01,-1.4565626182593405e-01
-3.4476919791916316e-01,-1.3855072635851684e-01
-3.5312158168358110e-01,-1.7644691551686265e-01
-3.1971204662568198e-01,-1.5157754138181190e-01
-3.8444302080040416e-01,-1.8355245098427986e-01
-3.4059300603689735e-01,-1.6815712413881556e-01
-3.4059300603689735e-01,-1.3499795862480823e-01
-3.4894538980131529e-01,-1.5631456502615038e-01
-3.4059300603689735e-01,-1.7052563596098480e-01
-3.6356206138918878e-01,-1.7052563596098480e-01
-3.5729777356584691e-01,-1.5157754138181190e-01
-4.0950017209377165e-01,-1.6578861231664632e-01
-3.9697159644708790e-01,-1.5986733275985898e-01
-3.6147396544811272e-01,-1.5039328547027253e-01
-4.1576445991711353e-01,-1.7170989187252417e-01
-3.6356206138918878e-01,-1.6815712413881556e-01
-4.1158826803484772e-01,-1.8710521871798846e-01
-4.6170257062169640e-01,-2.1908012832136592e-01
-4.5126209091608871e-01,-2.1552736058765731e-01
-4.9720020162078526e-01,-2.2381715196570440e-01
-5.0972877726746901e-01,-2.3802822290053882e-01
-5.4940260014871001e-01,-2.7000313250391628e-01
-5.9742880679436894e-01,-2.8658271526091994e-01
-7.1436217949701586e-01,-3.3395295170976169e-01
-8.0623840090618160e-01,-3.7658616451335547e-01
-1.0588980097815011e+00,-4.7961642878908606e-01
-1.2802361795399975e+00,-6.0870032311231625e-01
-1.6143315301189887e+00,-7.5081103245793201e-01
-2.0507435818126396e+00,-9.6397709647771990e-01
-2.6458509250312545e+00,-1.2481985151698609e+00
-3.3829487922459975e+00,-1.5857114498676310e+00
-4.2432443199867294e+00,-2.0025695306167108e+00
-5.2810280027223371e+00,-2.4869301983053447e+00
-6.4921236485708960e+00,-3.0873479452930042e+00
-7.9391741357658248e+00,-3.7789533974446385e+00
-9.5115103794277047e+00,-4.5499039956484921e+00
-1.1522346770724539e+01,-5.4736236063990873e+00
-1.3744080852074262e+01,-6.5394539264952982e+00
-1.6306174571826205e+01,-7.7568690032285303e+00
-1.9229508889391582e+01,-9.1578437462003421e+00
-2.2610136218061825e+01,-1.0755404970434029e+01
-2.6404206543073428e+01,-1.2554289699575747e+01
-3.0626336536014378e+01,-1.4560419213180467e+01
-3.5416428624939385e+01,-1.6844848865921449e+01
-4.0705575643791576e+01,-1.9340076070859141e+01
-4.6554332374863520e+01,-2.2131367253601638e+01
-5.2954346434390573e+01,-2.5167799409966392e+01
-6.0055960730133393e+01,-2.8512138103247707e+01
-6.7660806147685662e+01,-3.2094512234684771e+01
-7.5745913631695089e+01,-3.5939791178411724e+01
-8.4503388008744537e+01,-4.0051527702163185e+01
-9.3791238754837991e+01,-4.4413142223182149e+01
-1.0356352775927087e+02,-4.9025818997379247e+01
-1.1377849310322085e+02,-5.3831529485104511e+01
-1.2438184429221872e+02,-5.8791193241288966e+01
-1.3539863847755805e+02,-6.3930863895978291e+01
-1.4672864705406505e+02,-6.9236330378238563e+01
-1.5836769382985756e+02,-7.4709961199891040e+01
-1.7023643115917309e+02,-8.0280701006264280e+01
-1.8253114006047667e+02,-8.6026710687497143e+01
-1.9501377759648085e+02,-9.1902988518964776e+01
-2.0788480097753313e+02,-9.7937956642535937e+01
-2.2106486255787081e+02,-1.0418135380648073e+02
-2.3468342428584333e+02,-1.1062370596351047e+02
-2.4878642427215516e+02,-1.1735027953923327e+02
-2.6352838161644922e+02,-1.2438949667551697e+02
-2.7881324390543398e+02,-1.3172477778960638e+02
-2.9478717785498782e+02,-1.3942244121252770e+02
-3.1150029776769736e+02,-1.4746353884970358e+02
-3.2888160838156477e+02,-1.5589070391393579e+02
-3.4697704780729453e+02,-1.6461866997961806e+02
-3.6566133028841966e+02,-1.7369480728319832e+02
-3.8489269390611764e+02,-1.8299832172173319e+02
-4.0445397668251235e+02,-1.9245105240508110e+02
-4.2447464056595311e+02,-2.0210036956969088e+02
-4.4441595680363139e+02,-2.1177337185252600e+02
-4.6439903496013198e+02,-2.2139900389891136e+02
-4.8402296061476022e+02,-2.3082568095221268e+02
-5.0325432423245820e+02,-2.4008419366612088e+02
-5.2195948767299456e+02,-2.4906795900862653e+02
-5.3997557945296171e+02,-2.5770355311323328e+02
-5.5726083765353769e+02,-2.6600281853905472e+02
-5.7375261939648885e+02,-2.7397522933337859e+02
-5.8947598183310834e+02,-2.8157815228340314e+02
-6.0447686307410117e+02,-2.8891817042113689e+02
-6.1884713934087608e+02,-2.9598107267564592e+02
-6.3261604397660903e+02,-3.0288054761440617e+02
-6.4597985799976527e+02,-3.0958106756008146e+02
-6.5899287190481346e+02,-3.1622000619837399e+02
-6.7184719051833667e+02,-3.2280210055292719e+02
-6.8440499950822118e+02,-3.2945998728579980e+02
-6.9690016561987204e+02,-3.3611787401867150e+02
-7.0924916501564485e+02,-3.4276865521607579e+02
-7.2153134534130163e+02,-3.4943127897259183e+02
-7.3360053988096456e+02,-3.5602521588625859e+02
-7.4530640572687275e+02,-3.6258599363441044e+02
-7.5664059049526213e+02,-3.6896439597223434e+02
-7.6733999409755143e+02,-3.7503489177314168e+02
-7.7740044034185848e+02,-3.8075721633615012e+02
-7.8638342908054892e+02,-3.8610531603121399e+02
-7.9433489842432664e+02,-3.9091813205440758e+02
-8.0093745779014216e+02,-3.9508197583825222e+02
-8.0620363575364217e+02,-3.9859921589457190e+02
-8.0984109888306989e+02,-4.0139169133322594e+02
-8.1199601389430381e+02,-4.0339071531136324e+02
-8.1242616165817412e+02,-4.0462707848267564e+02
-8.1117330409350325e+02,-4.0519552132005992e+02
-8.0842536983499190e+02,-4.0493024799594696e+02
-8.0397354928852792e+02,-4.0395915814874752e+02
-7.9803500443198800e+02,-4.0235093862131271e+02
-7.9088118773771726e+02,-4.0013874857915653e+02
-7.8235340391419072e+02,-3.9741022295970834e+02
-7.7297785313857025e+02,-3.9421510051124005e+02
-7.6249143532227504e+02,-3.9067654384851812e+02
-7.5132012203729300e+02,-3.8696745433458182e+02
-7.3949732281868205e+02,-3.8293861572461537e+02
-7.2742812827901935e+02,-3.7887188092549059e+02
-7.1498725266183737e+02,-3.7475540737809388e+02
-7.0252549608524441e+02,-3.7070288364990301e+02
-6.9005121093300454e+02,-3.6674273188278767e+02
-6.7777320679922991e+02,-3.6295784999053285e+02
-6.6567895510827361e+02,-3.5927718261846530e+02
-6.5401902737307000e+02,-3.5592336987789349e+02
-6.4265978545338726e+02,-3.5283246194961248e+02
-6.3190609135662885e+02,-3.5001866990455710e+02
-6.2165354028573893e+02,-3.4751278439641828e+02
-6.1187289889754152e+02,-3.4532191096066344e+02
-6.0281473870497098e+02,-3.4344841810911475e+02
-5.9435377395156024e+02,-3.4192783351911021e+02
-5.8640648079966468e+02,-3.4074357760789189e+02
-5.7920254980280720e+02,-3.3986249120994489e+02
-5.7259999043699167e+02,-3.3933668158536329e+02
-5.6660715508598264e+02,-3.3916378022232584e+02
-5.6115722467966430e+02,-3.3920404492330726e+02
-5.5627943256121216e+02,-3.3956642723214009e+02
-5.5209071210332922e+02,-3.4020829393602071e+02
-5.4837390132813903e+02,-3.4118412080686448e+02
-5.4514152881128803e+02,-3.4240864141906513e+02
-5.4252723269300827e+02,-3.4391027791449051e+02
-5.4040572721683202e+02,-3.4562981749758001e+02
-5.3875195523146658e+02,-3.4761699891660555e+02
-5.3760767865573393e+02,-3.4985524258880832e+02
-5.3684343554128463e+02,-3.5233507446690055e+02
-5.3668891644164182e+02,-3.5505412603905916e+02
-5.3686014030881347e+02,-3.5802423986439499e+02
-5.3764108819079161e+02,-3.6116488654094792e+02
-5.3869766473699747e+02,-3.6467738957362235e+02
-5.4027208907660065e+02,-3.6828937010283971e+02
-5.4229754213948513e+02,-3.7221162568079581e+02
-5.4466544293671313e+02,-3.7641573416562278e+02
-5.4767230109192315e+02,-3.8081169210806638e+02
-5.5095061171947873e+02,-3.8549660849284737e+02
-5.5467577487843346e+02,-3.9040179647711557e+02
-5.5894801917396126e+02,-3.9557936332096415e+02
-5.6370887791971063e+02,-4.0107431074901888e+02
-5.6890823681309462e+02,-4.0683453150118748e+02
-5.7463379588364069e+02,-4.1289555325480433e+02
-5.8079367890993922e+02,-4.1920763726160021e+02
-5.8756328595104424e+02,-4.2588447208905200e+02
-5.9477974552354840e+02,-4.3288816154799952e+02
-6.0258922434333022e+02,-4.4009554302367633e+02
-6.1082467473510019e+02,-4.4773399365103705e+02
-6.1975754917120366e+02,-4.5564956016162341e+02
-6.2931267619776031e+02,-4.6400330135936019e+02
-6.3938982720959643e+02,-4.7264363248761219e+02
-6.4998064982294750e+02,-4.8165581997198751e+02
-6.6123548694557439e+02,-4.9099012506421332e+02
-6.7305828616418512e+02,-5.0075786781994520e+02
-6.8559939038654079e+02,-5.1086193925446332e+02
-6.9878362815876062e+02,-5.2135207811603959e+02
-7.1257758994578717e+02,-5.3218091416822335e+02
-7.2693116144503324e+02,-5.4345029341938061e+02
-7.4210326655319750e+02,-5.5506784390843677e+02
-7.5763452416323435e+02,-5.6707856736001759e+02
-7.7403025349289396e+02,-5.7946351567954298e+02
-7.9086865916207057e+02,-5.9215637053598493e+02
-8.0841701745122737e+02,-6.0533477031602706e+02
-8.2672961885483346e+02,-6.1873344169555639e+02
-8.4543895848725197e+02,-6.3256555073859090e+02
-8.6490001265847309e+02,-6.4675530506681389e+02
-8.8478703840168214e+02,-6.6130507319204753e+02
-9.0522949766522879e+02,-6.7608458696405796e+02
-9.2638608574063778e+02,-6.9128569584046090e+02
-9.4791017870168344e+02,-7.0678760571831481e+02
-9.7008575759635823e+02,-7.2250505017200976e+02
-9.9255784611467152e+02,-7.3853987520991177e+02
-1.0155686633857933e+03,-7.5483760506010367e+02
-1.0389219283912587e+03,-7.7137929162800719e+02
-1.0628723888358836e+03,-7.8823835878011687e+02
-1.0871318874797942e+03,-8.0528216985437757e+02
-1.1116336052528745e+03,-8.2254625252812366e+02
-1.1365529422141783e+03,-8.4004955489593704e+02
-1.1618397840611190e+03,-8.5768075690216210e+02
-1.1873730212291116e+03,-8.7548959729506896e+02
-1.2130566013048647e+03,-8.9349502416923860e+02
-1.2390408671961388e+03,-9.1163545621728736e+02
-1.2653675808217563e+03,-9.2992747302197222e+02
-1.2918738706983099e+03,-9.4839475970151716e+02
-1.3183926891505103e+03,-9.6694494429484757e+02
-1.3453040696396408e+03,-9.8562776555023447e+02
-1.3722947977745339e+03,-1.0045048047750611e+03
-1.3994609259684810e+03,-1.0234481623309161e+03
-1.4267272827676015e+03,-1.0425312620842951e+03
-1.4541857443933050e+03,-1.0617351559406179e+03
-1.4818864251481782e+03,-1.0811356362782035e+03
-1.5098502059916323e+03,-1.1006237515532189e+03
-1.5379392725915536e+03,-1.1202681886085156e+03
-1.5664083726527583e+03,-1.1400499993495132e+03
-1.5950069346623122e+03,-1.1600094484771939e+03
-1.6238727729523293e+03,-1.1802341709289876e+03
-1.6531854637737461e+03,-1.2005820559955482e+03
-1.6827278451486854e+03,-1.2211762662916422e+03
-1.7126168504498505e+03,-1.2420215388409142e+03
-1.7430905226145283e+03,-1.2631439272734119e+03
-1.7737354186463781e+03,-1.2844723762344611e+03
-1.8050067434605635e+03,-1.3061395223861191e+03
-1.8368293256032039e+03,-1.3281145750746941e+03
-1.8691655793473592e+03,-1.3503833232292513e+03
-1.9020530904199700e+03,-1.3729694519680152e+03
-1.9355628540830339e+03,-1.3959511221811263e+03
-1.9695862893476128e+03,-1.4192833321439580e+03
-2.0043489105753474e+03,-1.4429660818565103e+03
-2.0398674225337672e+03,-1.4670585841143443e+03
-2.0761376490309890e+03,-1.4915134686810111e+03
-2.1129131947459618e+03,-1.5163354725801560e+03
-2.1504362788078547e+03,-1.5415435439063581e+03
-2.1886901964491390e+03,-1.5671542622423744e+03
-2.2275580142971121e+03,-1.5930752556271304e+03
-2.2670480847355384e+03,-1.6193799479271211e+03
-2.3072940459046495e+03,-1.6460067578349631e+03
-2.3479576262619839e+03,-1.6729414742797226e+03
-2.3893687449662389e+03,-1.7002125194032674e+03
-2.4312601257369511e+03,-1.7277109416617668e+03
-2.4736777066848249e+03,-1.7555125334335380e+03
-2.5166173116179784e+03,-1.7835628189466647e+03
-2.5598701309422995e+03,-1.8118333760592786e+03
-2.6036575028275465e+03,-1.8402697289994630e+03
-2.6477246795689039e+03,-1.8689429331218912e+03
-2.6921823302512503e+03,-1.8977464053945537e+03
-2.7369448429409995e+03,-1.9267405428689217e+03
-2.7819746319112123e+03,-1.9558507374225896e+03
-2.8272737852578293e+03,-1.9851006741737815e+03
-2.8728297744052038e+03,-2.0145045641934316e+03
-2.9187365636706859e+03,-2.0440600389697179e+03
-2.9648709553937501e+03,-2.0736948588920554e+03
-3.0112726233972771e+03,-2.1035250810397442e+03
-3.0580355319986179e+03,-2.1335116249677139e+03
-3.1050970383195386e+03,-2.1636959396328575e+03
-3.1525803400205650e+03,-2.1940721037556182e+03
-3.2005814895149888e+03,-2.2247159097143140e+03
-3.2490274034448707e+03,-2.2555527493865388e+03
-3.2979285222899166e+03,-2.2867022326193255e+03
-3.3474351889578866e+03,-2.3181833075072532e+03
-3.3976622487255422e+03,-2.3499178131601820e+03
-3.4484718872607696e+03,-2.3820549658229247e+03
-3.5000520331982698e+03,-2.4144952879989396e+03
-3.5523901579623962e+03,-2.4473986542362413e+03
-3.6054403234424435e+03,-2.4806916406683335e+03
-3.6593967225609358e+03,-2.5143552992006375e+03
-3.7141236290817014e+03,-2.5484216047427558e+03
-3.7695792810859166e+03,-2.5828467398259736e+03
-3.8259369905366957e+03,-2.6176875487340290e+03
-3.8829921240318072e+03,-2.6528587650413142e+03
-3.9407885315860167e+03,-2.6884136802638345e+03
-3.9992802750886176e+03,-2.7242540011609585e+03
-4.0584193283329660e+03,-2.7603856490122425e+03
-4.1181534889205323e+03,-2.7967849386994617e+03
-4.1783553829989096e+03,-2.8333938416829665e+03
-4.2390939177341534e+03,-2.8701981468918225e+03
-4.3002793050007976e+03,-2.9071836432550949e+03
-4.3617977435700495e+03,-2.9443148030954471e+03
-4.4236920394087028e+03,-2.9815714940623889e+03
-4.4858880651108475e+03,-3.0189359523172516e+03
-4.5484474195067469e+03,-3.0564377842578151e+03
-4.6112991073344028e+03,-3.0940266590078536e+03
-4.6744953309923430e+03,-3.1317706712822619e+03
-4.7380433988163622e+03,-3.1696556100101052e+03
-4.8020424953636630e+03,-3.2077057524375632e+03
-4.8664372860918047e+03,-3.2459276119721480e+03
-4.9313854222443433e+03,-3.2843940203523998e+03
-4.9969119609725722e+03,-3.3231351761040537e+03
-5.0631213070735457e+03,-3.3621605532744006e+03
-5.1300426938904411e+03,-3.4015145614601106e+03
-5.1977460726372847e+03,-3.4412220700353191e+03
-5.2662773814247821e+03,-3.4813097247580290e+03
-5.3356898666994311e+03,-3.5218083162819321e+03
-5.4059803963173208e+03,-3.5626923831049371e+03
-5.4771844679094493e+03,-3.6039678465065990e+03
-5.5492665838448174e+03,-3.6456429962782977e+03
-5.6222048191160447e+03,-3.6876888181502081e+03
-5.6959636760921312e+03,-3.7300721529568154e+03
-5.7704752916549915e+03,-3.7727586572766950e+03
-5.8456613622068317e+03,-3.8157228696077555e+03
-5.9214916103565074e+03,-3.8588812999082556e+03
-5.9978177812921995e+03,-3.9022570411684646e+03
-6.0746398750139060e+03,-3.9457701561143745e+03
-6.1518571408924690e+03,-3.9893993281395842e+03
-6.2294398235607287e+03,-4.0331143587183574e+03
-6.3073268462124061e+03,-4.0769063659313597e+03
-6.3855490082626320e+03,-4.1207954821290814e+03
-6.4640901269678643e+03,-4.1647497324019205e+03
-6.5429580326878822e+03,-4.2087969467637904e+03
-6.6222263308046086e+03,-4.2529717647000944e+03
-6.7019143362055001e+03,-4.2972889894097216e+03
-6.7821400263112300e+03,-4.3417977675129896e+03
-6.8629498612564867e+03,-4.3865395479667886e+03
-6.9444331071427550e+03,-4.4315332788657006e+03
-7.0266383122006637e+03,-4.4768144878870598e+03
-7.1096140246608466e+03,-4.5224323216511839e+03
-7.1934265415694308e+03,-4.5683625029118912e+03
-7.2780288807677443e+03,-4.6146136175245392e+03
-7.3635092643092976e+03,-4.6612262262540871e+03
-7.4497418844136382e+03,-4.7081147666109482e+03
-7.5367528422800315e+03,-4.7552890087063915e+03
-7.6244116319121567e+03,-4.8026817460174543e+03
-7.7126955452666534e+03,-4.8502843926887799e+03
-7.8014933912346569e+03,-4.8980445453962984e+03
-7.8907357406261272e+03,-4.9459009188966038e+03
-7.9803453338912423e+03,-4.9938475919101393e+03
-8.0702861513750158e+03,-5.0418482965996236e+03
-8.1605190412785541e+03,-5.0898858612543454e+03
-8.2510199904985329e+03,-5.1379705000815375e+03
-8.3418443335773936e+03,-5.1860998445693785e+03
-8.4330030330188256e+03,-5.2343126790989600e+03
-8.5245668230728334e+03,-5.2826255832530396e+03
-8.6165578897587930e+03,-5.3310940690274556e+03
-8.7091059560370450e+03,-5.3797372325487768e+03
-8.8022496516825031e+03,-5.4286058487891960e+03
-8.8960544907053154e+03,-5.4777172374914153e+03
-8.9905516640386068e+03,-5.5270853136623909e+03
-9.0857582679678908e+03,-5.5767259167249358e+03
-9.1816512029318219e+03,-5.6266018906498348e+03
-9.2782101099949741e+03,-5.6767268543800683e+03
-9.3753390672500518e+03,-5.7270200564656889e+03
-9.4729762148547979e+03,-5.7774700244275573e+03
-9.5710085346164014e+03,-5.8280169533421567e+03
-9.6693876088102261e+03,-5.8786049611336766e+03
-9.7679834534639394e+03,-5.9292109548118488e+03
-9.8667676182703417e+03,-5.9797924491958565e+03
-9.9656672808834865e+03,-6.0303490001897344e+03
-1.0064681397255405e+04,-6.0808740203699763e+03
-1.0163853425882869e+04,-6.1313918609987568e+03
-1.0263200463051398e+04,-6.1819121441553534e+03
-1.0362800942864782e+04,-6.2324888274997229e+03
-1.0462717899719240e+04,-6.2831663206285339e+03
-1.0563015803576958e+04,-6.3339697889799008e+03
-1.0663793773742136e+04,-6.3849370547269882e+03
-1.0765012332150891e+04,-6.4360863998204259e+03
-1.0866740385969280e+04,-6.4874062037490849e+03
-1.0968917576174003e+04,-6.5389030909444682e+03
-1.1071485892849696e+04,-6.5905143328512777e+03
-1.1174356657171860e+04,-6.6422066592800093e+03
-1.1277420505115580e+04,-6.6939320708582600e+03
-1.1380555739839288e+04,-6.7456206594792720e+03
-1.1483658674328906e+04,-6.7972307171301709e+03
-1.1586649765179678e+04,-6.8487253468377230e+03
-1.1689458017129606e+04,-6.9000821957716043e+03
-1.1792091978321449e+04,-6.9513082769472894e+03
-1.1894522089147038e+04,-7.0024040899727397e+03
-1.1996827762505138e+04,-7.0534199842281814e+03
-1.2099059634722318e+04,-7.1043923015668906e+03
-1.2201300707612241e+04,-7.1553641933136314e+03
-1.2303603705597416e+04,-7.2063763497613545e+03
-1.2406015937101511e+04,-7.2574512717723710e+03
-1.2508523894753906e+04,-7.3085947510982478e+03
-1.2611089617622923e+04,-7.3597867664124869e+03
-1.2713663921261197e+04,-7.4109935849256162e+03
-1.2816121307840020e+04,-7.4621561418740621e+03
-1.2918300194622694e+04,-7.5132103394066335e+03
-1.3020099504715072e+04,-7.5641069568870171e+03
-1.3121375485762208e+04,-7.6147844500158280e+03
-1.3222036914072674e+04,-7.6652109178994588e+03
-1.3322025192454121e+04,-7.7153694478831758e+03
-1.3421328249101891e+04,-7.7652776927816558e+03
-1.3519955154182728e+04,-7.8149555999054046e+03
-1.3617963199829017e+04,-7.8644472087711183e+03
-1.3715427035470650e+04,-7.9138047006548877e+03
-1.3812662224606731e+04,-7.9632014210157158e+03
-1.3909385177707258e+04,-8.0125039930316025e+03
-1.4005537950109861e+04,-8.0617070875509471e+03
-1.4101092613531331e+04,-8.1107795438400844e+03
-1.4195873050129634e+04,-8.1596785066382290e+03
-1.4289747122583496e+04,-8.2083254449752658e+03
-1.4382541649435798e+04,-8.2566571491919367e+03
-1.4474065308895939e+04,-8.3046109277409396e+03
-1.4564203190434157e+04,-8.3521407796817221e+03
-1.4652864527130010e+04,-8.3992407467267331e+03
-1.4740015126412465e+04,-8.4459277415307042e+03
-1.4825650420571650e+04,-8.4922233397560176e+03
-1.4909672138592336e+04,-8.5381142925396671e+03
-1.4992152450290487e+04,-8.5836715812203292e+03
-1.5073119544961310e+04,-8.6289321397792373e+03
-1.5152501905318821e+04,-8.6739010013040133e+03
-1.5230147100359316e+04,-8.7185342002939524e+03
-1.5305851018704556e+04,-8.7627655664500162e+03
-1.5379477934118362e+04,-8.8065797044453611e+03
-1.5450677176988627e+04,-8.8498585587688322e+03
-1.5519165810315328e+04,-8.8925192315066488e+03
-1.5584699526873354e+04,-8.9345244926136002e+03
-1.5647127853248947e+04,-8.9758799673052636e+03
-1.5706319108891823e+04,-9.0166252541386712e+03
-1.5762174370256771e+04,-9.0568344431242713e+03
-1.5814550472265824e+04,-9.0965695596654114e+03
-1.5863191362154210e+04,-9.1358657613594532e+03
-1.5907670546325948e+04,-9.1747255647502134e+03
-1.5947526816590047e+04,-9.2132842710755449e+03
-1.5981167282008426e+04,-9.2506974688627542e+03
-1.6007198399552379e+04,-9.2861174899353864e+03
-1.6024928878959401e+04,-9.3191473495072059e+03
-1.6034050921837172e+04,-9.3496488967245677e+03
-1.6034459275099654e+04,-9.3776105850923359e+03
-1.6026114264923975e+04,-9.4030649076320769e+03
-1.6008890736059659e+04,-9.4260076454321061e+03
-1.5982569699444879e+04,-9.4463821762566695e+03
-1.5946802769322467e+04,-9.4640764768981644e+03
-1.5902228576785406e+04,-9.4786964121861365e+03
-1.5849786308236215e+04,-9.4901969803959619e+03
-1.5790191071281732e+04,-9.4987907924717019e+03
-1.5723991056359495e+04,-9.5047440839453957e+03
-1.5651608189355607e+04,-9.5083130241738399e+03
-1.5573359306202634e+04,-9.5097096689811351e+03
-1.5489234651577352e+04,-9.5090982228509747e+03
-1.5399485416896174e+04,-9.5065848247193990e+03
-1.5304268176728188e+04,-9.5022517803722385e+03
-1.5203651642480458e+04,-9.4961511970695865e+03
-1.5097676858288823e+04,-9.4883293718159730e+03
-1.4986368326654094e+04,-9.4788196488168978e+03
-1.4869753616967992e+04,-9.4676608124534541e+03
-1.4747875535197310e+04,-9.4548986046102109e+03
-1.4620785272319108e+04,-9.4405823569474705e+03
-1.4488541458152227e+04,-9.4247655090132266e+03
-1.4351214533308186e+04,-9.4075020924834298e+03
-1.4208862377196350e+04,-9.3888437335142080e+03
-1.4061532461372883e+04,-9.3688334724063388e+03
-1.3909264720672654e+04,-9.3475077620370830e+03
-1.3752077654320645e+04,-9.3248943954123606e+03
-1.3589975046990749e+04,-9.3010162804824540e+03
-1.3422954419069036e+04,-9.2758882204462534e+03
-1.3250999979329950e+04,-9.2495252775586305e+03
-1.3074099884354326e+04,-9.2219392203627012e+03
-1.2892236320073665e+04,-9.1931458142652846e+03
-1.2705397410442303e+04,-9.1631640443689575e+03
-1.2513573824281504e+04,-9.1320130808162812e+03
-1.2316764321784302e+04,-9.0997211977171391e+03
-1.2114962703915871e+04,-9.0663135605096395e+03
-1.1908170699880664e+04,-9.0318200716555475e+03
-1.1696380756644143e+04,-8.9962711517285788e+03
-1.1479582629485596e+04,-8.9596958520065527e+03
-1.1257758716408771e+04,-8.9221217804554053e+03
-1.1030885020623593e+04,-8.8835738804652628e+03
-1.0798924804692100e+04,-8.8440763552663120e+03
-1.0561836763466456e+04,-8.8036514836728820e+03
-1.0319564926187488e+04,-8.7623217665472876e+03
-1.0072048281301917e+04,-8.7201048937122014e+03
-9.8192164045114805e+03,-8.6770252904457921e+03
-9.5609946137597817e+03,-8.6331030520905515e+03
-9.2972990752574387e+03,-8.5883618637647087e+03
-9.0280374233855509e+03,-8.5428264468104062e+03
-8.7531098373701880e+03,-8.4965260745534506e+03
-8.4724079646079026e+03,-8.4494871521998630e+03
-8.1858104182088664e+03,-8.4017423208031960e+03
-7.8931808357201789e+03,-8.3533238328330317e+03
-7.5943673571018699e+03,-8.3042648104468863e+03
-7.2891983669687779e+03,-8.2545992454902134e+03
-6.9774748599897657e+03,-8.2043636833602723e+03
-6.6589722516584170e+03,-8.1535932076384306e+03
-6.3334318954032742e+03,-8.1023250113619033e+03
-6.0005561233599810e+03,-8.0505959544959260e+03
-5.6600023246616993e+03,-7.9984457281175219e+03
-5.3113717871764229e+03,-7.9459130055837941e+03
-4.9542018671471960e+03,-7.8930410492434967e+03
-4.5911976765524896e+03,-7.8403395702424195e+03
-4.2271783776919083e+03,-7.7885915652818621e+03
-3.8644205497917546e+03,-7.7381720549017100e+03
-3.5039517155008034e+03,-7.6892613420644475e+03
-3.1462148447970644e+03,-7.6419472837554858e+03
-2.7913766427775868e+03,-7.5962729387795989e+03
-2.4394829823000759e+03,-7.5522634448189019e+03
-2.0905233739450787e+03,-7.5099345857842100e+03
-1.7444679155261874e+03,-7.4692963168267779e+03
-1.4012779283287434e+03,-7.4303571682899674e+03
-1.0609124987229004e+03,-7.3931235148012984e+03
-7.2333373102997643e+02,-7.3576001859044100e+03
-3.8848527928606097e+02,-7.3237890505031628e+03
-5.6340324508909930e+01,-7.2916925881333691e+03
2.7313020351215670e+02,-7.2613138519548011e+03
5.9996023633618222e+02,-7.2326518982635298e+03
9.2418182949851280e+02,-7.2057055613076418e+03
1.2458287677389455e+03,-7.1804714178473942e+03
1.5649284246902087e+03,-7.1569470253549698e+03
1.8815197563922036e+03,-7.1351256853828709e+03
2.1956389456324100e+03,-7.1150010140515769e+03
2.5073208538250951e+03,-7.0965658133056268e+03
2.8166011254205032e+03,-7.0798114787856648e+03
3.1235157800736192e+03,-7.0647277777804593e+03
3.4281009516321737e+03,-7.0513050882107309e+03
3.7303940953171109e+03,-7.0395308643654207e+03
4.0304336940840954e+03,-7.0293922459654932e+03
4.3282574478528140e+03,-7.0208765022599000e+03
4.6239054382773866e+03,-7.0139679418578216e+03
4.9174177306986840e+03,-7.0086527792802881e+03
5.2088360707222773e+03,-7.0049129546246550e+03
5.4982017961225029e+03,-7.0027313701962048e+03
5.7855590831791133e+03,-7.0020909468042155e+03
6.0709511293768919e+03,-7.0029715706021971e+03
6.3544242806577804e+03,-7.0053541639675786e+03
6.6360239367952499e+03,-7.0092170957259823e+03
6.9157986949596789e+03,-7.0145399189589416e+03
7.1937972828274442e+03,-7.0213002993401296e+03
7.4700709240021006e+03,-7.0294762541191949e+03
7.7446711357256963e+03,-7.0390425623460278e+03
8.0176520127337053e+03,-7.0499772042622808e+03
8.2890681880988377e+03,-7.0622545703338710e+03
8.5589775738569588e+03,-7.0758531219064153e+03
8.8274409368626057e+03,-7.0907462872379047e+03
9.0945192968256833e+03,-7.1069113064100457e+03
9.3602779393708497e+03,-7.1243235320966869e+03
9.6247854861822962e+03,-7.1429609075314802e+03
9.8881128183292749e+03,-7.1628025972119904e+03
1.0150339087698550e+04,-7.1838258412199193e+03
1.0411545093815097e+04,-7.2060120985486610e+03
1.0671822329538958e+04,-7.2293456037913957e+03
1.0931268951692617e+04,-7.2538107395732941e+03
1.1189995400975458e+04,-7.2793955523112527e+03
1.1448125747806860e+04,-7.3060934915897624e+03
1.1705803654818896e+04,-7.3339006715691148e+03
1.1963195468217122e+04,-7.3628217182489625e+03
1.2220501057934905e+04,-7.3928670308765268e+03
1.2477964086824000e+04,-7.4240602205540363e+03
1.2735890991120388e+04,-7.4564379622067427e+03
1.2990486419908970e+04,-7.4895053478877489e+03
1.3239826306972751e+04,-7.5229606884036693e+03
1.3483007656853322e+04,-7.5566214973201868e+03
1.3719596985727279e+04,-7.5903617624067483e+03
1.3949372629159876e+04,-7.6240891117022766e+03
1.4172207825045560e+04,-7.6577297142523093e+03
1.4388000346406086e+04,-7.6912192871656644e+03
1.4596683724906210e+04,-7.7245047239663227e+03
1.4797876785157176e+04,-7.7574884715735980e+03
1.4990824076886038e+04,-7.7900076947996986e+03
1.5175253299331476e+04,-7.8219774972989871e+03
1.5351133481789235e+04,-7.8533546352267067e+03
1.5518545513507162e+04,-7.8841203640322619e+03
1.5677621360517409e+04,-7.9142692435400622e+03
1.5828510101450898e+04,-7.9438054834097902e+03
1.5971363104910954e+04,-7.9727389000127114e+03
1.6106324781899973e+04,-8.0010839727277380e+03
1.6233528768519032e+04,-8.0288585764175332e+03
1.6353095597251513e+04,-8.0560832366425548e+03
1.6465131065638150e+04,-8.0827804912731162e+03
1.6569726623716710e+04,-8.1089743584994158e+03
1.6666957104441142e+04,-8.1346896012975958e+03
1.6756881602557907e+04,-8.1599512255087830e+03
1.6839539687892924e+04,-8.1847855923920015e+03
1.6914951998746008e+04,-8.2092189891902781e+03
1.6983116732503091e+04,-8.2332785728345807e+03
1.7044008742290011e+04,-8.2569921409568233e+03
1.7097576747406827e+04,-8.2803884348928514e+03
1.7143738737069805e+04,-8.3034978035133881e+03
1.7182302373988539e+04,-8.3263020296318009e+03
1.7212899431416117e+04,-8.3486194803107082e+03
1.7235497111564320e+04,-8.3703701477296054e+03
1.7250211768685513e+04,-8.3915223183478683e+03
1.7257228488830646e+04,-8.4120663677732227e+03
1.7256763320598329e+04,-8.4320034883570770e+03
1.7249047565475470e+04,-8.4513400709179532e+03
1.7234320057591955e+04,-8.4700846076347134e+03
1.7212852693956185e+04,-8.4882249726057671e+03
1.7184890059118508e+04,-8.5057847324080976e+03
1.7150668087528713e+04,-8.5227808453781836e+03
1.7110417746252104e+04,-8.5392261133918146e+03
1.7064365601854908e+04,-8.5551311860784444e+03
1.7012732702946705e+04,-8.5705055195596124e+03
1.6955733699264951e+04,-8.5853575464544356e+03
1.6893576682620769e+04,-8.5996951049410782e+03
1.6826462420176249e+04,-8.6135253566452520e+03
1.6754685021468191e+04,-8.6268369343293107e+03
1.6678202952963271e+04,-8.6396771897257022e+03
1.6597251390545171e+04,-8.6520370419971096e+03
1.6512032789797297e+04,-8.6639146361176699e+03
1.6422728201280515e+04,-8.6753114339032763e+03
1.6329503441019784e+04,-8.6862298998552396e+03
1.6232513853972996e+04,-8.6966730489688380e+03
1.6131906296090825e+04,-8.7066437158253575e+03
1.6027820180403836e+04,-8.7161443764911128e+03
1.5920388727025247e+04,-8.7251772537589368e+03
1.5809739275141807e+04,-8.7337443344956810e+03
1.5695993784646234e+04,-8.7418468145222541e+03
1.5579269549841878e+04,-8.7494858890813175e+03
1.5459678924156631e+04,-8.7566622734680677e+03
1.5337330121531317e+04,-8.7633763730357259e+03
1.5212327110383569e+04,-8.7696283953760249e+03
1.5084770137670963e+04,-8.7754181670139769e+03
1.4954755909356352e+04,-8.7807453889943572e+03
1.4822377804009471e+04,-8.7856094339159590e+03
1.4687726000763987e+04,-8.7900095922660876e+03
1.4550887896324943e+04,-8.7939448422770693e+03
1.4411948216612558e+04,-8.7974140858522369e+03
1.4270989055761094e+04,-8.8004160144119396e+03
1.4128090269675993e+04,-8.8029491927397830e+03
1.3983329439456518e+04,-8.8050120474176347e+03
1.3836781970932067e+04,-8.8066029246506187e+03
1.3688521339106010e+04,-8.8077200920018677e+03
1.3538619137095457e+04,-8.8083617093354551e+03
1.3387145174138181e+04,-8.8085258854848962e+03
1.3234167668420341e+04,-8.8082106896735895e+03
1.3079753272311038e+04,-8.8074141396606792e+03
1.2923967137360407e+04,-8.8061341723948863e+03
1.2766873236996100e+04,-8.8043687093567387e+03
1.2608534171274068e+04,-8.8021156301036481e+03
1.2449011462556218e+04,-8.7993727622950864e+03
1.2288365544295049e+04,-8.7961379301933157e+03
1.2126655872677457e+04,-8.7924088858516243e+03
1.1963940944467342e+04,-8.7881833942616504e+03
1.1800278351553054e+04,-8.7834591570243792e+03
1.1635724844671004e+04,-8.7782339158568866e+03
1.1470336452186530e+04,-8.7725053544344082e+03
1.1304168449506538e+04,-8.7662711701656153e+03
1.1137275387117914e+04,-8.7595290392807783e+03
1.0969711188467014e+04,-8.7522766453105687e+03
1.0801529267211141e+04,-8.7445116401264768e+03
1.0632782405888760e+04,-8.7362316978626131e+03
1.0463522932306507e+04,-8.7274344610661865e+03
1.0293802686912686e+04,-8.7181175803799051e+03
1.0123673122206132e+04,-8.7082786723297268e+03
9.9531853149711569e+03,-8.6979153656571434e+03
9.7823899871788944e+03,-8.6870252532521463e+03
9.6113375238299122e+03,-8.6756059361725092e+03
9.4403472669797393e+03,-8.6636741850403214e+03
9.2700096298340377e+03,-8.6512702135982836e+03
9.1006161378089237e+03,-8.6384177948586166e+03
8.9323175059581627e+03,-8.6251324627835911e+03
8.7651979850785792e+03,-8.6114256469172888e+03
8.5993104300986888e+03,-8.5973066608426343e+03
8.4346924180790120e+03,-8.5827837340684528e+03
8.2713739378700993e+03,-8.5678645271056012e+03
8.1093809622043682e+03,-8.5525562793544177e+03
7.9487369791024266e+03,-8.5368660631009934e+03
7.7894639089835537e+03,-8.5208007387028156e+03
7.6315823605798078e+03,-8.5043670040291327e+03
7.4751119108102166e+03,-8.4875714631281353e+03
7.3200711509166804e+03,-8.4704205627640276e+03
7.1664777315803085e+03,-8.4529206493746478e+03
7.0143484495855510e+03,-8.4350779277265938e+03
6.8636992253894869e+03,-8.4168985518450263e+03
6.7145451411011063e+03,-8.3983884996779998e+03
6.5669004649511817e+03,-8.3795536434983860e+03
6.4207786793306686e+03,-8.3603998158243721e+03
6.2761924660068225e+03,-8.3409326943477208e+03
6.1331537667880966e+03,-8.3211578166791405e+03
5.9916737187809294e+03,-8.3010806818311576e+03
5.8517627767391223e+03,-8.2807066831411175e+03
5.7134306576242716e+03,-8.2600410664926258e+03
5.5766863691539647e+03,-8.2390889901644223e+03
5.4415382178309510e+03,-8.2178555442017514e+03
5.3079938531673452e+03,-8.1963456915794268e+03
5.1760602704884659e+03,-8.1745642923437717e+03
5.0457438009919488e+03,-8.1525161374402396e+03
4.9170501416978541e+03,-8.1302058849613559e+03
4.7899843534095089e+03,-8.1076380919504682e+03
4.6645509197215933e+03,-8.0848172952121713e+03
4.5407536825318193e+03,-8.0617478128280181e+03
4.4185959092056446e+03,-8.0384339539166867e+03
4.2980803153256056e+03,-8.0148799090556095e+03
4.1792090320010921e+03,-7.9910897650263587e+03
4.0619836181032915e+03,-7.9670674996103844e+03
3.9464051250083917e+03,-7.9428170336315179e+03
3.8324740719365382e+03,-7.9183421569399743e+03
3.7201904414911792e+03,-7.8936465804548516e+03
3.6095537283439207e+03,-7.8687339040712541e+03
3.5005629196076484e+03,-7.8436076652332922e+03
3.3932164619551327e+03,-7.8182712550878368e+03
3.2875124071319397e+03,-7.7927280263281355e+03
3.1834482980026514e+03,-7.7669811885305735e+03
3.0810212050804325e+03,-7.7410338882422893e+03
2.9802277644107335e+03,-7.7148891499996826e+03
2.8810641723539152e+03,-7.6885499205645310e+03
2.7835261836496447e+03,-7.6620190515764971e+03
2.6876091455010724e+03,-7.6352993027334969e+03
2.5933079788002578e+03,-7.6083933134574590e+03
2.5006172252278966e+03,-7.5813036610084400e+03
2.4095310025113677e+03,-7.5540328093095059e+03
2.3200430533565168e+03,-7.5265831187769782e+03
2.2321467412817228e+03,-7.4989568584636872e+03
2.1458350280438017e+03,-7.4711561985417220e+03
2.0611005700359296e+03,-7.4431832126154241e+03
1.9779356465348346e+03,-7.4150398809017734e+03
1.8963322061553233e+03,-7.3867280777980013e+03
1.8162818260671572e+03,-7.3582495785314768e+03
1.7377757551040888e+03,-7.3296060342949495e+03
1.6608049744606208e+03,-7.3007990332519275e+03
1.5853601042731616e+03,-7.2718300239185501e+03
1.5114314711670766e+03,-7.2427003498585927e+03
1.4390091328540068e+03,-7.2134112869805840e+03
1.3680828165111202e+03,-7.1839639406093174e+03
1.2986419824410175e+03,-7.1543593406079635e+03
1.2306758224149185e+03,-7.1245983841313318e+03
1.1641732480749615e+03,-7.0946818471908637e+03
1.0991229335015873e+03,-7.0646103962196339e+03
1.0355132997286992e+03,-7.0343845715922280e+03
9.7333250881736296e+02,-7.0040047728793652e+03
9.1256851024661205e+02,-6.9734712663651499e+03
8.5320898891496347e+02,-6.9427841877937608e+03
7.9524144403027367e+02,-6.9119435143243227e+03
7.3865313201336505e+02,-6.8809490794208505e+03
6.8343113009420938e+02,-6.8498005682262410e+03
6.2956228597025938e+02,-6.8184974779521572e+03
5.7703327082451028e+02,-6.7870391447676493e+03
5.2583056734545653e+02,-6.7554247169105311e+03
4.7594048629523587e+02,-6.7236531721794418e+03
4.2734916995070608e+02,-6.6917232546154755e+03
3.8004258229000504e+02,-6.6596335180154911e+03
3.3400654263862845e+02,-6.6273822603007393e+03
2.8922671165023058e+02,-6.5949675615368033e+03
2.4568861819799685e+02,-6.5623872233619104e+03
2.0337766077656357e+02,-6.5296387814193067e+03
1.6227909042408498e+02,-6.4967194588081393e+03
1.2237804870151723e+02,-6.4636261458447025e+03
8.3659557624284503e+01,-6.4303553910995688e+03
4.6108539034263231e+01,-6.3969033639558984e+03
9.7098154919127637e+00,-6.3632658083494507e+03
-2.5551896096088058e+01,-6.3294380166027640e+03
-5.9691957330573700e+01,-6.2954147533852938e+03
-9.2725802074975832e+01,-6.2611902703142214e+03
-1.2466894168066199e+02,-6.2267581913163995e+03
-1.5553694739921252e+02,-6.1921114615977940e+03
-1.8534544630410869e+02,-6.1572422596049300e+03
-2.1411012256520507e+02,-6.1221419351521427e+03
-2.4184668737117579e+02,-6.0868008807609640e+03
-2.6857089600744769e+02,-6.0512084073363849e+03
-2.9429853332721234e+02,-6.0153525993152343e+03
-3.1904538635026472e+02,-5.9792201448052610e+03
-3.4282727548758282e+02,-5.9427961042851475e+03
-3.6566002025801322e+02,-5.9060636735220278e+03
-3.8755943151398913e+02,-5.8690038856281999e+03
-4.0854133221543339e+02,-5.8315951726030926e+03
-4.2861713921552609e+02,-5.7938214191986644e+03
-4.4780891796853189e+02,-5.7556430157265713e+03
-4.6613135613416330e+02,-5.7170291244057516e+03
-4.8359981837198916e+02,-5.6779423811815677e+03
-5.0022994029445704e+02,-5.6383382566150458e+03
-5.1603747705954697e+02,-5.5981635404343006e+03
-5.3069342980524084e+02,-5.5583251363076542e+03
-5.4412285023781442e+02,-5.5192343680300846e+03
-5.5638200899984713e+02,-5.4809895140968492e+03
-5.6755430018767061e+02,-5.4436049784252418e+03
-5.7773212000752346e+02,-5.4070445231024169e+03
-5.8700461233896408e+02,-5.3712518914911552e+03
-5.9545271626171598e+02,-5.3361677104760956e+03
-6.0314826296436877e+02,-5.3017363649883437e+03
-6.1015461412771401e+02,-5.2679081654308748e+03
-6.1652776498079743e+02,-5.2346396076018882e+03
-6.2232134940979427e+02,-5.2018695477846559e+03
-6.2757074435314621e+02,-5.1696166381543408e+03
-6.3231915940312547e+02,-5.1378366830667564e+03
-6.3660415212082694e+02,-5.1064961373745437e+03
-6.4045904665164289e+02,-5.0755685442628728e+03
-6.4391389225612056e+02,-5.0450318449415217e+03
-6.4699604332245167e+02,-5.0148670665957270e+03
-6.4973057675625523e+02,-4.9850574337605567e+03
-6.5214057809968062e+02,-4.9555879301520126e+03
-6.5424736583859021e+02,-4.9264449531626778e+03
-6.5607070768056064e+02,-4.8976160815497951e+03
-6.5762892977718911e+02,-4.8690899619537149e+03
-6.5893910916945651e+02,-4.8408561326762228e+03
-6.6001714885416641e+02,-4.8129048964655449e+03
-6.6087788789837896e+02,-4.7852273106861021e+03
-6.6153520199530044e+02,-4.7578150277215209e+03
-6.6200208031498278e+02,-4.7306602702544451e+03
-6.6229068553198294e+02,-4.7037557881869197e+03
-6.6241242392135882e+02,-4.6770947837570156e+03
-6.6237800258248762e+02,-4.6506708798796499e+03
-6.6219748277574695e+02,-4.6244780639117716e+03
-6.6188031261273659e+02,-4.5985106815807439e+03
-6.6143538364286314e+02,-4.5727634212270259e+03
-6.6087106118578822e+02,-4.5472312340056851e+03
-6.6019522160975225e+02,-4.5219093500773897e+03
-6.5941528170816946e+02,-4.4967932317701689e+03
-6.5853823260059858e+02,-4.4718786030701558e+03
-6.5757065018341837e+02,-4.4471613659199065e+03
-6.5651875107917635e+02,-4.4226376451773376e+03
-6.5538837989186209e+02,-4.3983037263092901e+03
-6.5418505750941949e+02,-4.3741560853159644e+03
-6.5291398358896822e+02,-4.3501913514338021e+03
-6.5158006504126774e+02,-4.3264062857402323e+03
-6.5018792412361722e+02,-4.3027977867916134e+03
-6.4874192067940362e+02,-4.2793628863586364e+03
-6.4724616934348160e+02,-4.2560987380781717e+03
-6.4570454438516936e+02,-4.2330026361741084e+03
-6.4412069971746951e+02,-4.2100719526449557e+03
-6.4249807781837694e+02,-4.1873041843912160e+03
-6.4083992273049921e+02,-4.1646968735614464e+03
-6.3914928942843108e+02,-4.1422476881458533e+03
-6.3742905223027265e+02,-4.1199543764391065e+03
-6.3568192257652413e+02,-4.0978147645104928e+03
-6.3391044265772098e+02,-4.0758267212920796e+03
-6.3211701431310166e+02,-4.0539882571703274e+03
-6.3030388784710999e+02,-4.0322973858566352e+03
-6.2847318092345199e+02,-4.0107522325200816e+03
-6.2662688382229521e+02,-3.9893509383761807e+03
-6.2476685921723606e+02,-3.9680917202466285e+03
-6.2289486336340701e+02,-3.9469728662947100e+03
-6.2101253303413250e+02,-3.9259926839105201e+03
-6.1912140779233778e+02,-3.9051495488622127e+03
-6.1722293085081856e+02,-3.8844418931527489e+03
-6.1531844626839961e+02,-3.8638681710477122e+03
-6.1340921274610309e+02,-3.8434268980349034e+03
-6.1149640776918250e+02,-3.8231166047088996e+03
-6.0958112843553158e+02,-3.8029359028361182e+03
-6.0766439862459129e+02,-3.7828833979667888e+03
-6.0574716953900202e+02,-3.7629577513076993e+03
-6.0383032489807874e+02,-3.7431576396783857e+03
-6.0191469051228660e+02,-3.7234818203835512e+03
-6.0000103009341251e+02,-3.7039290390544775e+03
-5.9809004789909545e+02,-3.6844980720419744e+03
-5.9618239982073851e+02,-3.6651877329939753e+03
-5.9427868912995655e+02,-3.6459968651575819e+03
-5.9237947248452815e+02,-3.6269243314042542e+03
-5.9048526156928006e+02,-3.6079690231565455e+03
-5.8859652599551032e+02,-3.5891298483894116e+03
-5.8671369682172121e+02,-3.5704057516882594e+03
-5.8483716964421433e+02,-3.5517956928536987e+03
-5.8296729910092677e+02,-3.5332986364930421e+03
-5.8110441203036248e+02,-3.5149135982441589e+03
-5.7924880411813433e+02,-3.4966395971059987e+03
-5.7740074074926929e+02,-3.4784756763278674e+03
-5.7556045881636601e+02,-3.4604208751836022e+03
-5.7372817045539159e+02,-3.4424742627630544e+03
-5.7190406463877412e+02,-3.4246349409717604e+03
-5.7008831028989403e+02,-3.4069020206419891e+03
-5.6828105104579822e+02,-3.3892746230145108e+03
-5.6648241211545633e+02,-3.3717518711732655e+03
-5.6469250257381077e+02,-3.3543329338477997e+03
-5.6291141109229420e+02,-3.3370169485421625e+03
-5.6113921371311221e+02,-3.3198031139826171e+03
-5.5937596967136233e+02,-3.3026906048257733e+03
-5.5762172587161990e+02,-3.2856786379043442e+03
-5.5587651538246655e+02,-3.2687664125228448e+03
-5.5414036031600222e+02,-3.2519531738120959e+03
-5.5241327057328635e+02,-3.2352381414960628e+03
-5.5069524685527858e+02,-3.2186205634522548e+03
-5.4898628348659327e+02,-3.2020997180608674e+03
-5.4728635909193463e+02,-3.1856748502720188e+03
-5.4559544930896232e+02,-3.1693452321955065e+03
-5.4391352391276132e+02,-3.1531101704915609e+03
-5.4224054386065973e+02,-3.1369689605084004e+03
-5.4057646399251644e+02,-3.1209209070269435e+03
-5.3892123346882249e+02,-3.1049653232669452e+03
-5.3727479803288838e+02,-3.0891015332903462e+03
-5.3563709605201507e+02,-3.0733288559909788e+03
-5.3400806456327223e+02,-3.0576466372597215e+03
-5.3238763569302751e+02,-3.0420542165002080e+03
-5.3077573916606366e+02,-3.0265509555955423e+03
-5.2917230219008115e+02,-3.0111362181093646e+03
-5.2757724758779659e+02,-2.9958093761164337e+03
-5.2599049577636083e+02,-2.9805697793023919e+03
-5.2441196666313499e+02,-2.9654168251488545e+03
-5.2284158052189127e+02,-2.9503499067824923e+03
-5.2127925268782019e+02,-2.9353684246484518e+03
-5.1972489964313809e+02,-2.9204717795171446e+03
-5.1817843433339954e+02,-2.9056593676414059e+03
-5.1663977026174052e+02,-2.8909306119639191e+03
-5.1510882227745969e+02,-2.8762849304941728e+03
-5.1358550361286757e+02,-2.8617217571073897e+03
-5.1206972362109900e+02,-2.8472405022235275e+03
-5.1056139550260332e+02,-2.8328406092950740e+03
-5.0906043279237861e+02,-2.8185215243585703e+03
-5.0756674752791741e+02,-2.8042826906315890e+03
-5.0608025173078227e+02,-2.7901235564094613e+03
-5.0460085997944520e+02,-2.7760435854918442e+03
-5.0312848464594845e+02,-2.7620422415157618e+03
-5.0166304085041543e+02,-2.7481189857690993e+03
-5.0020444476440957e+02,-2.7342733077113548e+03
-4.9875260851304370e+02,-2.7205046609505312e+03
-4.9730744997248826e+02,-2.7068125335005020e+03
-4.9586888696315555e+02,-2.6931964233680242e+03
-4.9443683709835636e+02,-2.6796558079506640e+03
-4.9301121803919364e+02,-2.6661901876856346e+03
-4.9159195128611964e+02,-2.6527990676271138e+03
-4.9017895666684126e+02,-2.6394819450861514e+03
-4.8877215378603228e+02,-2.6262383160004524e+03
-4.8737146728253356e+02,-2.6130677012718579e+03
-4.8597682088712418e+02,-2.5999696242688055e+03
-4.8458813962895238e+02,-2.5869435985023792e+03
-4.8320534872037183e+02,-2.5739891443413453e+03
-4.8182837585895732e+02,-2.5611058064590384e+03
-4.8045715024775518e+02,-2.5482931182348493e+03
-4.7909160002244039e+02,-2.5355506040491532e+03
-4.7773165456129868e+02,-2.5228778034252464e+03
-4.7637724641286695e+02,-2.5102742603136512e+03
-4.7502830723355078e+02,-2.4977395252244137e+03
-4.7368477095787557e+02,-2.4852731508179454e+03
-4.7234657293821783e+02,-2.4728746814603865e+03
-4.7101364718079230e+02,-2.4605436801393321e+03
-4.6968593227991482e+02,-2.4482797123902919e+03
-4.6836336628825052e+02,-2.4360823439294772e+03
-4.6704588734608501e+02,-2.4239511425331161e+03
-4.6573343441414477e+02,-2.4118856618193477e+03
-4.6442594957561482e+02,-2.3998854884569100e+03
-4.6312337585360365e+02,-2.3879502016695724e+03
-4.6182565551450170e+02,-2.3760793909224544e+03
-4.6053273413832767e+02,-2.3642726367358696e+03
-4.5924455588725027e+02,-2.3525295250602621e+03
-4.5796106759983013e+02,-2.3408496496524490e+03
-4.5668221723775696e+02,-2.3292326105667512e+03
-4.5540795234851726e+02,-2.3176780069404217e+03
-4.5413822199303331e+02,-2.3061854358100395e+03
-4.5287297625977135e+02,-2.2947544973744880e+03
-4.5161216494247515e+02,-2.2833847954060543e+03
-4.5035574235926720e+02,-2.2720759546837635e+03
-4.4910366071742396e+02,-2.2608275827159391e+03
-4.4785587304466389e+02,-2.2496392902093512e+03
-4.4661233455123988e+02,-2.2385107111769526e+03
-4.4537299998540880e+02,-2.2274414526188402e+03
-4.4413782462911195e+02,-2.2164311368225945e+03
-4.4290676658406255e+02,-2.2054793990525368e+03
-4.4167978509899808e+02,-2.1945858780199023e+03
-4.4045683739146602e+02,-2.1837502032449124e+03
-4.3923788155521356e+02,-2.1729719946005021e+03
-4.3802287867899850e+02,-2.1622509015937871e+03
-4.3681179088708745e+02,-2.1515865757738279e+03
-4.3560457812121308e+02,-2.1409786504200365e+03
-4.3440120299950036e+02,-2.1304267754850744e+03
-4.3320162863393216e+02,-2.1199306009927545e+03
-4.3200581890117519e+02,-2.1094897810778875e+03
-4.3081373892847250e+02,-2.0991039777319143e+03
-4.2962535164460201e+02,-2.0887728307785233e+03
-4.2844062279811146e+02,-2.0784960042996645e+03
-4.2725951837651314e+02,-2.0682731560504217e+03
-4.2608200560992987e+02,-2.0581039559528444e+03
-4.2490805104345509e+02,-2.0479880704244715e+03
-4.2373762552352787e+02,-2.0379251843506995e+03
-4.2257069503766002e+02,-2.0279149576437553e+03
-4.2140722959591767e+02,-2.0179570602584408e+03
-4.2024719817285802e+02,-2.0080511759552760e+03
-4.1909057092192552e+02,-1.9981969744948065e+03
-4.1793731892055700e+02,-1.9883941483022672e+03
-4.1678741330194759e+02,-1.9786423821681847e+03
-4.1564082613921596e+02,-1.9689413528508339e+03
-4.1449752783273573e+02,-1.9592907454795609e+03
-4.1335749308422510e+02,-1.9496902689326171e+03
-4.1222069571123745e+02,-1.9401396095816826e+03
-4.1108710756385858e+02,-1.9306384561837190e+03
-4.0995670386952702e+02,-1.9211865182268507e+03
-4.0882945954502839e+02,-1.9117834882718389e+03
-4.0770534948325223e+02,-1.9024290797777608e+03
-4.0658434901518785e+02,-1.8931229873744273e+03
-4.0546643324879187e+02,-1.8838649143834705e+03
-4.0435157755488092e+02,-1.8746545581813898e+03
-4.0323975983728587e+02,-1.8654916468642132e+03
-4.0213095784052859e+02,-1.8563758857593766e+03
-4.0102514648936028e+02,-1.8473069861936597e+03
-3.9992230522494458e+02,-1.8382846655835369e+03
-3.9882241332117053e+02,-1.8293086481579899e+03
-3.9772544840307796e+02,-1.8203786554715939e+03
-3.9663138950559255e+02,-1.8114944079585653e+03
-3.9554021514588499e+02,-1.8026556232702928e+03
-3.9445190579266239e+02,-1.7938620352672333e+03
-3.9336644128536102e+02,-1.7851133660641422e+03
-3.9228380194930992e+02,-1.7764093579422424e+03
-3.9120396885859043e+02,-1.7677497377687801e+03
-3.9012692282442447e+02,-1.7591342361876982e+03
-3.8905264414824433e+02,-1.7505625883605157e+03
-3.8798111507505348e+02,-1.7420345390982993e+03
-3.8691231875791686e+02,-1.7335498278994437e+03
-3.8584623557792168e+02,-1.7251081909916161e+03
-3.8478284816241296e+02,-1.7167093705656885e+03
-3.8372213909094307e+02,-1.7083531105111401e+03
-3.8266408990755542e+02,-1.7000391507600539e+03
-3.8160868733383836e+02,-1.6917672586571730e+03
-3.8055591355107163e+02,-1.6835371780196965e+03
-3.7950575134590940e+02,-1.6753486624227917e+03
-3.7845818646815451e+02,-1.6672014632009063e+03
-3.7741320189563226e+02,-1.6590953359530831e+03
-3.7637078229484382e+02,-1.6510300332786910e+03
-3.7533091079495784e+02,-1.6430053109574756e+03
-3.7429357547965549e+02,-1.6350209451705632e+03
-3.7325876064902695e+02,-1.6270766885534636e+03
-3.7222644887465924e+02,-1.6191722945367824e+03
-3.7119662773840980e+02,-1.6113075369705748e+03
-3.7016928374679981e+02,-1.6034821898133187e+03
-3.6914440321517930e+02,-1.5956960197953681e+03
-3.6812197122425334e+02,-1.5879487959420053e+03
-3.6710197365923761e+02,-1.5802402806105692e+03
-3.6608439834095327e+02,-1.5725702566862706e+03
-3.6506923175999020e+02,-1.5649384984709236e+03
-3.6405646136279347e+02,-1.5573447810072248e+03
-3.6304607238937683e+02,-1.5497888797896285e+03
-3.6203805473157934e+02,-1.5422705796368696e+03
-3.6103239405158399e+02,-1.5347896513089809e+03
-3.6002907812241915e+02,-1.5273458815040094e+03
-3.5902809494014582e+02,-1.5199390588354559e+03
-3.5802943441253399e+02,-1.5125689740129760e+03
-3.5703308337268822e+02,-1.5052354062173681e+03
-3.5603902898029708e+02,-1.4979381336536326e+03
-3.5504726094399393e+02,-1.4906769650655974e+03
-3.5405776951406347e+02,-1.4834516876211364e+03
-3.5307054061554857e+02,-1.4762620824526425e+03
-3.5208556200554654e+02,-1.4691079437392705e+03
-3.5110282557522544e+02,-1.4619890767914885e+03
-3.5012232112880440e+02,-1.4549052756438905e+03
-3.4914403714823686e+02,-1.4478563414507726e+03
-3.4816796234647495e+02,-1.4408420690779617e+03
-3.4719408573915757e+02,-1.4338622576920211e+03
-3.4622239789518744e+02,-1.4269167072184650e+03
-3.4525288738413815e+02,-1.4200052086922151e+03
-3.4428554514132338e+02,-1.4131275873372228e+03
-3.4332036187105825e+02,-1.4062836466207837e+03
-3.4235732613495099e+02,-1.3994731833241781e+03
-3.4139642884441889e+02,-1.3926960148288426e+03
-3.4043766162776978e+02,-1.3859519410241505e+03
-3.3948101292713022e+02,-1.3792407835561321e+03
-3.3852647730209515e+02,-1.3725623523251129e+03
-3.3757404132290924e+02,-1.3659164626163729e+03
-3.3662369823486767e+02,-1.3593029292815040e+03
-3.3567543889362946e+02,-1.3527215679310516e+03
-3.3472925448940259e+02,-1.3461722021626383e+03
-3.3378513355193343e+02,-1.3396546278540286e+03
-3.3284306986816796e+02,-1.3331686794811735e+03
-3.3190305217495438e+02,-1.3267141744616483e+03
-3.3096507505578415e+02,-1.3202909332488416e+03
-3.3002912718378172e+02,-1.3138987752480643e+03
-3.2909519938274434e+02,-1.3075375208765640e+03
-3.2816328604499245e+02,-1.3012070030201035e+03
-3.2723337859969763e+02,-1.2949070505889763e+03
-3.2630546777507163e+02,-1.2886374900720548e+03
-3.2537954759702404e+02,-1.2823981467294307e+03
-3.2445560606958134e+02,-1.2761888522903664e+03
-3.2353363943304919e+02,-1.2700094428209991e+03
-3.2261363749164673e+02,-1.2638597397143735e+03
-3.2169559243922913e+02,-1.2577395725313154e+03
-3.2077949812646591e+02,-1.2516487894089287e+03
-3.1986534485143443e+02,-1.2455872147037903e+03
-3.1895312554081147e+02,-1.2395546906982240e+03
-3.1804283477808849e+02,-1.2335510518681795e+03
-3.1713446338706262e+02,-1.2275761370264818e+03
-3.1622800443778908e+02,-1.2216297794925804e+03
-3.1532344709725032e+02,-1.2157118248737374e+03
-3.1442079013876673e+02,-1.2098221227526828e+03
-3.1352002499150979e+02,-1.2039605072439599e+03
-3.1262114130038947e+02,-1.1981268218586747e+03
-3.1172413473219888e+02,-1.1923209069275572e+03
-3.1082899630190605e+02,-1.1865426095034945e+03
-3.0993571947783880e+02,-1.1807917736035602e+03
-3.0904429999051388e+02,-1.1750682583516095e+03
-3.0815472431459057e+02,-1.1693718871645610e+03
-3.0726699219517445e+02,-1.1637025256715815e+03
-3.0638109214608085e+02,-1.1580600282982446e+03
-3.0549702413544799e+02,-1.1524442394230300e+03
-3.0461477629474962e+02,-1.1468550118090429e+03
-3.0373434112052837e+02,-1.1412922002432629e+03
-3.0285571348303165e+02,-1.1357556490318898e+03
-3.0197888627707482e+02,-1.1302452217802138e+03
-3.0110385663509430e+02,-1.1247607815152774e+03
-3.0023062011236698e+02,-1.1193021885174344e+03
-2.9935915821310891e+02,-1.1138692726366353e+03
-2.9848947515901068e+02,-1.1084619107779208e+03
-2.9762156257041477e+02,-1.1030799677030814e+03
-2.9675540990106015e+02,-1.0977232859112860e+03
-2.9589101875996869e+02,-1.0923917438254807e+03
-2.9502837281795985e+02,-1.0870851941364895e+03
-2.9416747414605152e+02,-1.0818034932937608e+03
-2.9330831336093934e+02,-1.0765465082998035e+03
-2.9245088114304190e+02,-1.0713141043500973e+03
-2.9159517648871235e+02,-1.0661061459173088e+03
-2.9074118883575863e+02,-1.0609224989197287e+03
-2.8988891652736640e+02,-1.0557630408406480e+03
-2.8903835446564528e+02,-1.0506276351407951e+03
-2.8818949090951605e+02,-1.0455161452808993e+03
-2.8734232820082229e+02,-1.0404284425280639e+03
-2.8649685255932877e+02,-1.0353643964869239e+03
-2.8565305896679945e+02,-1.0303238706182083e+03
-2.8481094251651496e+02,-1.0253067455855821e+03
-2.8397049897085355e+02,-1.0203128880301488e+03
-2.8313171752866003e+02,-1.0153421699418245e+03
-2.8229460099377411e+02,-1.0103944724179623e+03
-2.8145913920227645e+02,-1.0054696690386650e+03
-2.8062532052460460e+02,-1.0005676380823161e+03
-2.7979315082333255e+02,-9.9568824799705180e+02
-2.7896261840517400e+02,-9.9083138891537919e+02
-2.7813371718452220e+02,-9.8599692198502817e+02
-2.7730643760283237e+02,-9.8118473415813196e+02
-2.7648078150808999e+02,-9.7639469872566860e+02
-2.7565673765307417e+02,-9.7162669909799115e+02
-2.7483430361628689e+02,-9.6688061991423228e+02
-2.7401347257929956e+02,-9.6215634075383923e+02
-2.7319424183385786e+02,-9.5745374191907104e+02
-2.7237660188514099e+02,-9.5277271281962339e+02
-2.7156054926021079e+02,-9.4811312797525579e+02
-2.7074607844697334e+02,-9.4347488012060057e+02
-2.6993317673256422e+02,-9.3885784391998050e+02
-2.6912185163637184e+02,-9.3426191471015272e+02
-2.6831208964898644e+02,-9.2968697178143975e+02
-2.6750388573624116e+02,-9.2513290165228636e+02
-2.6669723776339447e+02,-9.2059960110507609e+02
-2.6589213639493425e+02,-9.1608694841819306e+02
-2.6508857736137736e+02,-9.1159483271220779e+02
-2.6428655371684795e+02,-9.0712315120319090e+02
-2.6348606370894629e+02,-9.0267178780746281e+02
-2.6268709825705480e+02,-8.9824063598246994e+02
-2.6188965318727571e+02,-8.9382958643896973e+02
-2.6109372881822719e+02,-8.8943852728559614e+02
-2.6029931062092123e+02,-8.8506735862966889e+02
-2.5950640066637607e+02,-8.8071597609707078e+02
-2.5871499111658500e+02,-8.7638427357893443e+02
-2.5792507467519226e+02,-8.7207215349558055e+02
-2.5713664927117986e+02,-8.6777948776464291e+02
-2.5634970830915188e+02,-8.6350618921494060e+02
-2.5556424707355973e+02,-8.5925215318323262e+02
-2.5478025766267319e+02,-8.5501727688558731e+02
-2.5399773861084873e+02,-8.5080145551420173e+02
-2.5321668335455229e+02,-8.4660458874270716e+02
-2.5243708290875190e+02,-8.4242657913598669e+02
-2.5165893810185480e+02,-8.3826731668198499e+02
-2.5088224077723623e+02,-8.3412671551058520e+02
-2.5010699029765999e+02,-8.3000467009116892e+02
-2.4933316990381081e+02,-8.2590107951911978e+02
-2.4856078902678644e+02,-8.2181585358744269e+02
-2.4779015933886592e+02,-8.1775059852995673e+02
-2.4702108336051674e+02,-8.1370419008418321e+02
-2.4625349207904674e+02,-8.0967618863559164e+02
-2.4548735133858952e+02,-8.0566634654863901e+02
-2.4472263947311046e+02,-8.0167448485496334e+02
-2.4395934475746162e+02,-7.9770047402657383e+02
-2.4319745827033466e+02,-7.9374418858323133e+02
-2.4243697210999915e+02,-7.8980552284975511e+02
-2.4167788105111754e+02,-7.8588438763108934e+02
-2.4092017789291947e+02,-7.8198067595099292e+02
-2.4016386174327397e+02,-7.7809430902290842e+02
-2.3940891794574611e+02,-7.7422517538915690e+02
-2.3865534879438655e+02,-7.7037318744487038e+02
-2.3790314543161048e+02,-7.6653826351224143e+02
-2.3715230626432719e+02,-7.6272030138559148e+02
-2.3640282294474105e+02,-7.5891921432742674e+02
-2.3565469209549963e+02,-7.5513491155250267e+02
-2.3490790861871233e+02,-7.5136732540557568e+02
-2.3416246805372509e+02,-7.4761634067034265e+02
-2.3341836746925082e+02,-7.4388189185999363e+02
-2.3267559705185033e+02,-7.4016388457522498e+02
-2.3193415705641826e+02,-7.3646223424698019e+02
-2.3119403913515885e+02,-7.3277685500514053e+02
-2.3045523940093062e+02,-7.2910766112415058e+02
-2.2971734033650307e+02,-7.2545251047704460e+02
-2.2898063341376474e+02,-7.2181283307596641e+02
-2.2824518261124081e+02,-7.1818885689596118e+02
-2.2751099990897421e+02,-7.1458059017709002e+02
-2.2677809461061497e+02,-7.1098803479866729e+02
-2.2604646958372632e+02,-7.0741113785081961e+02
-2.2531612406362501e+02,-7.0384982445017886e+02
-2.2458705403572196e+02,-7.0030402824256271e+02
-2.2385925026009090e+02,-6.9677367000772665e+02
-2.2313271770717495e+02,-6.9325867992198800e+02
-2.2240744503416784e+02,-6.8975897124785388e+02
-2.2168343262341125e+02,-6.8627446433139266e+02
-2.2096066811252092e+02,-6.8280508428923531e+02
-2.2023915264852201e+02,-6.7935074713057475e+02
-2.1951887781989547e+02,-6.7591137999591774e+02
-2.1879984738633527e+02,-6.7248692216901691e+02
-2.1808204911290454e+02,-6.6907727274525678e+02
-2.1736547815660708e+02,-6.6568236724976578e+02
-2.1665013273318129e+02,-6.6230212039067646e+02
-2.1593600392131896e+02,-6.5893646480186726e+02
-2.1522309426996515e+02,-6.5558532068484601e+02
-2.1451139090694642e+02,-6.5224861980611695e+02
-2.1380089523418269e+02,-6.4892628612581029e+02
-2.1309160087931093e+02,-6.4561824794093172e+02
-2.1238350146996800e+02,-6.4232442950073801e+02
-2.1167659356507772e+02,-6.3904475678923336e+02
-2.1097087066482982e+02,-6.3577915029704945e+02
-2.1026633174964627e+02,-6.3252754757319053e+02
-2.0956296942758570e+02,-6.2928986968653771e+02
-2.0886077949288858e+02,-6.2606605476434561e+02
-2.0815975595553357e+02,-6.2285602503199425e+02
-2.0745989919786246e+02,-6.1965971196686587e+02
-2.0676119609280727e+02,-6.1647705687658799e+02
-2.0606365033633858e+02,-6.1330796781941808e+02
-2.0536725135033362e+02,-6.1015239419848513e+02
-2.0467200066415955e+02,-6.0701025621529516e+02
-2.0397788948395544e+02,-6.0388149141885151e+02
-2.0328491143735789e+02,-6.0076602608228677e+02
-2.0259306741649789e+02,-5.9766379948935446e+02
-2.0190234340217671e+02,-5.9457474369568445e+02
-2.0121274831570258e+02,-5.9149878902215823e+02
-2.0052426558893148e+02,-5.8843587590902825e+02
-1.9983689789825576e+02,-5.8538593294242673e+02
-1.9915063785173447e+02,-5.8234889449098227e+02
-1.9846548646894553e+02,-5.7932469000820038e+02
-1.9778143087771559e+02,-5.7631327525796041e+02
-1.9709846865654663e+02,-5.7331456465926749e+02
-1.9641660006033305e+02,-5.7032851079562533e+02
-1.9573581807947562e+02,-5.6735503704891562e+02
-1.9505611761608384e+02,-5.6439408183551768e+02
-1.9437749153311097e+02,-5.6144559658243452e+02
-1.9369993842863710e+02,-5.5850949744342324e+02
-1.9302345906734581e+02,-5.5558573613461158e+02
-1.9234803458704232e+02,-5.5267423488138047e+02
-1.9167366944838091e+02,-5.4977495060410911e+02
-1.9100036747477941e+02,-5.4688782056267701e+02
-1.9032811069617367e+02,-5.4401277681271313e+02
-1.8965690408300725e+02,-5.4114976904647119e+02
-1.8898673540034270e+02,-5.3829873018695798e+02
-1.8831761407927752e+02,-5.3545960674605158e+02
-1.8764951768909361e+02,-5.3263233771838077e+02
-1.8698245527854658e+02,-5.2981685544870197e+02
-1.8631641601461911e+02,-5.2701310384676890e+02
-1.8565139530920987e+02,-5.2422103347220946e+02
-1.8498739252508233e+02,-5.2144057001990495e+02
-1.8432439925071742e+02,-5.1867167850573333e+02
-1.8366241752527128e+02,-5.1591427392695005e+02
-1.8300143422167582e+02,-5.1316831811905922e+02
-1.8234145188887646e+02,-5.1043376308731331e+02
-1.8168246899750591e+02,-5.0771053365921853e+02
-1.8102447433220505e+02,-5.0499859167027716e+02
-1.8036746687339598e+02,-5.0229787553686947e+02
-1.7971144572894775e+02,-4.9960832945787388e+02
-1.7905639751689785e+02,-4.9692989589742047e+02
-1.7840232504108610e+02,-4.9426251182626402e+02
-1.7774922613490889e+02,-4.9160612867140753e+02
-1.7709708971045472e+02,-4.8896070422060438e+02
-1.7644591411090880e+02,-4.8632617746848518e+02
-1.7579570124798045e+02,-4.8370249810730184e+02
-1.7514644398462269e+02,-4.8108961756405915e+02
-1.7449813582102536e+02,-4.7848748003763649e+02
-1.7385077382590123e+02,-4.7589601498153752e+02
-1.7320435175433465e+02,-4.7331519203764219e+02
-1.7255886705738033e+02,-4.7074495540482712e+02
-1.7191431922524919e+02,-4.6818524957109821e+02
-1.7127070443452340e+02,-4.6563603087858337e+02
-1.7062801631283980e+02,-4.6309724381528576e+02
-1.6998625078188604e+02,-4.6056885657745897e+02
-1.6934540389079700e+02,-4.5805078705360847e+02
-1.6870546786528973e+02,-4.5554300054873693e+02
-1.6806644525430943e+02,-4.5304544155084932e+02
-1.6742832955804579e+02,-4.5055807218457176e+02
-1.6679112077649870e+02,-4.4808084300953487e+02
-1.6615480833154550e+02,-4.4561370400711621e+02
-1.6551939388000051e+02,-4.4315659156982110e+02
-1.6488486722608286e+02,-4.4070946811140220e+02
-1.6425123181086860e+02,-4.3827228621536233e+02
-1.6361847743857675e+02,-4.3584500251295594e+02
-1.6298660653070533e+02,-4.3342757276806060e+02
-1.6235561602851999e+02,-4.3101993395143199e+02
-1.6172549395197814e+02,-4.2862206842644446e+02
-1.6109624578131206e+02,-4.2623390130973075e+02
-1.6046786539905315e+02,-4.2385540889304139e+02
-1.5984035382477953e+02,-4.2148654289250589e+02
-1.5921369525503064e+02,-4.1912724606137726e+02
-1.5858789491514426e+02,-4.1677748775240889e+02
-1.5796294936404433e+02,-4.1443720811672938e+02
-1.5733885363128763e+02,-4.1210636870071812e+02
-1.5671560274643093e+02,-4.0978493712237650e+02
-1.5609319632713243e+02,-4.0747285006333368e+02
-1.5547162685400372e+02,-4.0517007600896795e+02
-1.5485089560151744e+02,-4.0287656233853340e+02
-1.5423099224644523e+02,-4.0059226857453177e+02
-1.5361192010241598e+02,-3.9831715221559261e+02
-1.5299367483622279e+02,-3.9605118348184260e+02
-1.5237625402636775e+02,-3.9379431206553545e+02
-1.5175965130048769e+02,-3.9154649344142490e+02
-1.5114386984476403e+02,-3.8930770072088762e+02
-1.5052890086533591e+02,-3.8707787636805369e+02
-1.4991473939176001e+02,-3.8485697180992520e+02
-1.4930138109082952e+02,-3.8264495755575535e+02
-1.4868883628577248e+02,-3.8044179428454663e+02
-1.4807708662418327e+02,-3.7824742706255438e+02
-1.4746613299819262e+02,-3.7606185270940205e+02
-1.4685598292718919e+02,-3.7388500964147079e+02
-1.4624662366644668e+02,-3.7171684610538887e+02
-1.4563804973573269e+02,-3.6955734186240716e+02
-1.4503026839954134e+02,-3.6740644718303065e+02
-1.4442326640335727e+02,-3.6526412274626091e+02
-1.4381704948230743e+02,-3.6313033212235223e+02
-1.4321160998955588e+02,-3.6100505362693002e+02
-1.4260694716041917e+02,-3.5888823030237381e+02
-1.4200305729892659e+02,-3.5677982658631117e+02
-1.4139993658166054e+02,-3.5467981009674531e+02
-1.4079758717522418e+02,-3.5258814093442834e+02
-1.4019600028575655e+02,-3.5050479712586275e+02
-1.3959518037391194e+02,-3.4842971940042753e+02
-1.3899511456751668e+02,-3.4636287421962425e+02
-1.3839581382703534e+02,-3.4430423353833157e+02
-1.3779726451561100e+02,-3.4225374849442687e+02
-1.3719946446664017e+02,-3.4021139393403791e+02
-1.3660241852311867e+02,-3.3817714123379210e+02
-1.3600611674416029e+02,-3.3615094182069242e+02
-1.3541056206105191e+02,-3.3413276013236646e+02
-1.3481575014058660e+02,-3.3212257332794070e+02
-1.3422168327681516e+02,-3.3012034960366873e+02
-1.3362835560716348e+02,-3.2812604443430246e+02
-1.3303576101416309e+02,-3.2613962485959564e+02
-1.3244390395846790e+02,-3.2416105936492386e+02
-1.3185277997942410e+02,-3.2219030458154248e+02
-1.3126237888125047e+02,-3.2022732986220308e+02
-1.3067271481059311e+02,-3.1827211728115617e+02
-1.3008377234633338e+02,-3.1632463329990514e+02
-1.2949555518444197e+02,-3.1438482992370336e+02
-1.2890806472683857e+02,-3.1245268778117679e+02
-1.2832129001305873e+02,-3.1052815945583006e+02
-1.2773524021930541e+02,-3.0861122788928878e+02
-1.2714990311064128e+02,-3.0670185867568034e+02
-1.2656528034388089e+02,-3.0480001336138230e+02
-1.2598137089944601e+02,-3.0290567257502244e+02
-1.2539817949288545e+02,-3.0101880248897760e+02
-1.2481569312457850e+02,-2.9913935424112606e+02
-1.2423392109817519e+02,-2.9726731366434342e+02
-1.2365285168852745e+02,-2.9540264693100926e+02
-1.2307248935628945e+02,-2.9354533466974772e+02
-1.2249283218975233e+02,-2.9169532772931416e+02
-1.2191387088526585e+02,-2.8985259632983525e+02
-1.2133561181519315e+02,-2.8801711416093713e+02
-1.2075805141101091e+02,-2.8618885780349774e+02
-1.2018118584930130e+02,-2.8436779545376976e+02
-1.1960502519839793e+02,-2.8255390109050313e+02
-1.1902955212547329e+02,-2.8074714840332672e+02
-1.1845477810078091e+02,-2.7894749373436844e+02
-1.1788069866366652e+02,-2.7715492667512808e+02
-1.1730730463792736e+02,-2.7536941339798523e+02
-1.1673460392529364e+02,-2.7359091053419070e+02
-1.1616259384937291e+02,-2.7181941634899613e+02
-1.1559127275335061e+02,-2.7005488978665380e+02
-1.1502063783338713e+02,-2.6829730048904185e+02
-1.1445068800618083e+02,-2.6654661838716220e+02
-1.1388142658536026e+02,-2.6480283596376466e+02
-1.1331284758090419e+02,-2.6306590377847897e+02
-1.1274494869876207e+02,-2.6133580188168071e+02
-1.1217774089939826e+02,-2.5961250858899803e+02
-1.1161121220277016e+02,-2.5789600250518106e+02
-1.1104536585878304e+02,-2.5618624315273337e+02
-1.1048019753422989e+02,-2.5448321173853128e+02
-1.0991571544945919e+02,-2.5278689872144969e+02
-1.0935191195763514e+02,-2.5109724858949448e+02
-1.0878911593641737e+02,-2.4941523395909189e+02
-1.0822674654490936e+02,-2.4773910099812292e+02
-1.0766485144838691e+02,-2.4606894280483175e+02
-1.0710350552211662e+02,-2.4440499530519901e+02
-1.0654275987245046e+02,-2.4274736865584327e+02
-1.0598264088097176e+02,-2.4109613716188233e+02
-1.0542317059605671e+02,-2.3945131470131673e+02
-1.0486435143920346e+02,-2.3781290908051960e+02
-1.0430619086607669e+02,-2.3618091133661710e+02
-1.0374869136189818e+02,-2.3455530296561028e+02
-1.0319185515699485e+02,-2.3293606546350202e+02
-1.0263567250165113e+02,-2.3132315719629332e+02
-1.0208015524846257e+02,-2.2971658510298494e+02
-1.0152530218668005e+02,-2.2811632663182809e+02
-1.0097111127714743e+02,-2.2652234708782544e+02
-1.0041758678934798e+02,-2.2493462970172823e+02
-9.9864726939019988e+01,-2.2335315250003805e+02
-9.9312528412534789e+01,-2.2177788772675740e+02
-9.8761039512404409e+01,-2.2020894842975304e+02
-9.8210366911987421e+01,-2.1864660089312838e+02
-9.7660466323360197e+01,-2.1709070489127134e+02
-9.7111300531922211e+01,-2.1554112973968950e+02
-9.6562849910795080e+01,-2.1399779159214086e+02
-9.6015101269187312e+01,-2.1246063898437751e+02
-9.5468049827826349e+01,-2.1092962189777973e+02
-9.4921688385942161e+01,-2.0940468915722613e+02
-9.4376014522036485e+01,-2.0788585174946547e+02
-9.3831031103673013e+01,-2.0637305040387673e+02
-9.3286737429891559e+01,-2.0486628309658590e+02
-9.2743133436968606e+01,-2.0336551397609583e+02
-9.2200218041602398e+01,-2.0187071904503227e+02
-9.1657998826904986e+01,-2.0038190003814634e+02
-9.1116471969458644e+01,-1.9889902804293888e+02
-9.0575639827037548e+01,-1.9742208282066258e+02
-9.0035503164325405e+01,-1.9595103198931974e+02
-8.9496061089191357e+01,-1.9448586687516035e+02
-8.8957323638107255e+01,-1.9302658545430950e+02
-8.8419285330840808e+01,-1.9157314320152091e+02
-8.7881949767777314e+01,-1.9012554098416967e+02
-8.7345322397286964e+01,-1.8868374873325774e+02
-8.6809398440097652e+01,-1.8724775054691145e+02
-8.6274184396019677e+01,-1.8581753832963204e+02
-8.5739678385205821e+01,-1.8439307912117056e+02
-8.5205884071765013e+01,-1.8297435036978004e+02
-8.4672809644183872e+01,-1.8156136277308360e+02
-8.4140445989983050e+01,-1.8015407990133463e+02
-8.3608802954463499e+01,-1.7875247486591070e+02
-8.3077877096549173e+01,-1.7735654448643527e+02
-8.2547674087643372e+01,-1.7596626678941175e+02
-8.2018197655578433e+01,-1.7458162442734010e+02
-8.1489452834521103e+01,-1.7320262520659617e+02
-8.0961442300863951e+01,-1.7182923009530714e+02
-8.0434163314491002e+01,-1.7046142723934827e+02
-7.9907616544500115e+01,-1.6909918714797277e+02
-7.9381809223523533e+01,-1.6774249709968080e+02
-7.8856739025648722e+01,-1.6639135275759872e+02
-7.8332411877173399e+01,-1.6504573128085212e+02
-7.7808829753530063e+01,-1.6370561850231752e+02
-7.7286001703474426e+01,-1.6237100488087071e+02
-7.6763926261362826e+01,-1.6104186410613875e+02
-7.6242604096293462e+01,-1.5971819444337143e+02
-7.5722041931109402e+01,-1.5839998288194511e+02
-7.5202242920130402e+01,-1.5708719357036261e+02
-7.4683205374680256e+01,-1.5577982188262376e+02
-7.4164934169616686e+01,-1.5447784150835560e+02
-7.3647434339106553e+01,-1.5318126169955758e+02
-7.3130713864534641e+01,-1.5189006742173024e+02
-7.2614768795035843e+01,-1.5060422542550259e+02
-7.2099600946733631e+01,-1.4932371518299988e+02
-7.1585213394293191e+01,-1.4804853987459683e+02
-7.1071614947506532e+01,-1.4677867723767122e+02
-7.0558812361078594e+01,-1.4551412900697142e+02
-7.0046805380114733e+01,-1.4425486424612609e+02
-6.9535602193101568e+01,-1.4300088989413416e+02
-6.9025201716737456e+01,-1.4175217964062267e+02
-6.8515603170407758e+01,-1.4050870312746792e+02
-6.8006818438569894e+01,-1.3927047712392050e+02
-6.7498850675543395e+01,-1.3803747329573162e+02
-6.6991702446204499e+01,-1.3680968759515054e+02
-6.6485377000458357e+01,-1.3558709400093085e+02
-6.5979873478035984e+01,-1.3436967082869887e+02
-6.5475206248616132e+01,-1.3315744583445212e+02
-6.4971375901642318e+01,-1.3195036899956904e+02
-6.4468382102565670e+01,-1.3074843165030052e+02
-6.3966229710312973e+01,-1.2955163378664747e+02
-6.3464924547630972e+01,-1.2835994273748565e+02
-6.2964475631413393e+01,-1.2717337180256618e+02
-6.2464887780760023e+01,-1.2599190826038739e+02
-6.1966161863905199e+01,-1.2481552637882851e+02
-6.1468300867894072e+01,-1.2364421256901460e+02
-6.0971305517583119e+01,-1.2247796191582165e+02
-6.0475188573629339e+01,-1.2131675909562455e+02
-5.9979958320104743e+01,-1.2016059919329928e+02
-5.9485608137717122e+01,-1.1900946833084708e+02
-5.8992151496049132e+01,-1.1786335031726958e+02
-5.8499587056904488e+01,-1.1672223763531656e+02
-5.8007922897253366e+01,-1.1558610715498980e+02
-5.7517168304814959e+01,-1.1445497448903825e+02
-5.7027322475078449e+01,-1.1332880870108966e+02
-5.6538387096720157e+01,-1.1220759360014472e+02
-5.6050376069456888e+01,-1.1109132658407907e+02
-5.5563289759699728e+01,-1.0998001198976726e+02
-5.5077134412364444e+01,-1.0887360991796231e+02
-5.4591913619870752e+01,-1.0777212730766314e+02
-5.4107631532220012e+01,-1.0667554073974679e+02
-5.3624297174271646e+01,-1.0558384558821399e+02
-5.3141914871266977e+01,-1.0449704908118838e+02
-5.2660486096814907e+01,-1.0341510842817479e+02
-5.2180019867809392e+01,-1.0233802883342105e+02
-5.1700521600759089e+01,-1.0126580364705387e+02
-5.1221995047392625e+01,-1.0019841725632341e+02
-5.0744448236887592e+01,-9.9135868793855479e+01
-5.0267886394581637e+01,-9.8078141779526050e+01
-4.9792316546005281e+01,-9.7025215396336534e+01
-4.9317742299508950e+01,-9.5977098318036951e+01
-4.8844172871122737e+01,-9.4933781292627827e+01
-4.8371603577159931e+01,-9.3895230781610735e+01
-4.7900046819832255e+01,-9.2861452278360957e+01
-4.7429502790310380e+01,-9.1832416003005164e+01
-4.6959977884853856e+01,-9.0808121955545175e+01
-4.6491482848860073e+01,-8.9788566088228436e+01
-4.6024023178492030e+01,-8.8773744931558213e+01
-4.5557601048318816e+01,-8.7763633620784276e+01
-4.5092216601718519e+01,-8.6758215386657866e+01
-4.4627883770269818e+01,-8.5757488205305890e+01
-4.4164605039194612e+01,-8.4761450920226707e+01
-4.3702388039397533e+01,-8.3770086762171559e+01
-4.3241229186424448e+01,-8.2783366818644026e+01
-4.2781146338822737e+01,-8.1801307858891960e+01
-4.2322136310411111e+01,-8.0823890222417504e+01
-4.1864213136319108e+01,-7.9851101187720815e+01
-4.1407369002436553e+01,-7.8882918492177851e+01
-4.0951612965484514e+01,-7.7919336353290419e+01
-4.0496951166827898e+01,-7.6960350145059238e+01
-4.0043389253973487e+01,-7.6005935291859714e+01
-3.9590926669339638e+01,-7.5056076180943819e+01
-3.9139571378380083e+01,-7.4110774836185556e+01
-3.8689331187239645e+01,-7.3170011018838522e+01
-3.8240208565209059e+01,-7.2233791667899823e+01
-3.7792201552786651e+01,-7.1302066186499360e+01
-3.7345316617920957e+01,-7.0374840357136236e+01
-3.6899560196698872e+01,-6.9452095675812416e+01
-3.6454930090654784e+01,-6.8533819131904238e+01
-3.6011430202861447e+01,-6.7619992221411849e+01
-3.5569061393587731e+01,-6.6710591814337931e+01
-3.5127830385676589e+01,-6.5805616175931391e+01
-3.4687742723084170e+01,-6.4905054897694754e+01
-3.4248798549188450e+01,-6.4008882247504516e+01
-3.3810986728284888e+01,-6.3117053410987864e+01
-3.3374320212201724e+01,-6.2229581687895006e+01
-3.2938795910342606e+01,-6.1346435563602427e+01
-3.2504411210038711e+01,-6.0467590173362623e+01
-3.2071162925108638e+01,-5.9593021230677550e+01
-3.1639050322730441e+01,-5.8722698955673877e+01
-3.1208069483900886e+01,-5.7856606000853390e+01
-3.0778222256605432e+01,-5.6994715766717491e+01
-3.0349510679999980e+01,-5.6137023916391627e+01
-2.9921917931046096e+01,-5.5283467420630586e+01
-2.9495439533158674e+01,-5.4434023727687418e+01
-2.9070070882305458e+01,-5.3588657275187870e+01
-2.8645800667541835e+01,-5.2747338572384251e+01
-2.8222628602111513e+01,-5.1910034659030316e+01
-2.7800539296757620e+01,-5.1076705925002898e+01
-2.7379510607518341e+01,-5.0247291075807880e+01
-2.6959533836117998e+01,-4.9421746742696996e+01
-2.6540592860478000e+01,-4.8600028689549617e+01
-2.6122670188461711e+01,-4.7782084873869280e+01
-2.5705743644245445e+01,-4.6967854868535142e+01
-2.5289787292311303e+01,-4.6157270150928525e+01
-2.4874768601745814e+01,-4.5350255548553832e+01
-2.4460659789045735e+01,-4.4546738780166379e+01
-2.4047426889515805e+01,-4.3746632240899089e+01
-2.3635031127326556e+01,-4.2949852951882349e+01
-2.3223416632784392e+01,-4.2156283817499570e+01
-2.2812540615471221e+01,-4.1365819885383644e+01
-2.2402344385922788e+01,-4.0578334229669963e+01
-2.1992749882691101e+01,-3.9793673324994415e+01
-2.1583684190011468e+01,-3.9011681622118886e+01
-2.1175059162171124e+01,-3.8232187959055409e+01
-2.0766760415252634e+01,-3.7454949181698794e+01
-2.0358666173396841e+01,-3.6679742374689340e+01
-1.9950651155945366e+01,-3.5906320336171120e+01
-1.9542541285869106e+01,-3.5134343922544758e+01
-1.9134131420868925e+01,-3.4363431199713887e+01
-1.8725195915567383e+01,-3.3593150214959678e+01
-1.8316084803869785e+01,-3.2824165088359223e+01
-1.7908339018759307e+01,-3.2059358106820582e+01
-1.7502855167655412e+01,-3.1300387691218930e+01
-1.7100125483745728e+01,-3.0548137985738322e+01
-1.6700409290346897e+01,-2.9803070144719641e+01
-1.6303875964870031e+01,-2.9065442935017927e+01
-1.5910610227882444e+01,-2.8335384728124154e+01
-1.5520675261364545e+01,-2.7612963757532270e+01
-1.5134120068788320e+01,-2.6898234667864017e+01
-1.4750980749591008e+01,-2.6191221745617440e+01
-1.4371291141020379e+01,-2.5491952746790048e+01
-1.3995090496833427e+01,-2.4800451668756068e+01
-1.3622407843143947e+01,-2.4116737593762082e+01
-1.3253279374974340e+01,-2.3440835097433592e+01
-1.2887740522663421e+01,-2.2772761527267903e+01
-1.2525819388332593e+01,-2.2112539435012877e+01
-1.2167551306735049e+01,-2.1460188770293826e+01
-1.1812978558500276e+01,-2.0815747408481002e+01
-1.1462136032315925e+01,-2.0179235588323536e+01
-1.1115058935488378e+01,-1.9550684246195488e+01
-1.0771781551330946e+01,-1.8930113042592893e+01
-1.0432341413062431e+01,-1.8317556383390183e+01
-1.0096779399392062e+01,-1.7713037976835039e+01
-9.7651351145565286e+00,-1.7116600035173178e+01
-9.4374481309307612e+00,-1.6528277542528485e+01
-9.1137634373981200e+00,-1.5948107506897941e+01
-8.7941262140130902e+00,-1.5376130984027441e+01
-8.4785744719215472e+00,-1.4812382379790506e+01
-8.1727453309703151e+00,-1.4266877850811397e+01
-7.8780556542334352e+00,-1.3742043155657484e+01
-7.5944500658753213e+00,-1.3237698169466967e+01
-7.3215067791823003e+00,-1.2753004140678058e+01
-7.0586979394569198e+00,-1.2286941614617717e+01
-6.8055020962266326e+00,-1.1838525253359876e+01
-6.5614158328064605e+00,-1.1406787933851774e+01
-6.3259818046963119e+00,-1.0990863437657026e+01
-6.0987811564698404e+00,-1.0589955514587928e+01
-5.8794273724429331e+00,-1.0203341063071093e+01
-5.6675641100711118e+00,-9.8303351460344857e+00
-5.4628578080075840e+00,-9.4703109405254509e+00
-5.2650137125973515e+00,-9.1227150613340200e+00
-5.0737467880386475e+00,-8.7870106033760749e+00
-4.8887930273283473e+00,-8.4626930435642862e+00
-4.7099030480363808e+00,-8.1493023840585010e+00
-4.5368508224436255e+00,-7.8464110090153554e+00
-4.3694241189969034e+00,-7.5536196368402670e+00
-4.2074170147826635e+00,-7.2705431530621354e+00
-4.0506442652053920e+00,-6.9968334512068395e+00
-3.8989211991824959e+00,-6.7321519659244586e+00
-3.7520791721245814e+00,-6.4761766119891035e+00
-3.6099523114199883e+00,-6.2286046755489224e+00
-3.4723897513723614e+00,-5.9891519467510079e+00
-3.3392481775354099e+00,-5.7575544544879449e+00
-3.2103946305531963e+00,-5.5335719359045470e+00
-3.0856889184374268e+00,-5.3169285657704677e+00
-2.9650010131190356e+00,-5.1074031634789208e+00
-2.8482166262657529e+00,-4.9047765722943950e+00
-2.7352161167602844e+00,-4.7088290572337428e+00
-2.6258878726630428e+00,-4.5193556286885723e+00
-2.5201290121717648e+00,-4.3361692227963431e+00
-2.4178378960947384e+00,-4.1590833539466985e+00
-2.3189108142228179e+00,-3.9879083561545485e+00
-2.2232572471378944e+00,-3.8224811629315809e+00
-2.1307830113133832e+00,-3.6626277210407352e+00
-2.0413970775424559e+00,-3.5081849639936991e+00
-1.9550166688284207e+00,-3.3590005229279996e+00
-1.8715524765023019e+00,-3.2149139334796928e+00
-1.7909267895961420e+00,-3.0757869939097873e+00
-1.7130623113455385e+00,-2.9414786112283764e+00
-1.6378832424913981e+00,-2.8118528966961094e+00
-1.5653156954836049e+00,-2.6867791658223723e+00
-1.4952889689533322e+00,-2.5661218189934516e+00
-1.4277338271757571e+00,-2.4497698322156793e+00
-1.3625792820256493e+00,-2.3375896297511645e+00
-1.2997608451886435e+00,-2.2294655616069576e+00
-1.2392151753755343e+00,-2.1252866037921194e+00
-1.1808792499150513e+00,-2.0249420214395286e+00
-1.1246899186890005e+00,-1.9283135624336865e+00
-1.0705905951128898e+00,-1.8353069720305939e+00
-1.0185227808937043e+00,-1.7458184543647803e+00
-9.6842950710504283e-01,-1.6597459483173225e+00
-9.2025593956259399e-01,-1.5769897057716662e+00
-8.7394421720944138e-01,-1.4974546046087198e+00
-8.2944208666788199e-01,-1.4210426314621145e+00
-7.8669926999339168e-01,-1.3476705183384183e+00
-7.4566373684092468e-01,-1.2772405409932617e+00
-7.0629097625442228e-01,-1.2096801290581425e+00
-6.6853048725624831e-01,-1.1449010994138007e+00
-6.3233297961778590e-01,-1.0828120885689714e+00
-5.9765218998290948e-01,-1.0233335871525924e+00
-5.6444328877728367e-01,-9.6639302479707112e-01
-5.3265921609931866e-01,-9.1190221838132857e-01
-5.0226176963235503e-01,-8.5979900603797432e-01
-4.7320462229640725e-01,-8.0999896327102761e-01
-4.4544460133170105e-01,-7.6242923058725864e-01
-4.1894484261752041e-01,-7.1702446574090573e-01
-3.9366051657952994e-01,-6.7371238748819451e-01
-3.6955520516255547e-01,-6.3241666683461517e-01
-3.4658959088631036e-01,-5.9308439390770218e-01
-3.2472563074315985e-01,-5.5564213096477033e-01
-3.0392923259023519e-01,-5.2003234213407268e-01
-2.8415837069326244e-01,-4.8618187879674224e-01
-2.6538331797803494e-01,-4.5403725283176755e-01
-2.4756478882613919e-01,-4.2353485674357216e-01
-2.3066900971321047e-01,-3.9461426341131300e-01
-2.1466603053272593e-01,-3.6722776721489936e-01
-1.9951949695303028e-01,-3.4129961740836734e-01
-1.8519872604576904e-01,-3.1679714287020033e-01
-1.7167217461371820e-01,-2.9364979710589978e-01
-1.5890798084137714e-01,-2.7181132011810405e-01
-1.4687813819273288e-01,-2.5122735641070904e-01
-1.3555400289590125e-01,-2.3185338073835737e-01
-1.2490342637886442e-01,-2.1363619410385581e-01
-1.1490436026531370e-01,-1.9652548876183573e-01
-1.0552360454346399e-01,-1.8048049809021904e-01
-9.6735032524748021e-02,-1.6544917959163286e-01
-8.8514652261892479e-02,-1.5139018839545315e-01
-8.0836018448167124e-02,-1.3825292763067409e-01
-7.3673928387393062e-02,-1.2600790654869343e-01
-6.7005823914314533e-02,-1.1460308265395724e-01
-6.0805992543691900e-02,-1.0399826757384290e-01
-5.5052481484835880e-02,-9.4159633686103916e-02
-4.9722413953986688e-02,-8.5046414369571721e-02
-4.4794123916631179e-02,-7.6618132125986449e-02
-4.0245849752864160e-02,-6.8840091958918492e-02
-3.6057964584415458e-02,-6.1678177121393674e-02
-3.2210682223649201e-02,-5.5103185989537451e-02
-2.8683196905149089e-02,-4.9070304191445757e-02
-2.5458048353925733e-02,-4.3555823479437095e-02
-2.2517616986192479e-02,-3.8526783607267134e-02
-1.9841829858023630e-02,-3.3951669949601637e-02
-1.7417496177927205e-02,-2.9806196010213171e-02
-1.5098083456223321e-02,-2.5842003432444471e-02
-1.2996637414403267e-02,-2.2247023452109715e-02
-1.1130905083632570e-02,-1.9058842316553637e-02
-9.4909455776814866e-03,-1.6253173526820319e-02
-8.0149788360586172e-03,-1.3732003715631436e-02
-6.6753806648875980e-03,-1.1443868636888510e-02
-5.5217280489614495e-03,-9.4685667854719213e-03
-4.5399380659318922e-03,-7.7922201608089381e-03
-3.7114671390554577e-03,-6.3757968919162522e-03
-3.0134066231539691e-03,-5.1834454816344078e-03
-2.4271173559782255e-03,-4.1822056819000863e-03
-1.9383252442821686e-03,-3.3414302442906774e-03
-1.5306533148304879e-03,-2.6449281722307205e-03
-1.1942244049123474e-03,-2.0739063393193646e-03
-9.1967114065027999e-04,-1.6037891246014624e-03
-6.9692518843567086e-04,-1.2180964040453546e-03
-5.1732013446326164e-04,-9.1480430182855343e-04
-3.7610856804803916e-04,-6.7107194445270579e-04
-2.6545248283582623e-04,-4.8429720845888369e-04
-1.8136915173272428e-04,-3.3799996981542790e-04
-1.1876068424498953e-04,-2.3102372779248981e-04
-7.2943393547575397e-05,-1.5151435854932060e-04
-4.0444341721013188e-05,-9.9471862995414995e-05
-1.8364103539170173e-05,-5.9861740737687796e-05
-3.3890503345901379e-06,-3.4418742870911956e-05
5.2773635843550437e-06,-2.1697243937524036e-05
9.5149849812514731e-06,-1.1288744644843973e-05
1.2701166497208760e-05,-6.3736197262187488e-06
1.4039362781659293e-05,-8.9757440946414135e-06
1.4453566450356448e-05,-4.9279951781500131e-06
1.3784468251287763e-05,-3.7714944483013824e-06
1.5919209886305907e-05,-3.4823697205865756e-06
1.4740322740181000e-05,-2.9041202651569620e-06
1.5122664535738295e-05,-3.7714944483013824e-06
1.4230533679437940e-05,-6.0844949985039420e-06
