-1.8083454007923137e+01,4.4973242737091823e-01
-1.8083453953498974e+01,4.4973242755554566e-01
-1.8083453896862920e+01,4.4973242778246458e-01
-1.8083453830447979e+01,4.4973242809737712e-01
-1.8083453756757081e+01,4.4973242832600135e-01
-1.8083453681436367e+01,4.4973242872356423e-01
-1.8083453598490451e+01,4.4973242905598454e-01
-1.8083453505299985e+01,4.4973242941830449e-01
-1.8083453402330633e+01,4.4973242987919093e-01
-1.8083453291212209e+01,4.4973243034348798e-01
-1.8083453164785169e+01,4.4973243083256875e-01
-1.8083453026949428e+01,4.4973243141475905e-01
-1.8083452877646778e+01,4.4973243206902680e-01
-1.8083452707098331e+01,4.4973243274625929e-01
-1.8083452525956091e+01,4.4973243351489600e-01
-1.8083452323917300e+01,4.4973243433639709e-01
-1.8083452100108843e+01,4.4973243527215345e-01
-1.8083451853075530e+01,4.4973243628533055e-01
-1.8083451582351699e+01,4.4973243741276292e-01
-1.8083451286540367e+01,4.4973243864228607e-01
-1.8083450952195562e+01,4.4973243999493207e-01
-1.8083450591017026e+01,4.4973244152527059e-01
-1.8083450188336428e+01,4.4973244316281580e-01
-1.8083449741476215e+01,4.4973244502023135e-01
-1.8083449252531864e+01,4.4973244703783166e-01
-1.8083448712772224e+01,4.4973244929803968e-01
-1.8083448113291524e+01,4.4973245176061027e-01
-1.8083447447628714e+01,4.4973245449409660e-01
-1.8083446714212187e+01,4.4973245756170854e-01
-1.8083445903437678e+01,4.4973246095651120e-01
-1.8083445003081579e+01,4.4973246466781802e-01
-1.8083443995041307e+01,4.4973246876975281e-01
-1.8083442892064340e+01,4.4973247341340539e-01
-1.8083441656257492e+01,4.4973247853556586e-01
-1.8083440281974617e+01,4.4973248423809764e-01
-1.8083438750356436e+01,4.4973249064423726e-01
-1.8083437047607731e+01,4.4973249769407175e-01
-1.8083435138920322e+01,4.4973250562873091e-01
-1.8083433003572281e+01,4.4973251445344431e-01
-1.8083430603146553e+01,4.4973252442673584e-01
-1.8083427913545165e+01,4.4973253565945015e-01
-1.8083424886222929e+01,4.4973254824139985e-01
-1.8083421467687003e+01,4.4973256253285854e-01
-1.8083417598099913e+01,4.4973257857282078e-01
-1.8083413209649734e+01,4.4973259689072620e-01
-1.8083408221486025e+01,4.4973261766222095e-01
-1.8083402526332065e+01,4.4973264139764524e-01
-1.8083396012661979e+01,4.4973266857539329e-01
-1.8083388530532829e+01,4.4973269977231212e-01
-1.8083379923074972e+01,4.4973273572713879e-01
-1.8083369977714028e+01,4.4973277735471129e-01
-1.8083358444855548e+01,4.4973282563285011e-01
-1.8083345029270276e+01,4.4973288176663573e-01
-1.8083329386252444e+01,4.4973294731073565e-01
-1.8083311059221160e+01,4.4973302404014248e-01
-1.8083289540198166e+01,4.4973311429941987e-01
-1.8083264190121554e+01,4.4973322074815769e-01
-1.8083234226738568e+01,4.4973334651024288e-01
-1.8083198734209873e+01,4.4973349564543241e-01
-1.8083156552223954e+01,4.4973367296449851e-01
-1.8083106292178854e+01,4.4973388435812467e-01
-1.8083046263491269e+01,4.4973413700108722e-01
-1.8082974388205912e+01,4.4973443968297033e-01
-1.8082888126082253e+01,4.4973480303838187e-01
-1.8082784373604227e+01,4.4973524034048751e-01
-1.8082659319334198e+01,4.4973576767154100e-01
-1.8082508275867440e+01,4.4973640485841315e-01
-1.8082325490016956e+01,4.4973717618529463e-01
-1.8082103879074566e+01,4.4973811182023837e-01
-1.8081834706070367e+01,4.4973924845328384e-01
-1.8081507199560292e+01,4.4974063203562764e-01
-1.8081108046870213e+01,4.4974231876062731e-01
-1.8080620778666344e+01,4.4974437845201010e-01
-1.8080024986120407e+01,4.4974689749415120e-01
-1.8079295345640276e+01,4.4974998318707549e-01
-1.8078400344122201e+01,4.4975376907984810e-01
-1.8077300721837673e+01,4.4975842144174294e-01
-1.8075947389530484e+01,4.4976414829250189e-01
-1.8074278838816099e+01,4.4977121035253731e-01
-1.8072217694018036e+01,4.4977993524912563e-01
-1.8069666281633545e+01,4.4979073706781492e-01
-1.8066500759159680e+01,4.4980414055942219e-01
-1.8062563381565269e+01,4.4982081419720998e-01
-1.8057652097952086e+01,4.4984161410945944e-01
-1.8051506659016013e+01,4.4986764334362306e-01
-1.8043789619754534e+01,4.4990033183773903e-01
-1.8034060308127664e+01,4.4994154711127976e-01
-1.8021738680603448e+01,4.4999374746453213e-01
-1.8006054548255634e+01,4.5006019674463005e-01
-1.7985975440475158e+01,4.5014527070475197e-01
-1.7960102488286793e+01,4.5025489782540262e-01
-1.7926518244727049e+01,4.5039720424779262e-01
-1.7882560595928226e+01,4.5058347194105863e-01
-1.7824481146701146e+01,4.5082958697560116e-01
-1.7746919789409731e+01,4.5115826550306792e-01
-1.7642080608347896e+01,4.5160254681229617e-01
-1.7498412224813364e+01,4.5221138590625287e-01
-1.7298446364060510e+01,4.5305881347019294e-01
-1.7015170683152974e+01,4.5425930755232002e-01
-1.6617570374859497e+01,4.5594430851019752e-01
-1.6098462729016319e+01,4.5814425609330556e-01
-1.5444823689991608e+01,4.6091434250729435e-01
-1.4646181136951782e+01,4.6429894280970530e-01
-1.3700364971184172e+01,4.6830724644883048e-01
-1.2593136128038168e+01,4.7299958861196956e-01
-1.1308667425648309e+01,4.7844303200952254e-01
-9.8302674583974294e+00,4.8470829843256524e-01
-8.1405202043242753e+00,4.9186917627855564e-01
-6.2213073145248927e+00,5.0000242555518071e-01
-4.0538092519273050e+00,5.0918777134950233e-01
-1.6185045226011425e+00,5.1950790634646182e-01
1.1048293544445187e+00,5.3104848523764758e-01
4.1371128659229726e+00,5.4389811022167578e-01
7.4999595702975057e+00,5.5814830883809918e-01
1.1215669454308227e+01,5.7389350303594711e-01
1.5307220663176849e+01,5.9123097194890306e-01
1.9798259851057082e+01,6.1026080841725161e-01
2.4713091210054699e+01,6.3108586892087715e-01
3.0076664355467074e+01,6.5381171879312205e-01
3.5914561315381434e+01,6.7854657286432030e-01
4.2252982861886267e+01,7.0540123241562469e-01
4.9118734536401462e+01,7.3448902105610614e-01
5.6539212744915858e+01,7.6592571869821313e-01
6.4542391360970214e+01,7.9982949813688720e-01
7.3156809471780434e+01,8.3632086465240718e-01
8.2411560644221026e+01,8.7552260114421188e-01
9.2336284502409399e+01,9.1755972188661872e-01
1.0296116112190066e+02,9.6255943650703557e-01
1.1431690888287267e+02,1.0106511271244472e+00
1.2643478645820869e+02,1.0619663409181612e+00
1.3934659938013647e+02,1.1166388010983610e+00
1.5308471179573098e+02,1.1748044359022742e+00
1.6768206371058477e+02,1.2366014298384016e+00
1.8317219418945024e+02,1.3021702969062972e+00
1.9958927057031542e+02,1.3716539761120430e+00
2.1696812386316014e+02,1.4451979504001429e+00
2.3534429021156393e+02,1.5229503874671764e+00
2.5475405840593157e+02,1.6050623026483208e+00
2.7523452289635316e+02,1.6916877410772031e+00
2.9682364217983559e+02,1.7829839784080832e+00
3.1956030177790672e+02,1.8791117365378796e+00
3.4348438144387910e+02,1.9802354125246211e+00
3.6863682564708870e+02,2.0865233173024080e+00
3.9505971682997188e+02,2.1981479203694789e+00
4.2279635044361930e+02,2.3152860981193726e+00
4.5189131104672560e+02,2.4381193813021582e+00
4.8239054832659895e+02,2.5668341982725451e+00
5.1434145244408865e+02,2.7016221106998728e+00
5.4779292751167668e+02,2.8426800381203066e+00
5.8279546219378244e+02,2.9902104667056619e+00
6.1940119640686316e+02,3.1444216394585283e+00
6.5766398329864023e+02,3.3055277254028397e+00
6.9763944494799944e+02,3.4737489616605899e+00
7.3938502095342847e+02,3.6493117668570676e+00
7.8296000837249449e+02,3.8324488212030019e+00
8.2842559225735022e+02,4.0233991116713241e+00
8.7584486473660218e+02,4.2224079353818524e+00
9.2528283185331384e+02,4.4297268611871914e+00
9.7680640649679117e+02,4.6456136442170646e+00
1.0304843860233668e+03,4.8703320902027372e+00
1.0863874134937068e+03,5.1041518681461184e+00
1.1445879201541538e+03,5.3473482644784553e+00
1.2051600494512240e+03,5.6002018817612225e+00
1.2681795599524048e+03,5.8629982753146805e+00
1.3337237073460710e+03,6.1360275286348269e+00
1.4018711037285975e+03,6.4195837648404677e+00
1.4727015547664487e+03,6.7139645969102730e+00
1.5462958739535534e+03,7.0194705146233218e+00
1.6227356748048915e+03,7.3364042137411616e+00
1.7021031414258759e+03,7.6650698671138571e+00
1.7844807790144114e+03,8.0057723451847096e+00
1.8699511463553645e+03,8.3588163916672329e+00
1.9585965729371528e+03,8.7245057622866398e+00
2.0504988632873865e+03,9.1031423347822056e+00
2.1457389930374338e+03,9.4950252029344711e+00
2.2443968008700758e+03,9.9004497674917502e+00
2.3465506808388163e+03,1.0319706835427951e+01
2.4522772808885784e+03,1.0753081745521285e+01
2.5616512128905742e+03,1.1200853534288740e+01
2.6747447796624037e+03,1.1663294158157782e+01
2.7916277251566062e+03,1.2140667788857286e+01
2.9123670128659578e+03,1.2633230196892555e+01
3.0370266389761819e+03,1.3141228242001603e+01
3.1656674822270288e+03,1.3664899474014874e+01
3.2983471979924361e+03,1.4204471869262761e+01
3.4351201559680630e+03,1.4760163696865334e+01
3.5760374265560531e+03,1.5332183532322915e+01
3.7211468146698317e+03,1.5920730414305467e+01
3.8704929426679737e+03,1.6525994149444386e+01
4.0241173797729425e+03,1.7148155758611097e+01
4.1820588145727525e+03,1.7787388051171661e+01
4.3443532725102268e+03,1.8443856341993751e+01
4.5110343652423471e+03,1.9117719260344529e+01
4.6821335769634461e+03,1.9809129678136514e+01
4.8576805720591801e+03,2.0518235699413026e+01
5.0377035282694269e+03,2.1245181734865014e+01
5.2222294832405169e+03,2.1990109616636005e+01
5.4112846858402481e+03,2.2753159724793136e+01
5.6048949583509238e+03,2.3534472155118692e+01
5.8030860470650368e+03,2.4334187840941354e+01
6.0058839767636964e+03,2.5152449694605025e+01
6.2133153826706694e+03,2.5989403664939232e+01
6.4254078326541348e+03,2.6845199763236792e+01
6.6421901335364091e+03,2.7719993034044364e+01
6.8636926100109704e+03,2.8613944424407578e+01
7.0899473610753776e+03,2.9527221569971289e+01
7.3209884960735217e+03,3.0459999507462612e+01
7.5568523377713282e+03,3.1412461258784560e+01
7.7975776023759972e+03,3.2384798328341958e+01
8.0432055471012136e+03,3.3377211071829379e+01
8.2937800951849204e+03,3.4389908977484083e+01
8.5493479227046482e+03,3.5423110794309082e+01
8.8099585239086882e+03,3.6477044574949105e+01
9.0756642421581782e+03,3.7551947581725699e+01
9.3465202739799861e+03,3.8648066085353435e+01
9.6225846446533687e+03,3.9765655052289162e+01
9.9039181506804307e+03,4.0904977702714973e+01
1.0190584277151502e+04,4.2066304973887100e+01
1.0482649087033758e+04,4.3249914878589948e+01
1.0780181080377952e+04,4.4456091754716454e+01
1.1083251034012239e+04,4.5685125449903694e+01
1.1391931810416863e+04,4.6937310399387343e+01
1.1706298140475526e+04,4.8212944619507198e+01
1.2026426398296840e+04,4.9512328692570918e+01
1.2352394349219452e+04,5.0835764669877904e+01
1.2684280881902727e+04,5.2183554939739338e+01
1.3022165736238821e+04,5.3556001108877695e+01
1.3366129215211840e+04,5.4953402851721876e+01
1.3716251897872658e+04,5.6376056797518572e+01
1.4072614348175179e+04,5.7824255433497228e+01
1.4435296836511581e+04,5.9298286092590274e+01
1.4804379063228087e+04,6.0798429980658170e+01
1.5179939892605820e+04,6.2324961274771567e+01
1.5562057117773977e+04,6.3878146373895106e+01
1.5950807230024191e+04,6.5458243189558402e+01
1.6346265228582255e+04,6.7065500619838531e+01
1.6748504446413135e+04,6.8700158102347245e+01
1.7157596413781692e+04,7.0362445329273783e+01
1.7573610735410650e+04,7.2052582022329489e+01
1.7996615027520573e+04,7.3770777948413297e+01
1.8426674859151128e+04,7.5517232947793445e+01
1.8863853749070433e+04,7.7292137175451330e+01
1.9308213158648578e+04,7.9095671311764136e+01
1.9759812547601934e+04,8.0928007007360065e+01
2.0218709430227522e+04,8.2789307308909656e+01
2.0684959469555120e+04,8.4679727211746012e+01
2.1158616564330063e+04,8.6599414157000524e+01
2.1639732984245231e+04,8.8548508695129044e+01
2.2128359499026323e+04,9.0527145096489335e+01
2.2624545493442798e+04,9.2535451875010949e+01
2.3128339137687581e+04,9.4573552509017759e+01
2.3639787496747740e+04,9.6641565888626474e+01
2.4158936707506131e+04,9.8739607012554757e+01
2.4685832082598412e+04,1.0086778736598524e+02
2.5220518269251159e+04,1.0302621550226024e+02
2.5763039339762705e+04,1.0521499732992640e+02
2.6313438923742913e+04,1.0743423655552886e+02
2.6871760305487376e+04,1.0968403497386532e+02
2.7438046524487203e+04,1.1196449276141846e+02
2.8012340457231912e+04,1.1427570868963949e+02
2.8594684876882762e+04,1.1661778024407613e+02
2.9185122516401869e+04,1.1899080375610436e+02
2.9783696134591883e+04,1.2139487454654568e+02
3.0390448524979292e+04,1.2383008684072399e+02
3.1005422591080365e+04,1.2629653395352682e+02
3.1628661350033130e+04,1.2879430819000515e+02
3.2260207950473938e+04,1.3132350080830304e+02
3.2900105670392688e+04,1.3388420190676277e+02
3.3548397961891489e+04,1.3647650050488392e+02
3.4205128409013909e+04,1.3910048428064238e+02
3.4870340768656402e+04,1.4175623964628574e+02
3.5544078946674243e+04,1.4444385156927785e+02
3.6226386985076650e+04,1.4716340344274988e+02
3.6917309062062006e+04,1.4991497701136893e+02
3.7616889506747946e+04,1.5269865235933310e+02
3.8325172750605270e+04,1.5551450764964250e+02
3.9042203346625145e+04,1.5836261913591954e+02
3.9768025950558484e+04,1.6124306102585388e+02
4.0502685297429387e+04,1.6415590532764509e+02
4.1246226231045497e+04,1.6710122190782488e+02
4.1998693664312828e+04,1.7007907827645124e+02
4.2760132566379907e+04,1.7308953947917530e+02
4.3530588001351978e+04,1.7613266819287037e+02
4.4310105080237321e+04,1.7920852447903803e+02
4.5098728968887532e+04,1.8231716575782161e+02
4.5896504878349486e+04,1.8545864671237484e+02
4.6703478104693349e+04,1.8863301938734764e+02
4.7519693961208803e+04,1.9184033286234762e+02
4.8345197821182199e+04,1.9508063336021496e+02
4.9180035121766734e+04,1.9835396420097186e+02
5.0024251355477318e+04,2.0166036570492793e+02
5.0877892030056391e+04,2.0499987497242057e+02
5.1741002734535316e+04,2.0837252607700191e+02
5.2613629098579928e+04,2.1177834983985372e+02
5.3495816823050962e+04,2.1521737388087308e+02
5.4387611623911507e+04,2.1868962233074296e+02
5.5289059330945107e+04,2.2219511614411840e+02
5.6200205819087860e+04,2.2573387275987989e+02
5.7121097012395563e+04,2.2930590604199892e+02
5.8051778927338368e+04,2.3291122637197657e+02
5.8992297665520193e+04,2.3654984054255669e+02
5.9942699391818111e+04,2.4022175159367475e+02
6.0903030344546860e+04,2.4392695877103370e+02
6.1873336859629140e+04,2.4766545753618766e+02
6.2853665361304651e+04,2.5143723944623821e+02
6.3844062351743109e+04,2.5524229202678521e+02
6.4844574470338091e+04,2.5908059891169592e+02
6.5855248370579648e+04,2.6295213927951795e+02
6.6876130906230217e+04,2.6685688847555821e+02
6.7907268964588671e+04,2.7079481727786902e+02
6.8948709597906651e+04,2.7476589230347849e+02
7.0000499954600586e+04,2.7877007564654423e+02
7.1062687310820242e+04,2.8280732489728234e+02
7.2135318997291412e+04,2.8687759276112547e+02
7.3218442520570941e+04,2.9098082741445296e+02
7.4312105552584224e+04,2.9511697235480824e+02
7.5416355840515927e+04,2.9928596595004319e+02
7.6531241284493095e+04,3.0348774161909841e+02
7.7656809892257617e+04,3.0772222754586141e+02
7.8793109875688708e+04,3.1198934692406056e+02
7.9940189541584812e+04,3.1628901742531411e+02
8.1098097372223070e+04,3.2062115137839533e+02
8.2266881978106481e+04,3.2498565546554937e+02
8.3446592114274332e+04,3.2938243065481606e+02
8.4637276680537267e+04,3.3381137206871063e+02
8.5838984806723718e+04,3.3827236916594552e+02
8.7051765701762808e+04,3.4276530504136781e+02
8.8275668753761885e+04,3.4729005665737168e+02
8.9510743565976416e+04,3.5184649483098929e+02
9.0757039906054473e+04,3.5643448389733840e+02
9.2014607687534211e+04,3.6105388148957286e+02
9.3283497004027508e+04,3.6570453851090110e+02
9.4563758128858608e+04,3.7038629897315377e+02
9.5855441496036743e+04,3.7509899976544239e+02
9.7158597716759308e+04,3.7984247054855109e+02
9.8473277634184662e+04,3.8461653378315850e+02
9.9799532286780654e+04,3.8942100442115043e+02
1.0113741286908192e+05,3.9425568958501958e+02
1.0248697078596553e+05,3.9912038858196661e+02
1.0384825763226760e+05,4.0401489264292445e+02
1.0522132519057640e+05,4.0893898472298133e+02
1.0660622544820348e+05,4.1389243936655862e+02
1.0800301059510207e+05,4.1887502249854265e+02
1.0941173306147737e+05,4.2388649135232436e+02
1.1083244549648467e+05,4.2892659418137305e+02
1.1226520070462211e+05,4.3399506981822924e+02
1.1371005176343830e+05,4.3909164787049212e+02
1.1516705191934045e+05,4.4421604812493183e+02
1.1663625470746736e+05,4.4936798073723276e+02
1.1811771382467388e+05,4.5454714554689804e+02
1.1961148325055905e+05,4.5975323225705506e+02
1.2111761713876278e+05,4.6498591980442256e+02
1.2263616994013623e+05,4.7024487653093342e+02
1.2416719624848684e+05,4.7552975938599002e+02
1.2571075101191647e+05,4.8084021438688433e+02
1.2726688937799077e+05,4.8617587580583199e+02
1.2883566675387885e+05,4.9153636609352998e+02
1.3041713875657960e+05,4.9692129541773375e+02
1.3201136129671402e+05,5.0233026165057709e+02
1.3361839059772776e+05,5.0776285012404560e+02
1.3523828307684799e+05,5.1321863291137356e+02
1.3687109545244824e+05,5.1869716886832339e+02
1.3851688471586903e+05,5.2419800320437753e+02
1.4017570812493231e+05,5.2972066712031574e+02
1.4184762322067068e+05,5.3526467751498467e+02
1.4353268789274624e+05,5.4082953684050517e+02
1.4523096025355763e+05,5.4641473231613713e+02
1.4694249877457623e+05,5.5201973599865687e+02
1.4866736220731228e+05,5.5764400413116937e+02
1.5040560964894705e+05,5.6328697695641677e+02
1.5215730046042698e+05,5.6894807803792241e+02
1.5392249443255528e+05,5.7462671437314293e+02
1.5570125165458326e+05,5.8032227552982567e+02
1.5749363247794384e+05,5.8603413308472250e+02
1.5929969771066244e+05,5.9176164078277247e+02
1.6111950848213441e+05,5.9750413362841050e+02
1.6295312631063460e+05,6.0326092761055634e+02
1.6480061309413979e+05,6.0903131916835196e+02
1.6666203115351175e+05,6.1481458480636525e+02
1.6853744316947713e+05,6.2060998036297406e+02
1.7042691227851372e+05,6.2641674075639185e+02
1.7233050206348684e+05,6.3223407938467653e+02
1.7424827648800993e+05,6.3806118733935818e+02
1.7618029996544708e+05,6.4389723301416052e+02
1.7812663759836621e+05,6.4974136219931347e+02
1.8008735472472548e+05,6.5559269606768157e+02
1.8206251734880844e+05,6.6145033180740256e+02
1.8405219187768147e+05,6.6731334114723199e+02
1.8605644530474261e+05,6.7318077019372254e+02
1.8807534525618845e+05,6.7905163883021351e+02
1.9010895992158173e+05,6.8492493975193884e+02
1.9215735800920497e+05,6.9079963755746257e+02
1.9422060902500415e+05,6.9667466873936041e+02
1.9629878293533740e+05,7.0254893987807532e+02
1.9839195053562601e+05,7.0842132782493741e+02
2.0050018344080204e+05,7.1429067876123918e+02
2.0262355388998272e+05,7.2015580671718567e+02
2.0476213500267849e+05,7.2601549331810065e+02
2.0691600061090090e+05,7.3186848631636349e+02
2.0908522548838233e+05,7.3771349917826933e+02
2.1126988521071459e+05,7.4354920962179995e+02
2.1347005635627377e+05,7.4937425903637950e+02
2.1568581668303630e+05,7.5518725177016631e+02
2.1791724476332063e+05,7.6098675295045064e+02
2.2016442015109194e+05,7.6677128767719501e+02
2.2242742404610250e+05,7.7253934140933620e+02
2.2470633843763079e+05,7.7828935638304347e+02
2.2700124673233385e+05,7.8401973180041364e+02
2.2931223374042107e+05,7.8972882229019569e+02
2.3163938565808180e+05,7.9541493630513719e+02
2.3398279018185087e+05,8.0107633478209277e+02
2.3634253669358441e+05,8.0671122988738239e+02
2.3871871638173261e+05,8.1231778351745743e+02
2.4111142194805382e+05,8.1789410474864394e+02
2.4352074806594793e+05,8.2343824898324738e+02
2.4594679164516923e+05,8.2894821650179006e+02
2.4838965139454388e+05,8.3442194932132361e+02
2.5084942864669306e+05,8.3985733081731405e+02
2.5332622706398618e+05,8.4525218267836885e+02
2.5582015290578769e+05,8.5060426301440498e+02
2.5833131501037072e+05,8.5591126370853954e+02
2.6085982521186094e+05,8.6117080856037001e+02
2.6340579862215888e+05,8.6638045095277516e+02
2.6596935354529612e+05,8.7153767059875031e+02
2.6855061205845326e+05,8.7663987147690045e+02
2.7114969992944878e+05,8.8168437822190162e+02
2.7376674698075093e+05,8.8666843321793522e+02
2.7640188746195356e+05,8.9158919346137100e+02
2.7905526043008443e+05,8.9644372717376473e+02
2.8172700990307558e+05,9.0122900973255605e+02
2.8441728524596791e+05,9.0594191975935723e+02
2.8712624180190451e+05,9.1057923530754829e+02
2.8985404122029722e+05,9.1513762915363100e+02
2.9260085186764511e+05,9.1961366387693056e+02
2.9536684964963549e+05,9.2400378719534774e+02
2.9815221820147173e+05,9.2830432581823402e+02
3.0095714981341129e+05,9.3251147999950717e+02
3.0378184604962339e+05,9.3662131703848468e+02
3.0662651846112730e+05,9.4062976434305824e+02
3.0949138956551527e+05,9.4453260221506025e+02
3.1237669385131862e+05,9.4832545591206531e+02
3.1528267897826910e+05,9.5200378713520217e+02
3.1820960648961854e+05,9.5556288400204517e+02
3.2115775366614782e+05,9.5899785146781551e+02
3.2412741438340046e+05,9.6230359938820334e+02
3.2711890148769610e+05,9.6547483110022290e+02
3.3013254799937399e+05,9.6850602922100370e+02
3.3316870951011410e+05,9.7139144115842464e+02
3.3622776639278285e+05,9.7412506243624330e+02
3.3931987536617200e+05,9.7670847763897586e+02
3.4243506815981091e+05,9.7912560123898584e+02
3.4557443218490051e+05,9.8137005746438263e+02
3.4873880928391597e+05,9.8343480542979819e+02
3.5192893326462252e+05,9.8531226712202943e+02
3.5514551772886130e+05,9.8699438025781205e+02
3.5838930090205406e+05,9.8847259800621691e+02
3.6166107239184168e+05,9.8973786217218412e+02
3.6496169022486825e+05,9.9078055936913506e+02
3.6829209588604182e+05,9.9159046542084525e+02
3.7165332897622645e+05,9.9215667813789923e+02
3.7504654362483852e+05,9.9246753785208193e+02
3.7846736889102572e+05,9.9251068852336516e+02
3.8191976164587575e+05,9.9227377649722553e+02
3.8540647729786841e+05,9.9174284944592250e+02
3.8892980430148344e+05,9.9090254351137696e+02
3.9249195956270007e+05,9.8973603494138547e+02
3.9609530046390306e+05,9.8822486458284743e+02
3.9974903940854885e+05,9.8634497162481512e+02
4.0345365308046149e+05,9.8407346042258450e+02
4.0721166388913128e+05,9.8138446096569510e+02
4.1102702011557209e+05,9.7824845346921688e+02
4.1490494690767676e+05,9.7463139894328629e+02
4.1885207926830009e+05,9.7049353207116269e+02
4.2287682429963007e+05,9.6578762745018753e+02
4.2698999577657774e+05,9.6045642270049052e+02
4.3120586048912886e+05,9.5442862961824380e+02
4.3554391275027522e+05,9.4761241472785400e+02
4.4005154250424803e+05,9.3984893769017572e+02
4.4467037890208251e+05,9.3114950815055840e+02
4.4932633855097683e+05,9.2159001313029989e+02
4.5398296112042357e+05,9.1120583464216793e+02
4.5862228773510351e+05,9.0000962086554023e+02
4.6323522076968715e+05,8.8800165803679261e+02
4.6781685742534173e+05,8.7517556390917798e+02
4.7236427349671093e+05,8.6152129690313382e+02
4.7687548162965395e+05,8.4702669224091892e+02
4.8134894611598703e+05,8.3167821661311086e+02
4.8569395379309950e+05,8.1579837697755170e+02
4.8986302577636333e+05,7.9961932900520446e+02
4.9385598439722112e+05,7.8321861011937176e+02
4.9768769368280220e+05,7.6660917575509689e+02
5.0137556695333379e+05,7.4978058230710417e+02
5.0493540677804872e+05,7.3271626035303348e+02
5.0838974241623218e+05,7.1535218584836844e+02
5.1174304755934514e+05,6.9770188570058667e+02
5.1500137912677461e+05,6.7976706884404553e+02
5.1817078837200755e+05,6.6154488751549684e+02
5.2125676418189885e+05,6.4303114942669276e+02
5.2426410009473329e+05,6.2422165822249735e+02
5.2719692333592824e+05,6.0511270458005629e+02
5.3005877807414648e+05,5.8570117004732151e+02
5.3285271291668306e+05,5.6598450159854769e+02
5.3558136171046889e+05,5.4596062525174034e+02
5.3824701243084739e+05,5.2562784564554977e+02
5.4085166250446485e+05,5.0498476195612966e+02
5.4339706401185866e+05,4.8403019302693519e+02
5.4588476013688184e+05,4.6276311586800693e+02
5.4831611560695316e+05,4.4118260716368081e+02
5.5069234084593528e+05,4.1928779979754518e+02
5.5301451215628826e+05,3.9707784291847724e+02
5.5528358866215381e+05,3.7455186461586072e+02
5.5750042628695979e+05,3.5170893961563911e+02
5.5966578940049245e+05,3.2854806026829533e+02
5.6178036057772720e+05,3.0506810986617120e+02
5.6384474922351330e+05,2.8126783271650470e+02
5.6585949912547530e+05,2.5714580157278851e+02
5.6782509385175887e+05,2.3270039748702482e+02
5.6974196269162849e+05,2.0792977181847084e+02
5.7161048468138161e+05,1.8283182045131832e+02
5.7343099253549415e+05,1.5740414934402247e+02
5.7520377601058083e+05,1.3164403711778516e+02
5.7692908481973666e+05,1.0554839325511250e+02
5.7860713039805437e+05,7.9113723064896817e+01
5.8023808868074324e+05,5.2336066371535594e+01
5.8182210079691908e+05,2.5210957051842001e+01
5.8335927436033264e+05,-2.2666376640484032e+00
5.8484968480877706e+05,-3.0102393206764305e+01
5.8629337536629371e+05,-5.8302694225843311e+01
5.8769035789898504e+05,-8.6874734583070790e+01
5.8904061181005603e+05,-1.1582659834652532e+02
5.9034408386426233e+05,-1.4516737988878037e+02
5.9160068773635291e+05,-1.7490732672924673e+02
5.9281030230592331e+05,-2.0505798652615749e+02
5.9397276931783068e+05,-2.3563237400089781e+02
5.9508789174514450e+05,-2.6664520157964580e+02
5.9615543038266047e+05,-2.9811312289676323e+02
5.9717510002105462e+05,-3.3005503412155912e+02
5.9814656446541287e+05,-3.6249243027828885e+02
5.9906943073533534e+05,-3.9544985032347353e+02
5.9994324167722091e+05,-4.2895541985107741e+02
6.0076746651223721e+05,-4.6304151631752620e+02
6.0154148954244051e+05,-4.9774562968753150e+02
6.0226459469054709e+05,-5.3311141867014544e+02
6.0293029799338558e+05,-5.6887108147101083e+02
6.0353089993665251e+05,-6.0455577992476162e+02
6.0406562147909217e+05,-6.3995367644841997e+02
6.0453656251958909e+05,-6.7497709673516761e+02
6.0494687658783398e+05,-7.0959637785385053e+02
6.0529998955714377e+05,-7.4380815116512474e+02
6.0559928344108281e+05,-7.7762047131940858e+02
6.0584798019819753e+05,-8.1104597247524953e+02
6.0604910866525804e+05,-8.4409878809116856e+02
6.0620550437875860e+05,-8.7679321537072781e+02
6.0631982116336003e+05,-9.0914317858156483e+02
6.0639454586866498e+05,-9.4116204913039212e+02
6.0643201399374101e+05,-9.7286429636806531e+02
6.0643441586715134e+05,-1.0042611565568341e+03
6.0640381824402860e+05,-1.0353639205339712e+03
6.0634217210220022e+05,-1.0661836989619344e+03
6.0625132059356710e+05,-1.0967313399044542e+03
6.0613300648347044e+05,-1.1270174103619365e+03
6.0598888294009888e+05,-1.1570515312500579e+03
6.0582050983258267e+05,-1.1868443058668306e+03
6.0562936577137397e+05,-1.2164056585151825e+03
6.0541685195240285e+05,-1.2457452344999015e+03
6.0518429610116757e+05,-1.2748724684741819e+03
6.0493295609053224e+05,-1.3037966139377627e+03
6.0466402318089083e+05,-1.3325267610254157e+03
6.0437862488575804e+05,-1.3610718506883031e+03
6.0407782747208257e+05,-1.3894406887330872e+03
6.0376263822250336e+05,-1.4176419510514522e+03
6.0343400735391723e+05,-1.4456841935369264e+03
6.0309282972219144e+05,-1.4735758561803902e+03
6.0273994625213463e+05,-1.5013252685985838e+03
6.0237614514887682e+05,-1.5289406531029417e+03
6.0200216284890077e+05,-1.5564301292139348e+03
6.0161868475570413e+05,-1.5838017162627389e+03
6.0122634573572362e+05,-1.6110633359858475e+03
6.0082573036314314e+05,-1.6382228154295588e+03
6.0041737292736559e+05,-1.6652878885146351e+03
6.0000175715262943e+05,-1.6922661986901289e+03
5.9957931561356806e+05,-1.7191653021396273e+03
5.9915042881625029e+05,-1.7459926724822876e+03
5.9871542397804698e+05,-1.7727557042585158e+03
5.9827457332008332e+05,-1.7994617176989880e+03
5.9782809178921825e+05,-1.8261179701155220e+03
5.9737613443718059e+05,-1.8527316611652977e+03
5.9691879293544614e+05,-1.8793099507824845e+03
5.9645609133621422e+05,-1.9058599752751538e+03
5.9598798089840566e+05,-1.9323888729050711e+03
5.9551433375452401e+05,-1.9589038162512927e+03
5.9503493500118575e+05,-1.9854120559618743e+03
5.9454947293770267e+05,-2.0119209817746780e+03
5.9405752697675140e+05,-2.0384382029679255e+03
5.9355855244879378e+05,-2.0649716601367077e+03
5.9305186132202600e+05,-2.0915297809259982e+03
5.9253659751343983e+05,-2.1181216953080157e+03
5.9201170466311579e+05,-2.1447575451769508e+03
5.9147588347359654e+05,-2.1714489279111699e+03
5.9092753391142190e+05,-2.1982095499663237e+03
5.9036467475341121e+05,-2.2250562042501042e+03
5.8978482730134553e+05,-2.2520102835613325e+03
5.8919472333542001e+05,-2.2786610794246903e+03
5.8859735129984911e+05,-2.3047895422087349e+03
5.8799354091920308e+05,-2.3302813671665826e+03
5.8738305736560945e+05,-2.3550702648018969e+03
5.8676512787178170e+05,-2.3791113044845151e+03
5.8613869225061103e+05,-2.4023686217155246e+03
5.8550256148074684e+05,-2.4248084219995071e+03
5.8485538258963730e+05,-2.4463999304165754e+03
5.8419678250334971e+05,-2.4670798086711939e+03
5.8352792235993815e+05,-2.4867470950151373e+03
5.8284872920028970e+05,-2.5053526210548716e+03
5.8215847681368876e+05,-2.5228729259363008e+03
5.8145609153719409e+05,-2.5392969116556615e+03
5.8074031038259249e+05,-2.5546190595280482e+03
5.8000976001086808e+05,-2.5688359865091006e+03
5.7926299442407419e+05,-2.5819446537654403e+03
5.7849850975872343e+05,-2.5939414051058675e+03
5.7771474756997498e+05,-2.6048213875960250e+03
5.7691009121790063e+05,-2.6145781579675013e+03
5.7608285687152017e+05,-2.6232033797370577e+03
5.7523128180291911e+05,-2.6306865331225581e+03
5.7435350953603233e+05,-2.6370146193567143e+03
5.7344757033684256e+05,-2.6421718438968046e+03
5.7251135888945288e+05,-2.6461392376324911e+03
5.7154260611396562e+05,-2.6488942122496583e+03
5.7053884471473354e+05,-2.6504100147448121e+03
5.6949736598740413e+05,-2.6506550487548820e+03
5.6841516359604616e+05,-2.6495920117506239e+03
5.6728886298169172e+05,-2.6471767769034764e+03
5.6611725809069187e+05,-2.6433668797105456e+03
5.6490834876698174e+05,-2.6381674857217313e+03
5.6366628327342914e+05,-2.6316002178304316e+03
5.6239333483033802e+05,-2.6236934422042559e+03
5.6109088442665420e+05,-2.6144787044873269e+03
5.5975989552658866e+05,-2.6039894299294133e+03
5.5840113980163285e+05,-2.5922603744332509e+03
5.5701529996350454e+05,-2.5793272664180085e+03
5.5560476163002802e+05,-2.5652444645738215e+03
5.5416927408312412e+05,-2.5500423608580822e+03
5.5270894147981098e+05,-2.5337533764712298e+03
5.5122409649742173e+05,-2.5164115022155625e+03
5.4971517623250885e+05,-2.4980513227129895e+03
5.4818265729239117e+05,-2.4787073726956587e+03
5.4662702454333741e+05,-2.4584137505507015e+03
5.4504875562824728e+05,-2.4372038771494827e+03
5.4344831369130162e+05,-2.4151103493038609e+03
5.4182836287010030e+05,-2.3921965905299712e+03
5.4018424443854706e+05,-2.3684210505580568e+03
5.3851787996010738e+05,-2.3438334474730127e+03
5.3683041252484510e+05,-2.3184729443317010e+03
5.3512258085479308e+05,-2.2923726657348648e+03
5.3339491964791727e+05,-2.2655622488253016e+03
5.3164785821596941e+05,-2.2380691555778817e+03
5.2988176858741662e+05,-2.2099193456965313e+03
5.2809698953599785e+05,-2.1811376369533200e+03
5.2629383928814216e+05,-2.1517479160143798e+03
5.2447262092852243e+05,-2.1217732455749074e+03
5.2263362643220584e+05,-2.0912359552109174e+03
5.2077713872700586e+05,-2.0601577028720826e+03
5.1890343281861453e+05,-2.0285595216578431e+03
5.1701277702623385e+05,-1.9964618684304196e+03
5.1510543316073052e+05,-1.9638846540592501e+03
5.1318165771608078e+05,-1.9308472900445529e+03
5.1124170237830246e+05,-1.8973687227442683e+03
5.0928581379460962e+05,-1.8634674537172855e+03
5.0731423449947848e+05,-1.8291615788815734e+03
5.0532720320423681e+05,-1.7944688156992206e+03
5.0332495473383751e+05,-1.7594065230692447e+03
5.0130772051034408e+05,-1.7239917296752178e+03
4.9927572902166774e+05,-1.6882411611249349e+03
4.9722920557658700e+05,-1.6521712535497161e+03
4.9516837259706971e+05,-1.6157981756691274e+03
4.9309344977392105e+05,-1.5791378475712906e+03
4.9100465400146466e+05,-1.5422059547350382e+03
4.8890219984078547e+05,-1.5050179705980142e+03
4.8678629994652991e+05,-1.4675891777381626e+03
4.8465716428728477e+05,-1.4299346669862180e+03
4.8251499992803799e+05,-1.3920693458301555e+03
4.8036001224044675e+05,-1.3540079714568815e+03
4.7819240427008038e+05,-1.3157651506180714e+03
4.7601237686169159e+05,-1.2773553523696319e+03
4.7382012873025774e+05,-1.2387929193455341e+03
4.7161585640284384e+05,-1.2000920762959304e+03
4.6939975432435947e+05,-1.1612669410757710e+03
4.6717201459923026e+05,-1.1223315288564604e+03
4.6493282697493001e+05,-1.0832997602481305e+03
4.6268237975300162e+05,-1.0441854851946057e+03
4.6042085825535515e+05,-1.0050024639635643e+03
4.5814844601916382e+05,-9.6576439538657121e+02
4.5586532379463839e+05,-9.2648490668062664e+02
4.5357167097201035e+05,-8.8717758494839325e+02
4.5126766428983805e+05,-8.4785596154850884e+02
4.4895347792800365e+05,-8.0853352026243158e+02
4.4662928348607535e+05,-7.6922370329280432e+02
4.4429525119706744e+05,-7.2993993783476208e+02
4.4195154784736480e+05,-6.9069560682046381e+02
4.3959833827191766e+05,-6.5150407994409090e+02
4.3723578504801262e+05,-6.1237871388058045e+02
4.3486778065568750e+05,-5.7339411355495349e+02
4.3250203411828412e+05,-5.3468562943699874e+02
4.3014218555294268e+05,-4.9631943158035256e+02
4.2778996187536541e+05,-4.5832918954950469e+02
4.2544619576152519e+05,-4.2073333123021678e+02
4.2311130266943737e+05,-3.8354308708937873e+02
4.2078550403962244e+05,-3.4676623874446597e+02
4.1846893044916069e+05,-3.1040884711067508e+02
4.1616167027408571e+05,-2.7447606669207948e+02
4.1386379104515607e+05,-2.3897250607795468e+02
4.1157535073237366e+05,-2.0390241933378468e+02
4.0929640135524445e+05,-1.6926977257995202e+02
4.0702699124029058e+05,-1.3507828712707976e+02
4.0476716606350685e+05,-1.0133146234275625e+02
4.0251696886352671e+05,-6.8032582080592533e+01
4.0027644046343083e+05,-3.5184726639708515e+01
3.9804561881962966e+05,-2.7907684817197378e+00
3.9582453909710626e+05,2.9146621466928877e+01
3.9361323413713125e+05,6.0624962325365800e+01
3.9141173356493021e+05,9.1641971533411720e+01
3.8922006457502436e+05,1.2219554933262793e+02
3.8703825063675339e+05,1.5228379271029632e+02
3.8486631236520456e+05,1.8190497900786715e+02
3.8270426726499264e+05,2.1105756561763860e+02
3.8055212979554554e+05,2.3974018535440064e+02
3.7840991069406655e+05,2.6795165175092029e+02
3.7627761766668461e+05,2.9569094615134259e+02
3.7415525511337153e+05,3.2295721791158780e+02
3.7204282425097353e+05,3.4974977942929650e+02
3.6994032287318888e+05,3.7606810589346674e+02
3.6784774536902277e+05,4.0191183170945055e+02
3.6576508268863044e+05,4.2728074764113921e+02
3.6369232256171474e+05,4.5217479497022646e+02
3.6162944914708036e+05,4.7659406660935724e+02
3.5957644318201044e+05,5.0053880211224896e+02
3.5753328227256518e+05,5.2400938126577830e+02
3.5549994075504440e+05,5.4700632283162167e+02
3.5347638886050327e+05,5.6953029086339234e+02
3.5146259421746200e+05,5.9158207474285746e+02
3.4945852103025792e+05,6.1316259567925067e+02
3.4746413002386654e+05,6.3427290428053379e+02
3.4547937886233494e+05,6.5491417318995173e+02
3.4350422154986224e+05,6.7508770048341103e+02
3.4153860853434581e+05,6.9479490541862947e+02
3.3958248781554948e+05,7.1403731450585860e+02
3.3763580357103125e+05,7.3281657254558854e+02
3.3569849655011122e+05,7.5113443554195601e+02
3.3377050441281829e+05,7.6899276456156281e+02
3.3185176178783627e+05,7.8639352249316039e+02
3.2994219964877027e+05,8.0333877685104721e+02
3.2804174581968080e+05,8.1983069214706939e+02
3.2615032512127276e+05,8.3587152585487479e+02
3.2426785916942795e+05,8.5146362738224252e+02
3.2239426567729539e+05,8.6660944075926022e+02
3.2052945975270099e+05,8.8131149094541411e+02
3.1867335267757688e+05,8.9557239077439453e+02
3.1682585204976250e+05,9.0939483636606928e+02
3.1498686314023274e+05,9.2278159397084801e+02
3.1315628754677274e+05,9.3573550731480213e+02
3.1133402323926834e+05,9.4825949388009599e+02
3.0951996479964250e+05,9.6035653995704479e+02
3.0771400276219350e+05,9.7202970171020434e+02
3.0591602520716737e+05,9.8328209156365597e+02
3.0412591596012702e+05,9.9411688674989227e+02
3.0234355511431291e+05,1.0045373223032923e+03
3.0056881971066206e+05,1.0145466838354027e+03
2.9880158218561171e+05,1.0241483130677298e+03
2.9704171114452119e+05,1.0333455995439308e+03
2.9528907171025802e+05,1.0421419754144968e+03
2.9354352411636821e+05,1.0505409189502370e+03
2.9180492493482650e+05,1.0585459444843377e+03
2.9007312639127381e+05,1.0661606021350813e+03
2.8834797595045518e+05,1.0733884756207046e+03
2.8662931646299741e+05,1.0802331774394297e+03
2.8491698551341792e+05,1.0866983472277573e+03
2.8321081601229007e+05,1.0927876450745848e+03
2.8151063510943914e+05,1.0985047511233206e+03
2.7981626473506604e+05,1.1038533589530371e+03
2.7812752037977148e+05,1.1088371747512924e+03
2.7644421147781162e+05,1.1134599108646075e+03
2.7476614100036898e+05,1.1177252818823458e+03
2.7309310499416938e+05,1.1216370004933528e+03
2.7142489191828936e+05,1.1251987733558863e+03
2.6976128254206094e+05,1.1284142953183905e+03
2.6810204884141870e+05,1.1312872453586049e+03
2.6644695388719876e+05,1.1338212800033054e+03
2.6479575120834477e+05,1.1360200275195691e+03
2.6314818393708306e+05,1.1378870818553551e+03
2.6150398376262168e+05,1.1394259960415488e+03
2.5986286970611906e+05,1.1406402748313744e+03
2.5822454780290264e+05,1.1415333658940015e+03
2.5658870981228451e+05,1.1421086513335893e+03
2.5495503124266971e+05,1.1423694382472938e+03
2.5332317021622910e+05,1.1423189476754624e+03
2.5169276520489360e+05,1.1419603025294130e+03
2.5006343421497755e+05,1.1412965143887955e+03
2.4843477115533961e+05,1.1403304682416281e+03
2.4680634411444532e+05,1.1390649057324854e+03
2.4517769118601864e+05,1.1375024049545113e+03
2.4354831825099385e+05,1.1356453592450637e+03
2.4191769359295649e+05,1.1334959504408234e+03
2.4028524373973813e+05,1.1310561198169321e+03
2.3865034673790180e+05,1.1283275318471933e+03
2.3701232588711070e+05,1.1253115338142734e+03
2.3537044077209331e+05,1.1220091055932035e+03
2.3372387740771088e+05,1.1184208009706338e+03
2.3207173580490696e+05,1.1145466759358185e+03
2.3041301407320387e+05,1.1103861993075641e+03
2.2874696270590910e+05,1.1059391698529855e+03
2.2707181164991751e+05,1.1012022437898763e+03
2.2538619998147641e+05,1.0961725439960767e+03
2.2368850141193453e+05,1.0908458543150768e+03
2.2197680248097860e+05,1.0852163880878597e+03
2.2024884277089153e+05,1.0792764110941876e+03
2.1854339719484234e+05,1.0731672877063572e+03
2.1687746059245829e+05,1.0669697208697073e+03
2.1525450178064572e+05,1.0607196700833113e+03
2.1367443171325553e+05,1.0544392524983891e+03
2.1213506987691554e+05,1.0481405911042534e+03
2.1063346448296160e+05,1.0418303477140876e+03
2.0916660504540140e+05,1.0355126024446392e+03
2.0773170373109711e+05,1.0291902771675027e+03
2.0632627680398920e+05,1.0228657938127433e+03
2.0494814484996325e+05,1.0165413683247791e+03
2.0359444557237477e+05,1.0102146157578641e+03
2.0226564366483627e+05,1.0038976155415007e+03
2.0095963532123339e+05,9.9758958311597848e+02
1.9967478573009750e+05,9.9129095816883819e+02
1.9840977705116733e+05,9.8500289197167649e+02
1.9716349283444602e+05,9.7872683073048984e+02
1.9593496053864504e+05,9.7246433517766832e+02
1.9472331451904943e+05,9.6621697401237088e+02
1.9352777403103258e+05,9.5998627509998573e+02
1.9234762933359304e+05,9.5377370619891803e+02
1.9118223022483336e+05,9.4758065949760385e+02
1.9003097976281273e+05,9.4140845672032856e+02
1.8889332723200403e+05,9.3525834505179159e+02
1.8776876148611607e+05,9.2913149041277666e+02
1.8665680947138637e+05,9.2302899519224025e+02
1.8555702996637390e+05,9.1695188700724634e+02
1.8446901149967685e+05,9.1090112753085646e+02
1.8339236979784636e+05,9.0487761665400512e+02
1.8232674475975495e+05,8.9888219205250198e+02
1.8127179861083918e+05,8.9291563362932516e+02
1.8022721317509282e+05,8.8697866150021423e+02
1.7919268942139388e+05,8.8107194556715672e+02
1.7816794621593007e+05,8.7519610958118369e+02
1.7715271718112411e+05,8.6935172329747502e+02
1.7614675083801945e+05,8.6353931250367827e+02
1.7514980866271848e+05,8.5775935632003325e+02
1.7416166560157755e+05,8.5201229801625141e+02
1.7318210737424809e+05,8.4629853658763750e+02
1.7221093110318496e+05,8.4061843706504328e+02
1.7124794349455344e+05,8.3497232607191063e+02
1.7029296096472387e+05,8.2936049827465899e+02
1.6934580888165082e+05,8.2378321725999422e+02
1.6840632005472813e+05,8.1824071158419952e+02
1.6747433499948445e+05,8.1273318091750821e+02
1.6654970163459712e+05,8.0726079856407819e+02
1.6563227457969703e+05,8.0182371133509378e+02
1.6472191598728238e+05,7.9642204825358453e+02
1.6381849280983495e+05,7.9105590788095697e+02
1.6292187847281812e+05,7.8572537153854364e+02
1.6203195003235916e+05,7.8043048951849414e+02
1.6114859082311668e+05,7.7517129974115596e+02
1.6027168897916458e+05,7.6994782171582210e+02
1.5940113651739058e+05,7.6476005366563390e+02
1.5853682918859701e+05,7.5960797407323594e+02
1.5767866889095350e+05,7.5449155837137641e+02
1.5682655925627745e+05,7.4941075480682048e+02
1.5598040889291733e+05,7.4436550582133373e+02
1.5514012848920244e+05,7.3935573272178226e+02
1.5430563249060456e+05,7.3438134751625694e+02
1.5347683920592989e+05,7.2944225528078414e+02
1.5265366847652226e+05,7.2453834191086071e+02
1.5183604358465862e+05,7.1966948705551158e+02
1.5102389080328023e+05,7.1483556290417800e+02
1.5021713840409656e+05,7.1003642967918199e+02
1.4941571718125106e+05,7.0527194008083097e+02
1.4861955955927644e+05,7.0054193524367429e+02
1.4782860167326030e+05,6.9584625828683284e+02
1.4704278016837707e+05,6.9118473643123912e+02
1.4626203419738144e+05,6.8655719394341122e+02
1.4548630426806572e+05,6.8196344631683792e+02
1.4471553423216665e+05,6.7740331301466858e+02
1.4394966831304014e+05,6.7287660078163549e+02
1.4318865236732003e+05,6.6838311199726263e+02
1.4243243383895661e+05,6.6392264523071594e+02
1.4168096200989309e+05,6.5949499749905954e+02
1.4093418726984097e+05,6.5509996070357147e+02
1.4019206135675029e+05,6.5073732375705072e+02
1.3945453711943046e+05,6.4640687185919319e+02
1.3872156908632405e+05,6.4210839047159448e+02
1.3799311277872880e+05,6.3784166188234803e+02
1.3726912398500473e+05,6.3360646153870357e+02
1.3654956110840745e+05,6.2940257232811928e+02
1.3583438260078302e+05,6.2522977006778160e+02
1.3512354817147765e+05,6.2108783106598912e+02
1.3441701768446568e+05,6.1697652615678794e+02
1.3371475245519073e+05,6.1289562869713268e+02
1.3301671497710489e+05,6.0884491337015334e+02
1.3232286857439030e+05,6.0482415454936472e+02
1.3163317692175246e+05,6.0083312388946752e+02
1.3094760414271679e+05,5.9687159125883795e+02
1.3026611609928811e+05,5.9293933251677322e+02
1.2958867775922141e+05,5.8903611462154618e+02
1.2891525636765480e+05,5.8516171422499224e+02
1.2824581862442280e+05,5.8131590167499530e+02
1.2758033284113157e+05,5.7749845368999650e+02
1.2691876669253470e+05,5.7370914069052901e+02
1.2626108986872068e+05,5.6994774223945046e+02
1.2560727110718255e+05,5.6621403025944551e+02
1.2495728033286441e+05,5.6250778149461166e+02
1.2431108872234789e+05,5.5882877803837141e+02
1.2366866627754291e+05,5.5517679369749067e+02
1.2302998399412562e+05,5.5155160653045232e+02
1.2239501448739832e+05,5.4795300252735478e+02
1.2176372970999443e+05,5.4438076280074074e+02
1.2113610230696053e+05,5.4083467142242148e+02
1.2051210520146802e+05,5.3731451320490510e+02
1.1989171168427475e+05,5.3382007432991895e+02
1.1927489503301738e+05,5.3035114032294814e+02
1.1866162944485762e+05,5.2690750140740056e+02
1.1805188919955087e+05,5.2348894788919119e+02
1.1744564911959454e+05,5.2009527283273724e+02
1.1684288424714544e+05,5.1672627033065351e+02
1.1624357018532811e+05,5.1338173749169505e+02
1.1564768144393244e+05,5.1006146528936006e+02
1.1505519443619496e+05,5.0676525535005749e+02
1.1446608551528040e+05,5.0349290904513464e+02
1.1388033133427813e+05,5.0024422955903196e+02
1.1329790855845442e+05,4.9701902034824025e+02
1.1271879364111286e+05,4.9381708396086765e+02
1.1214296403631274e+05,4.9063822879138775e+02
1.1157039716617228e+05,4.8748226340111705e+02
1.1100107095972408e+05,4.8434899952896330e+02
1.1043496255558965e+05,4.8123824499097054e+02
1.0987205027267619e+05,4.7814981455723000e+02
1.0931231257730915e+05,4.7508352428518265e+02
1.0875572771155345e+05,4.7203918951619380e+02
1.0820227437382343e+05,4.6901662862908256e+02
1.0765193175804641e+05,4.6601566326380339e+02
1.0710467882945729e+05,4.6303611438647454e+02
1.0656049482929052e+05,4.6007780506315316e+02
1.0601935979355182e+05,4.5714056328519541e+02
1.0548125256119444e+05,4.5422421116726719e+02
1.0494615313047875e+05,4.5132857775752427e+02
1.0441404212713311e+05,4.4845349613276744e+02
1.0388489918646231e+05,4.4559879466670236e+02
1.0335870477130174e+05,4.4276430686714525e+02
1.0283543972170961e+05,4.3994986893492251e+02
1.0231508445921188e+05,4.3715531548702211e+02
1.0179761942575595e+05,4.3438048193523332e+02
1.0128302586495873e+05,4.3162520867322064e+02
1.0077128530494685e+05,4.2888933828738823e+02
1.0026237876703331e+05,4.2617271133063218e+02
9.9756287596159033e+04,4.2347517077150951e+02
9.9252994002464897e+04,4.2079656486397857e+02
9.8752479886287620e+04,4.1813674087840195e+02
9.8254726609508682e+04,4.1549554390376784e+02
9.7759716273723549e+04,4.1287282363807071e+02
9.7267431074642111e+04,4.1026843094824267e+02
9.6777853494765499e+04,4.0768221888402627e+02
9.6290966032195371e+04,4.0511404123839316e+02
9.5806750939282734e+04,4.0256375117141010e+02
9.5325191107420455e+04,4.0003120586973068e+02
9.4846269572032412e+04,3.9751626392295134e+02
9.4369969424400508e+04,3.9501878485607517e+02
9.3896273669371934e+04,3.9253862838121722e+02
9.3425164931386389e+04,3.9007565286377940e+02
9.2956627014380618e+04,3.8762972347332129e+02
9.2490643444325426e+04,3.8520070454376514e+02
9.2027198167504539e+04,3.8278846321433434e+02
9.1566274731207726e+04,3.8039286515701519e+02
9.1107856936749566e+04,3.7801377797480768e+02
9.0651928875775571e+04,3.7565107137839414e+02
9.0198474896430242e+04,3.7330461699767397e+02
8.9747479243435315e+04,3.7097428651070095e+02
8.9298926090721419e+04,3.6865995181348967e+02
8.8852799829749099e+04,3.6636148650410360e+02
8.8409084837062401e+04,3.6407876467702908e+02
8.7967766479002719e+04,3.6181166607810405e+02
8.7528829224378016e+04,3.5956006639055659e+02
8.7092257942384080e+04,3.5732384390920538e+02
8.6658038090105809e+04,3.5510288048043230e+02
8.6226154337693151e+04,3.5289705446140351e+02
8.5796591816625412e+04,3.5070624710710854e+02
8.5369336172680894e+04,3.4853034282142107e+02
8.4944373179968185e+04,3.4636922717192942e+02
8.4521688265913457e+04,3.4422278447363465e+02
8.4101266498485173e+04,3.4209089773322717e+02
8.3683094105348195e+04,3.3997345634615931e+02
8.3267157333566254e+04,3.3787035029009826e+02
8.2853441775128565e+04,3.3578146671888476e+02
8.2441933596647461e+04,3.3370669617848012e+02
8.2032619053759292e+04,3.3164593014043908e+02
8.1625484490595438e+04,3.2959906099367186e+02
8.1220516584279801e+04,3.2756598326503672e+02
8.0817701130342553e+04,3.2554658752000500e+02
8.0417024950590334e+04,3.2354076993617787e+02
8.0018474489699875e+04,3.2154842525246499e+02
7.9622036704256258e+04,3.1956945121643685e+02
7.9227698476829421e+04,3.1760374564342351e+02
7.8835447367970133e+04,3.1565121015850991e+02
7.8445269921283296e+04,3.1371174175083843e+02
7.8057153152056300e+04,3.1178524019032875e+02
7.7671084512009082e+04,3.0987160783523677e+02
7.7287051041470608e+04,3.0797074542010000e+02
7.6905040504834877e+04,3.0608255767710284e+02
7.6525040531714098e+04,3.0420694907186748e+02
7.6147038268046279e+04,3.0234382208770785e+02
7.5771021348222508e+04,3.0049308202181010e+02
7.5396978188243433e+04,2.9865463840608868e+02
7.5024896432933048e+04,2.9682839736250207e+02
7.4654763753524225e+04,2.9501426553324063e+02
7.4286568650837376e+04,2.9321215400742358e+02
7.3920299003000750e+04,2.9142197119638013e+02
7.3555943441566546e+04,2.8964362956543391e+02
7.3193489883353177e+04,2.8787703845569422e+02
7.2832926589618815e+04,2.8612210925849490e+02
7.2474241604475188e+04,2.8437875267315985e+02
7.2117424177347566e+04,2.8264688561291882e+02
7.1762462613283918e+04,2.8092642075003755e+02
7.1409345435001364e+04,2.7921727216655631e+02
7.1058061516353773e+04,2.7751935598990281e+02
7.0708599946935021e+04,2.7583258972650719e+02
7.0360949627559428e+04,2.7415689030504973e+02
7.0015099528600345e+04,2.7249217532271382e+02
6.9671038450070773e+04,2.7083836189005342e+02
6.9328755888064567e+04,2.6919537079042993e+02
6.8988240748544456e+04,2.6756312029505716e+02
6.8649482893579057e+04,2.6594153357673713e+02
6.8312471432199382e+04,2.6433053051356114e+02
6.7977195758686750e+04,2.6273003266382580e+02
6.7643645333516179e+04,2.6113996221357297e+02
6.7311809994770971e+04,2.5956024345243100e+02
6.6981679458692961e+04,2.5799080038933425e+02
6.6653243305037060e+04,2.5643155668451232e+02
6.6326491200153599e+04,2.5488243670936299e+02
6.6001413053161610e+04,2.5334336628246342e+02
6.5677998599548213e+04,2.5181427069213464e+02
6.5356238498212915e+04,2.5029507987659986e+02
6.5036122678628773e+04,2.4878572060665283e+02
6.4717641317429196e+04,2.4728612110209542e+02
6.4400784525939933e+04,2.4579620955437986e+02
6.4085542630015872e+04,2.4431591544157686e+02
6.3771905852249329e+04,2.4284516803003157e+02
6.3459864438895951e+04,2.4138389697182220e+02
6.3149409515735286e+04,2.3993203630159087e+02
6.2840531269274943e+04,2.3848951591988998e+02
6.2533219960930728e+04,2.3705626634841485e+02
6.2227466592369077e+04,2.3563222182388290e+02
6.1923262117105391e+04,2.3421731660817420e+02
6.1620597356076003e+04,2.3281148459748772e+02
6.1319463075395208e+04,2.3141465968716727e+02
6.1019849939658016e+04,2.3002677555367006e+02
6.0721749210680719e+04,2.2864776888992924e+02
6.0425152009129175e+04,2.2727757597489335e+02
6.0130049328757654e+04,2.2591613274375857e+02
5.9836432370031660e+04,2.2456337632704549e+02
5.9544292451508343e+04,2.2321924463529342e+02
5.9253620563451434e+04,2.2188367430525386e+02
5.8964408201190701e+04,2.2055660453052815e+02
5.8676646964405430e+04,2.1923797521036397e+02
5.8390328542369069e+04,2.1792772687811339e+02
5.8105444177989906e+04,2.1662579824940826e+02
5.7821985093375319e+04,2.1533212817657045e+02
5.7539943605669891e+04,2.1404666073101748e+02
5.7259311322062451e+04,2.1276933695813364e+02
5.6980079583509098e+04,2.1150009691446940e+02
5.6702240146049415e+04,2.1023888276570483e+02
5.6425785291791311e+04,2.0898563927571354e+02
5.6150706895019364e+04,2.0774030956516890e+02
5.5876996940246521e+04,2.0650283746333332e+02
5.5604647420997266e+04,2.0527316704877660e+02
5.5333650246830395e+04,2.0405124222689369e+02
5.5063997523762286e+04,2.0283700799649785e+02
5.4795681042588054e+04,2.0163040814234444e+02
5.4528693694859103e+04,2.0043139159836187e+02
5.4263027678092214e+04,1.9923990437062798e+02
5.3998675136165402e+04,1.9805589242414658e+02
5.3735628568023298e+04,1.9687930351037426e+02
5.3473880189036368e+04,1.9571008430466259e+02
5.3213422854280740e+04,1.9454818453066946e+02
5.2954249017987633e+04,1.9339355230841943e+02
5.2696351385911606e+04,1.9224613706531761e+02
5.2439722450810397e+04,1.9110588746658311e+02
5.2184355090883590e+04,1.8997275407366180e+02
5.1930242086869490e+04,1.8884668719469460e+02
5.1677375570857548e+04,1.8772763444839939e+02
5.1425748865580128e+04,1.8661554890710158e+02
5.1175354701711214e+04,1.8551038119676730e+02
5.0926186023100978e+04,1.8441208306256192e+02
5.0678235475521593e+04,1.8332060511131090e+02
5.0431496087805368e+04,1.8223589981344378e+02
5.0185961269855383e+04,1.8115792148183550e+02
4.9941624133414298e+04,1.8008662328456546e+02
4.9698477722166339e+04,1.7902195825954095e+02
4.9456515281740169e+04,1.7796388049653683e+02
4.9215730021884083e+04,1.7691234409242054e+02
4.8976115310602996e+04,1.7586730399786916e+02
4.8737664291532128e+04,1.7482871434753838e+02
4.8500370135435718e+04,1.7379652955837264e+02
4.8264226740785234e+04,1.7277070737072791e+02
4.8029227231458062e+04,1.7175120231273809e+02
4.7795365284807282e+04,1.7073797147386279e+02
4.7562634258168866e+04,1.6973097071003133e+02
4.7331027920246765e+04,1.6873015781164383e+02
4.7100539519932179e+04,1.6773548847545919e+02
4.6871163040774001e+04,1.6674692172108325e+02
4.6642892366179731e+04,1.6576441628094597e+02
4.6415721038945601e+04,1.6478792956769757e+02
4.6189642829041579e+04,1.6381742012054110e+02
4.5964651408213074e+04,1.6285284620355651e+02
4.5740740665167163e+04,1.6189416715757591e+02
4.5517904434088734e+04,1.6094134223281844e+02
4.5296137057542335e+04,1.5999433299205248e+02
4.5075431722862821e+04,1.5905309620729895e+02
4.4855782948344073e+04,1.5811759447188410e+02
4.4637184846862801e+04,1.5718778878353646e+02
4.4419631578942586e+04,1.5626364047742697e+02
4.4203117067096056e+04,1.5534511001468616e+02
4.3987635577138164e+04,1.5443215944924339e+02
4.3773180862325884e+04,1.5352474879904469e+02
4.3559747790147201e+04,1.5262284292986476e+02
4.3347330650513351e+04,1.5172640438917881e+02
4.3135923863375967e+04,1.5083539640203514e+02
4.2925521109529654e+04,1.4994977921087764e+02
4.2716117072590452e+04,1.4906951741397347e+02
4.2507706459882611e+04,1.4819457582914106e+02
4.2300283264715748e+04,1.4732491640194564e+02
4.2093842429863987e+04,1.4646050518620564e+02
4.1888378190141870e+04,1.4560130539066574e+02
4.1683884949249157e+04,1.4474728105815643e+02
4.1480357313248678e+04,1.4389839719966437e+02
4.1277790002816299e+04,1.4305461942375587e+02
4.1076177658663364e+04,1.4221591312412079e+02
4.0875514974953374e+04,1.4138224403528829e+02
4.0675797000722087e+04,1.4055357948076664e+02
4.0477018427096074e+04,1.3972988541172867e+02
4.0279173821952427e+04,1.3891112738627930e+02
4.0082258209294057e+04,1.3809727296666745e+02
3.9886266170625458e+04,1.3728828799845860e+02
3.9691192521755584e+04,1.3648413941146237e+02
3.9497032357252960e+04,1.3568479539606710e+02
3.9303780587287503e+04,1.3489022349148775e+02
3.9111432164393424e+04,1.3410039152168224e+02
3.8919982001837925e+04,1.3331526725962544e+02
3.8729425558025192e+04,1.3253482081971958e+02
3.8539757651072869e+04,1.3175901979729349e+02
3.8350973565351043e+04,1.3098783380321504e+02
3.8163068399522395e+04,1.3022123179261882e+02
3.7976037111945450e+04,1.2945918225460696e+02
3.7789874795316719e+04,1.2870165433324814e+02
3.7604576853525301e+04,1.2794861854072803e+02
3.7420138443640491e+04,1.2720004448681959e+02
3.7236554986329109e+04,1.2645590295229010e+02
3.7053821918693313e+04,1.2571616488149925e+02
3.6871934391380753e+04,1.2498080015874928e+02
3.6690887951056997e+04,1.2424978036911693e+02
3.6510677881347772e+04,1.2352307613125788e+02
3.6331299595774326e+04,1.2280065868647080e+02
3.6152748334833246e+04,1.2208249867736379e+02
3.5975020018961572e+04,1.2136856957590737e+02
3.5798109856917814e+04,1.2065884208607292e+02
3.5622013391612272e+04,1.1995328835015334e+02
3.5446726406814007e+04,1.1925188156718787e+02
3.5272244218886422e+04,1.1855459315692701e+02
3.5098562349523127e+04,1.1786139545530534e+02
3.4925676719817857e+04,1.1717226248262023e+02
3.4753582988941169e+04,1.1648716730152501e+02
3.4582276717199653e+04,1.1580608267139280e+02
3.4411753588497813e+04,1.1512898193415140e+02
3.4242009472017933e+04,1.1445583925394317e+02
3.4073040059607243e+04,1.1378662817871361e+02
3.3904841387982888e+04,1.1312132370762504e+02
3.3737409383987659e+04,1.1245990048738440e+02
3.3570739842751995e+04,1.1180233272828582e+02
3.3404828200438758e+04,1.1114859331302023e+02
3.3239670739531168e+04,1.1049865854542247e+02
3.3075263255432190e+04,1.0985250289195073e+02
3.2911601743661216e+04,1.0921010168877683e+02
3.2748682266803167e+04,1.0857143061620957e+02
3.2586500810821017e+04,1.0793646513484055e+02
3.2425053280281194e+04,1.0730518046820896e+02
3.2264335661639750e+04,1.0667755224363509e+02
3.2104344232354430e+04,1.0605355730476492e+02
3.1945075078173715e+04,1.0543317181742532e+02
3.1786524273488089e+04,1.0481637197214604e+02
3.1628688043605711e+04,1.0420313462842330e+02
3.1471628537190787e+04,1.0359369236947668e+02
3.1315302098447282e+04,1.0298786678197996e+02
3.1159691936293500e+04,1.0238558422884114e+02
3.1004787983564252e+04,1.0178679737865139e+02
3.0850583649723558e+04,1.0119147251085269e+02
3.0697073574162379e+04,1.0059958077405292e+02
3.0544253007926804e+04,1.0001109577589409e+02
3.0392117775605700e+04,9.9425993421582461e+01
3.0240664270423818e+04,9.8844251881645505e+01
3.0089888455985638e+04,9.8265847749830868e+01
2.9939787003001082e+04,9.7690760406163577e+01
2.9790355823250895e+04,9.7118966393361006e+01
2.9641591166404600e+04,9.6550443624394575e+01
2.9493489986459375e+04,9.5985172771038265e+01
2.9346048247113940e+04,9.5423130791558492e+01
2.9199262554783840e+04,9.4864297167975224e+01
2.9053129297285981e+04,9.4308650616456930e+01
2.8907645568422216e+04,9.3756172602373226e+01
2.8762807426309562e+04,9.3206840721430922e+01
2.8618611889672058e+04,9.2660636281325083e+01
2.8475055200850766e+04,9.2117537710600573e+01
2.8332134059305885e+04,9.1577525235262101e+01
2.8189845304729533e+04,9.1040579674915762e+01
2.8048185205332702e+04,9.0506679760199859e+01
2.7907071409716271e+04,8.9975508543319734e+01
2.7766558979148744e+04,8.9447266895751909e+01
2.7626656296362693e+04,8.8921979491828438e+01
2.7487364185604791e+04,8.8399642520976499e+01
2.7348682119458274e+04,8.7880247097690585e+01
2.7210608286259521e+04,8.7363779546612932e+01
2.7073139797898009e+04,8.6850222207434399e+01
2.6936273842958850e+04,8.6339557759949457e+01
2.6800007484909729e+04,8.5831768470607130e+01
2.6664337803088012e+04,8.5326836720225060e+01
2.6529261551271600e+04,8.4824743733735204e+01
2.6394775530582003e+04,8.4325470972794619e+01
2.6260876779566810e+04,8.3829000838175489e+01
2.6127562106112426e+04,8.3335314931670609e+01
2.5994828445483639e+04,8.2844395385095595e+01
2.5862673401909939e+04,8.2356226856636226e+01
2.5731093538048153e+04,8.1870790208334483e+01
2.5600085582022788e+04,8.1388066975059701e+01
2.5469646860765468e+04,8.0908040953547584e+01
2.5339774165576324e+04,8.0430694022656667e+01
2.5210464737637434e+04,7.9956009770369747e+01
2.5081715615421475e+04,7.9483971092631236e+01
2.4953524201437132e+04,7.9014562270732313e+01
2.4825887340534653e+04,7.8547765595828082e+01
2.4698802243149083e+04,7.8083564750768460e+01
2.4572265949261491e+04,7.7621942847766491e+01
2.4446275401746854e+04,7.7162882698843077e+01
2.4320827893978043e+04,7.6706368446192187e+01
2.4195920760446985e+04,7.6252384429946460e+01
2.4071551251704746e+04,7.5800914733815489e+01
2.3947716510515020e+04,7.5351943100909693e+01
2.3824413722534198e+04,7.4905453480334586e+01
2.3701640392735833e+04,7.4461431026077889e+01
2.3579393631976796e+04,7.4019859513753090e+01
2.3457670689291845e+04,7.3580723269206942e+01
2.3336468878721236e+04,7.3144006901042076e+01
2.3215785602121730e+04,7.2709695381898428e+01
2.3095617895562376e+04,7.2277772415925256e+01
2.2975963515714742e+04,7.1848224346408983e+01
2.2856819770600705e+04,7.1421035947437076e+01
2.2738184070240124e+04,7.0996192406251566e+01
2.2620053795448330e+04,7.0573678851952764e+01
2.2502426283095614e+04,7.0153480301800414e+01
2.2385299058040488e+04,6.9735582491134437e+01
2.2268669404675893e+04,6.9319970342254578e+01
2.2152535251633031e+04,6.8906631116114909e+01
2.2036893569677952e+04,6.8495548707465218e+01
2.1921742532178469e+04,6.8086711331076458e+01
2.1807079050851637e+04,6.7680102762202068e+01
2.1692900819729315e+04,6.7275709599151924e+01
2.1579205353742931e+04,6.6873517846968412e+01
2.1465990214613965e+04,6.6473513719426364e+01
2.1353252883806359e+04,6.6075683189040433e+01
2.1240990791897697e+04,6.5680012092967672e+01
2.1129201997808414e+04,6.5286488523305252e+01
2.1017884036660718e+04,6.4895098765026887e+01
2.0907034541108762e+04,6.4505829487740698e+01
2.0796651043160819e+04,6.4118667049501482e+01
2.0686731355671887e+04,6.3733598833000087e+01
2.0577273304804810e+04,6.3350612306149742e+01
2.0468274318960903e+04,6.2969693583826142e+01
2.0359732123004505e+04,6.2590829859529890e+01
2.0251644246433571e+04,6.2214007684996432e+01
2.0144008467375010e+04,6.1839214518887161e+01
2.0036822613529337e+04,6.1466438030013705e+01
1.9930084666260285e+04,6.1095666457926313e+01
1.9823791909718013e+04,6.0726885658311744e+01
1.9717942433956079e+04,6.0360084324309014e+01
1.9612534073666669e+04,5.9995250297770781e+01
1.9507564694887318e+04,5.9632371565855692e+01
1.9403032259391097e+04,5.9271436481214437e+01
1.9298934559003683e+04,5.8912432845799231e+01
1.9195269433874986e+04,5.8555348664789562e+01
1.9092034384905885e+04,5.8200170813462705e+01
1.8989227283883665e+04,5.7846887482025522e+01
1.8886846158034808e+04,5.7495487430068920e+01
1.8784889132832934e+04,5.7145959786587696e+01
1.8683354113866459e+04,5.6798292959014816e+01
1.8582239091718802e+04,5.6452475680837779e+01
1.8481542118452198e+04,5.6108496928713066e+01
1.8381260882535018e+04,5.5766344471805724e+01
1.8281392932667164e+04,5.5426005641600568e+01
1.8181936746275285e+04,5.5087470969685342e+01
1.8082890387374093e+04,5.4750729607445578e+01
1.7984251873918867e+04,5.4415770583241851e+01
1.7886019204696349e+04,5.4082582892352320e+01
1.7788190248802537e+04,5.3751155124300453e+01
1.7690763616310433e+04,5.3421478409099564e+01
1.7593736470123345e+04,5.3093539012183101e+01
1.7497107288561529e+04,5.2767327682887640e+01
1.7400874156899343e+04,5.2442833871086918e+01
1.7305035003879631e+04,5.2120046531360003e+01
1.7209588331011182e+04,5.1798956577804688e+01
1.7114532107568928e+04,5.1479553161788317e+01
1.7019864124064159e+04,5.1161824868264262e+01
1.6925582641628571e+04,5.0845761894800489e+01
1.6831685831418436e+04,5.0531354166282767e+01
1.6738172019449295e+04,5.0218592154760131e+01
1.6645039372398052e+04,4.9907465827934402e+01
1.6552285832629073e+04,4.9597964435081508e+01
1.6459909988590167e+04,4.9290079411418674e+01
1.6367909796513792e+04,4.8983800110560310e+01
1.6276283916184737e+04,4.8679118258290487e+01
1.6185030444243399e+04,4.8376023733041166e+01
1.6094147312745219e+04,4.8074505897523750e+01
1.6003632933147834e+04,4.7774555735747867e+01
1.5913485410989146e+04,4.7476163245737325e+01
1.5823703358741303e+04,4.7179320130505971e+01
1.5734284795524902e+04,4.6884016157744327e+01
1.5645228141509462e+04,4.6590242448490244e+01
1.5556531566357997e+04,4.6297989324853233e+01
1.5468193279816594e+04,4.6007247270019207e+01
1.5380211632407270e+04,4.5718007257986073e+01
1.5292585184239259e+04,4.5430260977657667e+01
1.5205312374362606e+04,4.5143999743718496e+01
1.5118391399847111e+04,4.4859214104156194e+01
1.5031820839385618e+04,4.4575895883655676e+01
1.4945599238730792e+04,4.4294036822273029e+01
1.4859724684183428e+04,4.4013627184137704e+01
1.4774195133123139e+04,4.3734656843617699e+01
1.4689009504962945e+04,4.3457118838912152e+01
1.4604166090926446e+04,4.3181004184005587e+01
1.4519663153047906e+04,4.2906303824178394e+01
1.4435499793885450e+04,4.2633011460166813e+01
1.4351674428732134e+04,4.2361118580759126e+01
1.4268184993600822e+04,4.2090615147113226e+01
1.4185030044943909e+04,4.1821493159668307e+01
1.4102208408462233e+04,4.1553745512029650e+01
1.4019718040627951e+04,4.1287362311398510e+01
1.3937557992959744e+04,4.1022337227153116e+01
1.3855726656943269e+04,4.0758661818985956e+01
1.3774222604033421e+04,4.0496328251072441e+01
1.3693044335005339e+04,4.0235328483093213e+01
1.3612190166638815e+04,3.9975653907991045e+01
1.3531658962598711e+04,3.9717297698366792e+01
1.3451449427718064e+04,3.9460252537267138e+01
1.3371559778222116e+04,3.9204509564817386e+01
1.3291988560922910e+04,3.8950061005833845e+01
1.3212734415739716e+04,3.8696899404609781e+01
1.3133795974071312e+04,3.8445017300994323e+01
1.3055171741272265e+04,3.8194406854260933e+01
1.2976860587376868e+04,3.7945061408171000e+01
1.2898860968639725e+04,3.7696973009255771e+01
1.2821171575940156e+04,3.7450134473901471e+01
1.2743791165106581e+04,3.7204538844664512e+01
1.2666718832817627e+04,3.6960180264779069e+01
1.2589952681733354e+04,3.6717049746657381e+01
1.2513491325339419e+04,3.6475139945905198e+01
1.2437333546344715e+04,3.6234444075067358e+01
1.2361478053149651e+04,3.5994955132355699e+01
1.2285923340860696e+04,3.5756665463123795e+01
1.2210668772174628e+04,3.5519570169307485e+01
1.2135712825234747e+04,3.5283661581282786e+01
1.2061054263385071e+04,3.5048932949914615e+01
1.1986691469240002e+04,3.4815376350322254e+01
1.1912623405872262e+04,3.4582985703596705e+01
1.1838848884929379e+04,3.4351754472196717e+01
1.1765366835993656e+04,3.4121676507990855e+01
1.1692175874751236e+04,3.3892744698711567e+01
1.1619274855821859e+04,3.3664952700090225e+01
1.1546662687312462e+04,3.3438294353270180e+01
1.1474337755945569e+04,3.3212761892507501e+01
1.1402299169580685e+04,3.2988349821577685e+01
1.1330545625415922e+04,3.2765051382692604e+01
1.1259076242571115e+04,3.2542861149255941e+01
1.1187889581384137e+04,3.2321771975446609e+01
1.1116984273617039e+04,3.2101776959278595e+01
1.1046359308735235e+04,3.1882870328497575e+01
1.0976013565962727e+04,3.1665045985671554e+01
1.0905946073591476e+04,3.1448298313394162e+01
1.0836155844592548e+04,3.1232621662785505e+01
1.0766641539831180e+04,3.1018009315222344e+01
1.0697402131666604e+04,3.0804455532997622e+01
1.0628436545410077e+04,3.0591954450969865e+01
1.0559743572896637e+04,3.0380499810514493e+01
1.0491322069586255e+04,3.0170085567717024e+01
1.0423171344030532e+04,2.9960707089040739e+01
1.0355290001087298e+04,2.9752357594726391e+01
1.0287677069797297e+04,2.9545031626744162e+01
1.0220331377758237e+04,2.9338723126325817e+01
1.0153252171672531e+04,2.9133427335894794e+01
1.0086438115159515e+04,2.8929137729950412e+01
1.0019888195328589e+04,2.8725848790314785e+01
9.9536016284064390e+03,2.8523555715634302e+01
9.8875774325837265e+03,2.8322253114466889e+01
9.8218142577855033e+03,2.8121934490549393e+01
9.7563114594756044e+03,2.7922595514539807e+01
9.6910680524571799e+03,2.7724230833461661e+01
9.6260827565680374e+03,2.7526834215123813e+01
9.5613924802158726e+03,2.7330515286763102e+01
9.4969297491139732e+03,2.7135066933522467e+01
9.4326985863599111e+03,2.6940499279523237e+01
9.3687072631304036e+03,2.6746835257325074e+01
9.3049607220455073e+03,2.6554087649886469e+01
9.2414615488394047e+03,2.6362262073038323e+01
9.1782102448485093e+03,2.6171357831135083e+01
9.1152072621708503e+03,2.5981374080603700e+01
9.0524521497047972e+03,2.5792307258637607e+01
8.9899441770037520e+03,2.5604152972428324e+01
8.9276825857466320e+03,2.5416906758866389e+01
8.8656660698232008e+03,2.5230562524060929e+01
8.8038946585424710e+03,2.5045118200649313e+01
8.7423673217567266e+03,2.4860568550750486e+01
8.6810830030420329e+03,2.4676908274173456e+01
8.6200409335071454e+03,2.4494132948486026e+01
8.5592403302831226e+03,2.4312238123314614e+01
8.4986800157983671e+03,2.4131218182902217e+01
8.4383643852775567e+03,2.3951084166332066e+01
8.3783037194694043e+03,2.3771864630430059e+01
8.3184926557014114e+03,2.3593541416831386e+01
8.2589260570603656e+03,2.3416097099192825e+01
8.1996007971159415e+03,2.3239520289286588e+01
8.1405146544289310e+03,2.3063802326729160e+01
8.0816658822241006e+03,2.2888935989791889e+01
8.0230530662433011e+03,2.2714915068725531e+01
7.9646753542635706e+03,2.2541735040660114e+01
7.9065315465985914e+03,2.2369390369209214e+01
7.8486209058053792e+03,2.2197876904258806e+01
7.7909426543275476e+03,2.2027190391431873e+01
7.7334956743977382e+03,2.1857325584716136e+01
7.6762796272687265e+03,2.1688279556595376e+01
7.6192938238070346e+03,2.1520048355760423e+01
7.5625372211200302e+03,2.1352627000763164e+01
7.5060088198004523e+03,2.1186010655510927e+01
7.4497081162194954e+03,2.1020195959665898e+01
7.3936348049106309e+03,2.0855180147340320e+01
7.3377878404972143e+03,2.0690958288342813e+01
7.2821664878770243e+03,2.0527526379760047e+01
7.2267702653847518e+03,2.0364881177026177e+01
7.1715981359299039e+03,2.0203017817779596e+01
7.1166496659332770e+03,2.0041933225272260e+01
7.0619239237601869e+03,1.9881622875143648e+01
7.0074201611191384e+03,1.9722082795138022e+01
6.9531383131134207e+03,1.9563311025631037e+01
6.8990770548492437e+03,1.9405301933352916e+01
6.8452356754823704e+03,1.9248051696675134e+01
6.7916138599285623e+03,1.9091557662146670e+01
6.7382106155732181e+03,1.8935815211722570e+01
6.6850257562427432e+03,1.8780822092629819e+01
6.6320588221821235e+03,1.8626575264603730e+01
6.5793088925155462e+03,1.8473070357798065e+01
6.5267754399889964e+03,1.8320304162013144e+01
6.4744571386474418e+03,1.8168271158883613e+01
6.4223538605636568e+03,1.8016969326733033e+01
6.3704648220743402e+03,1.7866394750092581e+01
6.3187894837586791e+03,1.7716544236167579e+01
6.2673273570401943e+03,1.7567414750988291e+01
6.2160779219266260e+03,1.7419003182558299e+01
6.1650405095841852e+03,1.7271305999219635e+01
6.1142145003594342e+03,1.7124319825765610e+01
6.0635995416326332e+03,1.6978042070465563e+01
6.0131947392331786e+03,1.6832468589159021e+01
5.9629993795858463e+03,1.6687595774113106e+01
5.9130127503777039e+03,1.6543420034233804e+01
5.8632349600557936e+03,1.6399940157484025e+01
5.8136655806017225e+03,1.6257153393776548e+01
5.7643031671426143e+03,1.6115054078304865e+01
5.7151473588148365e+03,1.5973639683177908e+01
5.6661975029800087e+03,1.5832906852399105e+01
5.6174533509230241e+03,1.5692853403223125e+01
5.5689148257672205e+03,1.5553477656461837e+01
5.5205809974174481e+03,1.5414775494027708e+01
5.4724515980639844e+03,1.5276744711290462e+01
5.4245257332584588e+03,1.5139381319039103e+01
5.3768026737763430e+03,1.5002681815329538e+01
5.3292824990564259e+03,1.4866645026583114e+01
5.2819644569975790e+03,1.4731267407956466e+01
5.2348481951601570e+03,1.4596546571229851e+01
5.1879328102046857e+03,1.4462478565251672e+01
5.1412177970784833e+03,1.4329060590406357e+01
5.0947032001313637e+03,1.4196291426830953e+01
5.0483882082723430e+03,1.4064167423350909e+01
5.0022721198247164e+03,1.3932685254195803e+01
4.9563544728734996e+03,1.3801842290344780e+01
4.9106348258262733e+03,1.3671635971858564e+01
4.8651130556102726e+03,1.3542064656120601e+01
4.8197888052706257e+03,1.3413126045781382e+01
4.7746613336509909e+03,1.3284816761745105e+01
4.7297298787028412e+03,1.3157133378735125e+01
4.6849940198400873e+03,1.3030073454846274e+01
4.6404535549360444e+03,1.2903635178782906e+01
4.5961083263587789e+03,1.2777816876162092e+01
4.5519574328023009e+03,1.2652614773203368e+01
4.5080005698948517e+03,1.2528026802374825e+01
4.4642371539131855e+03,1.2404050114723759e+01
4.4206666974649997e+03,1.2280682146825484e+01
4.3772893261094578e+03,1.2157922080730600e+01
4.3341041317661293e+03,1.2035766183305782e+01
4.2911105075444211e+03,1.1914211587298155e+01
4.2483082696155179e+03,1.1793256632152406e+01
4.2056972952375072e+03,1.1672899840324931e+01
4.1632766074261745e+03,1.1553137331703965e+01
4.1210459290426807e+03,1.1433967215565872e+01
4.0790048531197826e+03,1.1315387244869498e+01
4.0371530102339457e+03,1.1197395289810515e+01
3.9954902495053248e+03,1.1079989846396984e+01
3.9540155054380884e+03,1.0963166845208207e+01
3.9127287924556294e+03,1.0846925270515726e+01
3.8716296506983927e+03,1.0731262781032456e+01
3.8307177460598759e+03,1.0616177400260881e+01
3.7899926066340413e+03,1.0501666774774776e+01
3.7494539928478771e+03,1.0387729215235254e+01
3.7091013172334060e+03,1.0274362064837987e+01
3.6689342338623246e+03,1.0161563356880492e+01
3.6289528727760771e+03,1.0049332470687887e+01
3.5891558150298661e+03,9.9376644485540737e+00
3.5495430387330707e+03,9.8265582654194077e+00
3.5101138953833142e+03,9.7160111490900363e+00
3.4708677924733493e+03,9.6060204955077779e+00
3.4318050481501850e+03,9.4965862629062485e+00
3.3929251580177224e+03,9.3877061137283135e+00
3.3542274172981270e+03,9.2793771607422286e+00
3.3157110065729939e+03,9.1715962075276138e+00
3.2773760337681742e+03,9.0643626631306233e+00
3.2392221619434422e+03,8.9576747015649971e+00
3.2012488114275038e+03,8.8515298284481787e+00
3.1634551743749762e+03,8.7459249226563998e+00
3.1258415339115891e+03,8.6408599220682163e+00
3.0884070456034387e+03,8.5363316239374853e+00
3.0511516710641445e+03,8.4323390868073602e+00
3.0140740660970332e+03,8.3288777355874117e+00
2.9771743985826033e+03,8.2259472250450472e+00
2.9404520411807462e+03,8.1235450012817410e+00
2.9039064346660161e+03,8.0216687105906885e+00
2.8675370223541395e+03,7.9203160173495917e+00
2.8313432620355743e+03,7.8194846365006470e+00
2.7953252004148089e+03,7.7191739326159450e+00
2.7594821428657160e+03,7.6193812156716376e+00
2.7238129216201487e+03,7.5201024892389796e+00
2.6883175429116236e+03,7.4213370350215655e+00
2.6529953268098761e+03,7.3230822347047706e+00
2.6178454117123038e+03,7.2253349755626459e+00
2.5828674277981627e+03,7.1280935226327529e+00
2.5480603531429078e+03,7.0313543376238385e+00
2.5134240853043157e+03,6.9351164488507493e+00
2.4789581316853291e+03,6.8393778081814389e+00
2.4446617003983702e+03,6.7441355470065218e+00
2.4105331794171361e+03,6.6493845296845393e+00
2.3765726448611822e+03,6.5551243184189616e+00
2.3427793181836605e+03,6.4613521113153638e+00
2.3091517641867977e+03,6.3680632954972225e+00
2.2756892894834746e+03,6.2752553262644142e+00
2.2423908464164124e+03,6.1829246867557686e+00
2.2092556946311961e+03,6.0910687218262183e+00
2.1762827667827951e+03,5.9996838793382494e+00
2.1434716550286976e+03,5.9087684451613995e+00
2.1108202994999010e+03,5.8183161368251604e+00
2.0783275825131568e+03,5.7283232933918953e+00
2.0459923702822416e+03,5.6387862196332890e+00
2.0138132176668732e+03,5.5497003673342533e+00
1.9817891018833616e+03,5.4610623682466439e+00
1.9499183518738137e+03,5.3728670687219164e+00
1.9181984855632763e+03,5.2851070823003283e+00
1.8866282089697779e+03,5.1977783203510626e+00
1.8552054737285944e+03,5.1108746173497366e+00
1.8239283905354678e+03,5.0243902579144333e+00
1.7927946736925514e+03,4.9383184408128500e+00
1.7618017245082883e+03,4.8526515105216959e+00
1.7309463077456458e+03,4.7673800626148477e+00
1.7002260304338997e+03,4.6824970320404873e+00
1.6696375455086818e+03,4.5979927275665204e+00
1.6391774349992047e+03,4.5138572732819284e+00
1.6088410063868505e+03,4.4300772847120697e+00
1.5786247651457670e+03,4.3466426972270256e+00
1.5485235463168356e+03,4.2635388455158818e+00
1.5185313108551200e+03,4.1807486635730129e+00
1.4886423891881132e+03,4.0982561183116104e+00
1.4588499119727057e+03,4.0160418781613316e+00
1.4291449581097113e+03,3.9340809639946883e+00
1.3995185545092681e+03,3.8523482685844783e+00
1.3699612758887815e+03,3.7708174523203297e+00
1.3404603595603839e+03,3.6894529854848770e+00
1.3110008724246291e+03,3.6082133717181932e+00
1.2815665948170936e+03,3.5270535868152137e+00
1.2521825357062626e+03,3.4460422860597646e+00
1.2229590459493920e+03,3.3654833328282621e+00
1.1939591515818029e+03,3.2855500145278711e+00
1.1652167309692013e+03,3.2063352200948430e+00
1.1367491553421714e+03,3.1278863209847714e+00
1.1085663526445860e+03,3.0502301729756027e+00
1.0806730585343321e+03,2.9733793290907897e+00
1.0530720209843712e+03,2.8973408762349209e+00
1.0257649526249734e+03,2.8221190600557975e+00
9.9875275963410968e+02,2.7477159191100782e+00
9.7203638864908135e+02,2.6741336173506625e+00
9.4561674965400016e+02,2.6013742327543241e+00
9.1949436220293865e+02,2.5294387835683665e+00
8.9367021264258074e+02,2.4583295906282956e+00
8.6814495913643623e+02,2.3880480874622663e+00
8.4291912302584387e+02,2.3185953490625479e+00
8.1799373124184785e+02,2.2499738619452501e+00
7.9336998504650546e+02,2.1821866117545596e+00
7.6904886478319531e+02,2.1152359974535102e+00
7.4503133168793283e+02,2.0491243872826317e+00
7.2131836629309691e+02,1.9838542258984262e+00
6.9791113735275576e+02,1.9194285009774603e+00
6.7481105246167863e+02,1.8558508831553127e+00
6.5201945167453960e+02,1.7931248842554623e+00
6.2953794684523018e+02,1.7312547919510735e+00
6.0736815037054475e+02,1.6702449253398299e+00
5.8551215283363126e+02,1.6101009489947273e+00
5.6397130892460700e+02,1.5508265335789702e+00
5.4312861887516920e+02,1.4934755020020702e+00
5.2307715053198626e+02,1.4383038037467486e+00
5.0381021431612317e+02,1.3852929034558201e+00
4.8529606601124397e+02,1.3343553517847795e+00
4.6749609372206032e+02,1.2853848303162749e+00
4.5037243496102747e+02,1.2382771045395202e+00
4.3388885916740401e+02,1.1929324498253209e+00
4.1801226576691261e+02,1.1492597670298892e+00
4.0271245817549061e+02,1.1071759571686925e+00
3.8796179832384223e+02,1.0666049697603057e+00
3.7373446718917694e+02,1.0274757642102941e+00
3.6000665496021975e+02,9.8972283114915172e-01
3.4675720022828318e+02,9.5328794946726703e-01
3.3396556194493314e+02,9.1811460602775696e-01
3.2161287317023380e+02,8.8415089246859679e-01
3.0968140817113454e+02,8.5134803936011849e-01
2.9815497657138621e+02,8.1966149872380356e-01
2.8701816600369057e+02,7.8904885992585605e-01
2.7625653465476353e+02,7.5947038009803691e-01
2.6585665224608965e+02,7.3088909424086523e-01
2.5580546435300494e+02,7.0326906918853638e-01
2.4609086676745210e+02,6.7657698082518891e-01
2.3670106491039041e+02,6.5078035395151801e-01
2.2762518485018518e+02,6.2584924001907893e-01
2.1885312658030307e+02,6.0175581412443080e-01
2.1037537038000301e+02,5.7847384246474576e-01
2.0218185244256165e+02,5.5597559367629401e-01
1.9426346142136026e+02,5.3423594988692003e-01
1.8661182065028697e+02,5.1323180752319786e-01
1.7921856723283418e+02,4.9294009774416736e-01
1.7207569396507461e+02,4.7333872523779519e-01
1.6517578947130824e+02,4.5440722713715331e-01
1.5851173682510853e+02,4.3612594523312964e-01
1.5207592254003976e+02,4.1847385688004124e-01
1.4586203617788851e+02,4.0143351142376105e-01
1.3986326978460420e+02,3.8498609114856208e-01
1.3407320978166535e+02,3.6911385856126344e-01
1.2848577770328848e+02,3.5379999275016871e-01
1.2309475707617821e+02,3.3902729388933039e-01
1.1789449070242699e+02,3.2478009445731004e-01
1.1287952962028794e+02,3.1104329671768483e-01
1.0804439776274376e+02,2.9780172859625509e-01
1.0338382795749931e+02,2.8504079152492068e-01
9.8892694845271762e+01,2.7274627564145248e-01
9.4566164602758363e+01,2.6090477186392036e-01
9.0399110205587931e+01,2.4950207057281659e-01
8.6386928098567296e+01,2.3852539782035365e-01
8.2525179948541336e+01,2.2796243548270922e-01
7.8809255594678689e+01,2.1780039862926515e-01
7.5234787608846091e+01,2.0802717167202900e-01
7.1797698423906695e+01,1.9863143629856950e-01
6.8493902227724902e+01,1.8960185650792027e-01
6.5319299785885960e+01,1.8092706619449928e-01
6.2270110551442485e+01,1.7259657570684794e-01
5.9342237612465397e+01,1.6459903826796562e-01
5.6532022318511736e+01,1.5692431063587264e-01
5.3836007187026553e+01,1.4956280613819217e-01
5.1250582472130191e+01,1.4250452931321433e-01
4.8772531570226420e+01,1.3574056484389985e-01
4.6398472245666198e+01,1.2926155308457510e-01
4.4124967786308844e+01,1.2305799215232582e-01
4.1948853351757862e+01,1.1712112965392407e-01
3.9867077454051469e+01,1.1144253030056461e-01
3.7876534247014206e+01,1.0601361683859523e-01
3.5974456776108127e+01,1.0082674317300189e-01
3.4157808906806167e+01,9.5873536566273287e-02
3.2423697108344641e+01,9.1146018885069680e-02
3.0769605473324191e+01,8.6637248749866558e-02
2.9192686010967009e+01,8.2339384967553997e-02
2.7690276449080557e+01,7.8245098862907980e-02
2.6259957931761164e+01,7.4347730831163972e-02
2.4899228397873230e+01,7.0640400043544105e-02
2.3605646675277967e+01,6.7116396464030004e-02
2.2376769475697074e+01,6.3769009379029740e-02
2.1210325338935945e+01,6.0592001212739888e-02
2.0103967728558928e+01,5.7578933933882581e-02
1.9055542693531606e+01,5.4723898532756721e-02
1.8062934011686593e+01,5.2021092477843922e-02
1.7123938188131433e+01,4.9464479537732586e-02
1.6236544114595745e+01,4.7048550558088209e-02
1.5398695225769188e+01,4.4767676286710412e-02
1.4608436998620164e+01,4.2616507791422009e-02
1.3863960993592627e+01,4.0590097384438195e-02
1.3163341664767358e+01,3.8683180330394862e-02
1.2504762212163769e+01,3.6890791247515153e-02
1.1886444367992226e+01,3.5208071431611643e-02
1.1306617902591825e+01,3.3630185982246985e-02
1.0763616036623716e+01,3.2152583921629230e-02
1.0255827312299516e+01,3.0770866525585916e-02
9.7816259574028663e+00,2.9480597329893499e-02
9.3394499031128362e+00,2.8277515196123204e-02
8.9278109270962887e+00,2.7157561183798862e-02
8.5452079147216864e+00,2.6116642195802342e-02
8.1901843064115383e+00,2.5150787832330934e-02
7.8613619256066158e+00,2.4256241806142498e-02
7.5573587697581388e+00,2.3429238678318143e-02
7.2768690123921260e+00,2.2666220469091058e-02
7.0186075382516719e+00,2.1963686639878688e-02
6.7813654207275249e+00,2.1318344891824381e-02
6.5639193822862580e+00,2.0726863980939925e-02
6.3651313048903830e+00,2.0186145244224463e-02
6.1838592046406120e+00,1.9693079623152698e-02
6.0189995958935469e+00,1.9244663341851265e-02
5.8695222345413640e+00,1.8838092225905712e-02
5.7266512255300768e+00,1.8449495239451608e-02
5.5971326174330898e+00,1.8097219771902928e-02
5.4822069011279382e+00,1.7784638649345652e-02
5.3811239650822245e+00,1.7509710712715787e-02
5.2902378937578760e+00,1.7262518539723715e-02
5.2077208900009282e+00,1.7038090334381195e-02
5.1366441084537655e+00,1.6844778304403007e-02
5.0761882399674505e+00,1.6680353590459163e-02
5.0251094106934033e+00,1.6541432728558902e-02
4.9821048120502383e+00,1.6424472194216833e-02
4.9460400651441887e+00,1.6326386466971599e-02
4.9158942289650440e+00,1.6244398635308244e-02
4.8908369165146723e+00,1.6176250318835628e-02
4.8701423765160143e+00,1.6119967564691251e-02
4.8531946338480338e+00,1.6073875023835171e-02
4.8394439887488261e+00,1.6036477587249465e-02
4.8284192051505670e+00,1.6006493653094367e-02
4.8196963437367231e+00,1.5982770263235579e-02
4.8129016691236757e+00,1.5964291055752255e-02
4.8077094443724491e+00,1.5950169850043494e-02
4.8038289949763566e+00,1.5939616179707627e-02
4.8010015104664490e+00,1.5931926455778012e-02
4.7990027596824802e+00,1.5926490583524355e-02
4.7976507289567962e+00,1.5922813361612498e-02
4.7967793408315629e+00,1.5920443533332218e-02
4.7962468758923933e+00,1.5918995361857924e-02
4.7959400005056523e+00,1.5918160674232240e-02
4.7957740933634341e+00,1.5917709495283816e-02
4.7956905196188018e+00,1.5917482268150707e-02
4.7956515529076569e+00,1.5917376349875667e-02
4.7956348826992325e+00,1.5917330945853791e-02
4.7956283848616295e+00,1.5917313331897276e-02
4.7956260953214951e+00,1.5917307126869673e-02
4.7956253978773020e+00,1.5917305115181080e-02
4.7956251832656562e+00,1.5917304506388064e-02
