-3.4607672631018701e+01,-2.0132472375995150e-02
-3.4607161846960885e+01,-2.0129912792758387e-02
-3.4606638255039513e+01,-2.0127292431112394e-02
-3.4606101008387398e+01,-2.0124607355031954e-02
-3.4605549423299699e+01,-2.0121854391055440e-02
-3.4604982611874682e+01,-2.0119029420667615e-02
-3.4604399804970228e+01,-2.0116128887418511e-02
-3.4603799716718029e+01,-2.0113146835901700e-02
-3.4603181119499119e+01,-2.0110077588501769e-02
-3.4602542737654453e+01,-2.0106915269449615e-02
-3.4601883315676581e+01,-2.0103654084939838e-02
-3.4601201209963676e+01,-2.0100286477177241e-02
-3.4600494617704648e+01,-2.0096804165005502e-02
-3.4599761807977423e+01,-2.0093199195448323e-02
-3.4599000301764960e+01,-2.0089460229642236e-02
-3.4598207787152731e+01,-2.0085576685031688e-02
-3.4597381661829779e+01,-2.0081536672725608e-02
-3.4596518468061639e+01,-2.0077324449893321e-02
-3.4595614757027647e+01,-2.0072924321675595e-02
-3.4594666083480206e+01,-2.0068316127716004e-02
-3.4593668009383080e+01,-2.0063479746879210e-02
-3.4592614623510826e+01,-2.0058388485898485e-02
-3.4591499440943380e+01,-2.0053013113288581e-02
-3.4590314685128938e+01,-2.0047318669879192e-02
-3.4589050945509058e+01,-2.0041262998227782e-02
-3.4587697646933087e+01,-2.0034798812963595e-02
-3.4586241288884061e+01,-2.0027866017577355e-02
-3.4584665539600181e+01,-2.0020392192070729e-02
-3.4582950790560112e+01,-2.0012290736181552e-02
-3.4581072837025467e+01,-2.0003455257452465e-02
-3.4579001459348092e+01,-1.9993753715124778e-02
-3.4576699238929969e+01,-1.9983023692804875e-02
-3.4574120031983611e+01,-1.9971066505491821e-02
-3.4571207883268812e+01,-1.9957643516114447e-02
-3.4567895896162703e+01,-1.9942473092969929e-02
-3.4564107020473685e+01,-1.9925236360323399e-02
-3.4559759192895669e+01,-1.9905601594232814e-02
-3.4554772345486711e+01,-1.9883256213057702e-02
-3.4549075806963550e+01,-1.9857938285249781e-02
-3.4542610447173388e+01,-1.9829441950666833e-02
-3.4535321792771995e+01,-1.9797582877744330e-02
-3.4527149351513224e+01,-1.9762148863853135e-02
-3.4518015380960051e+01,-1.9722850185871641e-02
-3.4507824809909039e+01,-1.9679320666957479e-02
-3.4496466440339617e+01,-1.9631123227911385e-02
-3.4483814669609288e+01,-1.9577757305885363e-02
-3.4469730853451367e+01,-1.9518664439754144e-02
-3.4454062349032178e+01,-1.9453223931197989e-02
-3.4436641091957320e+01,-1.9380746933631687e-02
-3.4417281742163404e+01,-1.9300469274929687e-02
-3.4395780036625588e+01,-1.9211545510125317e-02
-3.4371909558705795e+01,-1.9113037232732631e-02
-3.4345418628392103e+01,-1.9003902661863085e-02
-3.4316027545117159e+01,-1.8882987236804556e-02
-3.4283423188358853e+01,-1.8749005236384026e-02
-3.4247255609401080e+01,-1.8600527901647245e-02
-3.4207132458229061e+01,-1.8435963810491500e-02
-3.4162613383175618e+01,-1.8253538706452938e-02
-3.4113203511059176e+01,-1.8051271847843307e-02
-3.4058346500515256e+01,-1.7826950887212260e-02
-3.3997415222227268e+01,-1.7578098498699877e-02
-3.3929701744682774e+01,-1.7301937444651180e-02
-3.3854406507625178e+01,-1.6995354248370752e-02
-3.3770624446722266e+01,-1.6654853772132019e-02
-3.3677328977800713e+01,-1.6276508807944880e-02
-3.3573352970929321e+01,-1.5855903064921791e-02
-3.3457366470095273e+01,-1.5388068009446096e-02
-3.3327850238181085e+01,-1.4867412500984563e-02
-3.3183064406897302e+01,-1.4287645919840983e-02
-3.3021011110519673e+01,-1.3641695881255599e-02
-3.2839388915251178e+01,-1.2921624867120606e-02
-3.2635540854729129e+01,-1.2118553253711042e-02
-3.2406391545460679e+01,-1.1222599609270448e-02
-3.2148373367737129e+01,-1.0222859857483346e-02
-3.1857341269768266e+01,-9.1074621365679793e-03
-3.1528475817827754e+01,-7.8637558500856061e-03
-3.1156179159851142e+01,-6.4787393375041191e-03
-3.0733966105500162e+01,-4.9398665184109845e-03
-3.0254374408836068e+01,-3.2364929396800635e-03
-2.9708918589309498e+01,-1.3624089128429029e-03
-2.9088160449301821e+01,6.8015006396323697e-04
-2.8381947094993734e+01,2.8742574266317940e-03
-2.7580057756330117e+01,5.1791629028912611e-03
-2.6673273463129025e+01,7.5185889993858316e-03
-2.5655330327016571e+01,9.7682562714733936e-03
-2.4525384556541969e+01,1.1749013792799743e-02
-2.3290674562708826e+01,1.3235346450313372e-02
-2.1967951605560700e+01,1.3988021174971702e-02
-2.0582150098954223e+01,1.3809941687631229e-02
-1.9161152423336738e+01,1.2592437325142748e-02
-1.7729201583184761e+01,1.0328500749145387e-02
-1.6302139386484896e+01,7.0803756850746115e-03
-1.4887111685387369e+01,2.9433592777776312e-03
-1.3485774090703384e+01,-1.9720580235103534e-03
-1.2098255085808507e+01,-7.5282042302282030e-03
-1.0726065851407412e+01,-1.3543659200489786e-02
-9.3734192914886059e+00,-1.9779951946716990e-02
-8.0473999715539630e+00,-2.5947109256770136e-02
-6.7573012674758957e+00,-3.1727085353723677e-02
-5.5133854766433750e+00,-3.6811054025667471e-02
-4.3253150185779772e+00,-4.0943128249083742e-02
-3.2008093119912058e+00,-4.3955322484749065e-02
-2.1444867167515627e+00,-4.5790036678273881e-02
-1.1576039305345112e+00,-4.6495789042418210e-02
-2.3855663469273000e-01,-4.6201693333845141e-02
6.1649032275776772e-01,-4.5086447270712010e-02
1.4127080038827877e+00,-4.3344644773346007e-02
2.1556792543297476e+00,-4.1159711018896337e-02
2.8509960331463411e+00,-3.8690147088439486e-02
3.5038015428908391e+00,-3.6062375787345405e-02
4.1187225267415268e+00,-3.3371577614081452e-02
4.6997402950701961e+00,-3.0685446512001103e-02
5.2502858037007512e+00,-2.8049670101433367e-02
5.7734271835818518e+00,-2.5492684602255532e-02
6.2715918726111433e+00,-2.3031333535321760e-02
6.7470706618798042e+00,-2.0673177057638520e-02
7.2017413823963343e+00,-1.8420523529944707e-02
7.6372587456240790e+00,-1.6271974580392305e-02
8.0550955044579968e+00,-1.4223824231664938e-02
8.4565481152691699e+00,-1.2271192928972375e-02
8.8427681231503588e+00,-1.0408656708779553e-02
9.2147877140404297e+00,-8.6306365874770415e-03
9.5735298764219880e+00,-6.9316922215816174e-03
9.9198393321019438e+00,-5.3065648947672548e-03
1.0254482701635476e+01,-3.7503199063674917e-03
1.0578154242689655e+01,-2.2583985997584105e-03
1.0891486259339603e+01,-8.2660665188586638e-04
1.1195064680198795e+01,5.4894945165516777e-04
1.1489425142863487e+01,1.8718264441533281e-03
1.1775059336357636e+01,3.1452770304860296e-03
1.2052425222734954e+01,4.3723084171833106e-03
1.2321946600718039e+01,5.5556825569269526e-03
1.2584008775281347e+01,6.6978978265919307e-03
1.2838980203631005e+01,7.8013134083853280e-03
1.3087197679097009e+01,8.8680726757542853e-03
1.3328973974539155e+01,9.9001504022990100e-03
1.3564603663610688e+01,1.0899388584050731e-02
1.3794361730559698e+01,1.1867492922443672e-02
1.4018505021854084e+01,1.2806044311518213e-02
1.4237273933661633e+01,1.3716511189203449e-02
1.4450896400438314e+01,1.4600273213881368e-02
1.4659584520172643e+01,1.5458606296338214e-02
1.4863536065423139e+01,1.6292693225986844e-02
1.5062941991362868e+01,1.7103664065270193e-02
1.5257976907425883e+01,1.7892549429415861e-02
1.5448811043100434e+01,1.8660342954687353e-02
1.5635601264020778e+01,1.9407957367824500e-02
1.5818497424096897e+01,2.0136257815243530e-02
1.5997641094707687e+01,2.0846056871853879e-02
1.6173166626004775e+01,2.1538120787036524e-02
1.6345201644557740e+01,2.2213172929915214e-02
1.6513866980257387e+01,2.2871894390834282e-02
1.6679277972018987e+01,2.3514931238631725e-02
1.6841542826746796e+01,2.4142887210711287e-02
1.7000766105784827e+01,2.4756341195068542e-02
1.7157043430161682e+01,2.5355822957848332e-02
1.7310478473410672e+01,2.5941893504568794e-02
1.7461151446794112e+01,2.6514997785047914e-02
1.7609152097947806e+01,2.7075619939505653e-02
1.7754562138063363e+01,2.7624201192531676e-02
1.7897459198171610e+01,2.8161159069678299e-02
1.8037921563948959e+01,2.8686909607777533e-02
1.8176013946862930e+01,2.9201802109725866e-02
1.8311808146390483e+01,2.9706214491764457e-02
1.8445373504879878e+01,3.0200509683851771e-02
1.8576768223853936e+01,3.0684996389517029e-02
1.8706055612529301e+01,3.1160003135461630e-02
1.8833293862496635e+01,3.1625832282171168e-02
1.8958538168491060e+01,3.2082769823739837e-02
1.9081841506445144e+01,3.2531089112708654e-02
1.9203254861458287e+01,3.2971052054514366e-02
1.9322827377637964e+01,3.3402909961444946e-02
1.9440606557898949e+01,3.3826904594842527e-02
1.9556638678402024e+01,3.4243270110058927e-02
1.9670968722634417e+01,3.4652232877119604e-02
1.9783638914325163e+01,3.5054005301536094e-02
1.9894688599405427e+01,3.5448785356311130e-02
2.0004157622113059e+01,3.5836771486509864e-02
2.0112084796112931e+01,3.6218156039691300e-02
2.0218506608717668e+01,3.6593119689818959e-02
2.0323458636353926e+01,3.6961837730585034e-02
2.0426975166164695e+01,3.7324478508221487e-02
2.0529089135112478e+01,3.7681203259703609e-02
2.0629832085491682e+01,3.8032166043321526e-02
2.0729234735185592e+01,3.8377516242511470e-02
2.0827326634530781e+01,3.8717397036536774e-02
2.0924136781453534e+01,3.9051948297641401e-02
2.1019693302401070e+01,3.9381305088747078e-02
2.1114023535329672e+01,3.9705598215487768e-02
2.1207154023254777e+01,4.0024954142907562e-02
2.1299109926035499e+01,4.0339492734763970e-02
2.1389915096813539e+01,4.0649327576693789e-02
2.1479593288488626e+01,4.0954570951224262e-02
2.1568168587221621e+01,4.1255335747425632e-02
2.1655663342464116e+01,4.1551726960345065e-02
2.1742098739001065e+01,4.1843844069276728e-02
2.1827495838513347e+01,4.2131785384447007e-02
2.1911875118464000e+01,4.2415646140989936e-02
2.1995256648552761e+01,4.2695519285703296e-02
2.2077659845598017e+01,4.2971494499798313e-02
2.2159103482309455e+01,4.3243658275904838e-02
2.2239605854875510e+01,4.3512094650027727e-02
2.2319184695447120e+01,4.3776884795773428e-02
2.2397857186755051e+01,4.4038107198205445e-02
2.2475639975059540e+01,4.4295837737380009e-02
2.2552549250628207e+01,4.4550149934865044e-02
2.2628601077862871e+01,4.4801116417355777e-02
2.2703811040184899e+01,4.5048807393222284e-02
2.2778194132476965e+01,4.5293290378510299e-02
2.2851764866524061e+01,4.5534630555154283e-02
2.2924537433435336e+01,4.5772891441236058e-02
2.2996525774363175e+01,4.6008135233239447e-02
2.3067743413508488e+01,4.6240422081112696e-02
2.3138203593638142e+01,4.6469810742831692e-02
2.3207919200154571e+01,4.6696358191322881e-02
2.3276902762365989e+01,4.6920119702452787e-02
2.3345166450791233e+01,4.7141148902259296e-02
2.3412722102473083e+01,4.7359497758595236e-02
2.3479581397400519e+01,4.7575217388047743e-02
2.3545755755940604e+01,4.7788357611348843e-02
2.3611256282307085e+01,4.7998966735874928e-02
2.3676093758485571e+01,4.8207091634722296e-02
2.3740278687537341e+01,4.8412777815776256e-02
2.3803821353759108e+01,4.8616069720909087e-02
2.3866731844615515e+01,4.8817010831380570e-02
2.3929019972167314e+01,4.9015643313967926e-02
2.3990695368338670e+01,4.9212008483932625e-02
2.4051767429417417e+01,4.9406146526310882e-02
2.4112245311367271e+01,4.9598096472602965e-02
2.4172137993290150e+01,4.9787896545088299e-02
2.4231454259499337e+01,4.9975584058103061e-02
2.4290202663922578e+01,5.0161195222009153e-02
2.4348391581641859e+01,5.0344765414394990e-02
2.4406029238521917e+01,5.0526329331906178e-02
2.4463123640875779e+01,5.0705920629817824e-02
2.4519682618023985e+01,5.0883572136861926e-02
2.4575713881397675e+01,5.1059316146418988e-02
2.4631224945544155e+01,5.1233184027449891e-02
2.4686223144595985e+01,5.1405206305503069e-02
2.4740715729058614e+01,5.1575413143149937e-02
2.4794709742055886e+01,5.1743833725490532e-02
2.4848212086313641e+01,5.1910496592875402e-02
2.4901229538635185e+01,5.2075429720631401e-02
2.4953768737009195e+01,5.2238660451120134e-02
2.5005836169560116e+01,5.2400215435351401e-02
2.5057438193278688e+01,5.2560120729034931e-02
2.5108581039709172e+01,5.2718401818276008e-02
2.5159270817351853e+01,5.2875083619540832e-02
2.5209513523972458e+01,5.3030190557225979e-02
2.5259315051649985e+01,5.3183746584345236e-02
2.5308681192876268e+01,5.3335775211551972e-02
2.5357617598219061e+01,5.3486299294558247e-02
2.5406129786729505e+01,5.3635341085778825e-02
2.5454223199274487e+01,5.3782922501008995e-02
2.5501903176713093e+01,5.3929065009606002e-02
2.5549174961038808e+01,5.4073789640297229e-02
2.5596043680876260e+01,5.4217116912418623e-02
2.5642514374605476e+01,5.4359066946493804e-02
2.5688591990310464e+01,5.4499659464352992e-02
2.5734281386151128e+01,5.4638913791269748e-02
2.5779587330917671e+01,5.4776848854091537e-02
2.5824514505411088e+01,5.4913483185173473e-02
2.5869067509047976e+01,5.5048834963012779e-02
2.5913250860655968e+01,5.5182922012072540e-02
2.5957069000278075e+01,5.5315761811440239e-02
2.6000526281234503e+01,5.5447371458888048e-02
2.6043626981935397e+01,5.5577767725435989e-02
2.6086375308506053e+01,5.5706967067815798e-02
2.6128775394863560e+01,5.5834985629256810e-02
2.6170831301895131e+01,5.5961839233643194e-02
2.6212547016046287e+01,5.6087543376454108e-02
2.6253926460510556e+01,5.6212113284393114e-02
2.6294973493329902e+01,5.6335563903669970e-02
2.6335691909152349e+01,5.6457909908216947e-02
2.6376085441178699e+01,5.6579165708936063e-02
2.6416157761659335e+01,5.6699345455486286e-02
2.6455912466295086e+01,5.6818462955254202e-02
2.6495353097122614e+01,5.6936531790334297e-02
2.6534483142827874e+01,5.7053565318372849e-02
2.6573306036593060e+01,5.7169576660721096e-02
2.6611825157727260e+01,5.7284578710056142e-02
2.6650043833297065e+01,5.7398584138001835e-02
2.6687965330108700e+01,5.7511605355658003e-02
2.6725592855597505e+01,5.7623654517604012e-02
2.6762929575174393e+01,5.7734743606224187e-02
2.6799978605348308e+01,5.7844884397802596e-02
2.6836743015045172e+01,5.7954088468622843e-02
2.6873225826960596e+01,5.8062367201232402e-02
2.6909430016799558e+01,5.8169731780313927e-02
2.6945358503505851e+01,5.8276193144238708e-02
2.6981014167281295e+01,5.8381762073307052e-02
2.7016399846612192e+01,5.8486449174733633e-02
2.7051518337896521e+01,5.8590264880424743e-02
2.7086372396580863e+01,5.8693219452181360e-02
2.7120964738239017e+01,5.8795322986622420e-02
2.7155298031106668e+01,5.8896585379105443e-02
2.7189374902481799e+01,5.8997016354189184e-02
2.7223197945421383e+01,5.9096625497518221e-02
2.7256769715576691e+01,5.9195422240382385e-02
2.7290092732147862e+01,5.9293415864044713e-02
2.7323169478838437e+01,5.9390615504069280e-02
2.7356002402374120e+01,5.9487030142890029e-02
2.7388593907777416e+01,5.9582668586718388e-02
2.7420946370448195e+01,5.9677539523582845e-02
2.7453062132966046e+01,5.9771651507611774e-02
2.7484943505441898e+01,5.9865012960450541e-02
2.7516592766330778e+01,5.9957632174904928e-02
2.7548012162851435e+01,6.0049517316733483e-02
2.7579203902846448e+01,6.0140676386141935e-02
2.7610170165940140e+01,6.0231117270131460e-02
2.7640913105131002e+01,6.0320847749812598e-02
2.7671434844651948e+01,6.0409875490148333e-02
2.7701737480703791e+01,6.0498208043224089e-02
2.7731823082188711e+01,6.0585852851517831e-02
2.7761693691443735e+01,6.0672817251170130e-02
2.7791351324974208e+01,6.0759108475254217e-02
2.7820797964610005e+01,6.0844733612187514e-02
2.7850035556891502e+01,6.0929699602690075e-02
2.7879066033213775e+01,6.1014013333971981e-02
2.7907891300109785e+01,6.1097681594055604e-02
2.7936513239725819e+01,6.1180711073837095e-02
2.7964933710410982e+01,6.1263108369682073e-02
2.7993154547306695e+01,6.1344879986021374e-02
2.8021177562936217e+01,6.1426032337946766e-02
2.8049004545500722e+01,6.1506571743139372e-02
2.8076637249204769e+01,6.1586504376724333e-02
2.8104077412841900e+01,6.1665836357571654e-02
2.8131326755017387e+01,6.1744573725929591e-02
2.8158386973131677e+01,6.1822722438550165e-02
2.8185259743868148e+01,6.1900288370811567e-02
2.8211946723680839e+01,6.1977277318840548e-02
2.8238449549282169e+01,6.2053695001634775e-02
2.8264769837939241e+01,6.2129547062307423e-02
2.8290909178854569e+01,6.2204839028456055e-02
2.8316869142543986e+01,6.2279576355044421e-02
2.8342651284302885e+01,6.2353764440180606e-02
2.8368257140878477e+01,6.2427408609746340e-02
2.8393688230872893e+01,6.2500514119131309e-02
2.8418946055146296e+01,6.2573086154967594e-02
2.8444032097220003e+01,6.2645129836864058e-02
2.8468947823679571e+01,6.2716650219140677e-02
2.8493694680894809e+01,6.2787652275903411e-02
2.8518274092826850e+01,6.2858140891035960e-02
2.8542687471971270e+01,6.2928120907609297e-02
2.8566936214694657e+01,6.2997597106698860e-02
2.8591021701401420e+01,6.3066574208049994e-02
2.8614945296869021e+01,6.3135056871505446e-02
2.8638708350583226e+01,6.3203049698432698e-02
2.8662312197073359e+01,6.3270557233151503e-02
2.8685758155536508e+01,6.3337583960940955e-02
2.8709047525302203e+01,6.3404134286037930e-02
2.8732181593731895e+01,6.3470212569450804e-02
2.8755161634847607e+01,6.3535823122177842e-02
2.8777988908723515e+01,6.3600970202095056e-02
2.8800664661776661e+01,6.3665658015169491e-02
2.8823190127057657e+01,6.3729890716672441e-02
2.8845566524541415e+01,6.3793672412392657e-02
2.8867795061346431e+01,6.3857007159579704e-02
2.8889876921092295e+01,6.3919898926841107e-02
2.8911813273760938e+01,6.3982351631522216e-02
2.8933605282697023e+01,6.4044369166274817e-02
2.8955254098626192e+01,6.4105955376567020e-02
2.8976760859890689e+01,6.4167114061688402e-02
2.8998126692685076e+01,6.4227848975755286e-02
2.9019352711291877e+01,6.4288163828715897e-02
2.9040440018317252e+01,6.4348062287355554e-02
2.9061389704926661e+01,6.4407547976301910e-02
2.9082202851080552e+01,6.4466624479030163e-02
2.9102880525379156e+01,6.4525295335754046e-02
2.9123423782143529e+01,6.4583564019295547e-02
2.9143833666710933e+01,6.4641433976404719e-02
2.9164111214609434e+01,6.4698908620310691e-02
2.9184257451075784e+01,6.4755991326007539e-02
2.9204273391276729e+01,6.4812685431145128e-02
2.9224160040530322e+01,6.4868994236919858e-02
2.9243918394527217e+01,6.4924921008965533e-02
2.9263549439552015e+01,6.4980468978244124e-02
2.9283054152704530e+01,6.5035641341936554e-02
2.9302433502121136e+01,6.5090441264333526e-02
2.9321688441243676e+01,6.5144871855443057e-02
2.9340819901762828e+01,6.5198936144635733e-02
2.9359828817200448e+01,6.5252637168989394e-02
2.9378716112510844e+01,6.5305977934422957e-02
2.9397482703539691e+01,6.5358961413733180e-02
2.9416129497178630e+01,6.5411590547235693e-02
2.9434657391519810e+01,6.5463868243405818e-02
2.9453067276010458e+01,6.5515797379519541e-02
2.9471360031607432e+01,6.5567380802294420e-02
2.9489536530931787e+01,6.5618621328530496e-02
2.9507597638412420e+01,6.5669521745700579e-02
2.9525544206083406e+01,6.5720084792383823e-02
2.9543377077048053e+01,6.5770313174254955e-02
2.9561097089107857e+01,6.5820209580838299e-02
2.9578705072083707e+01,6.5869776673008529e-02
2.9596201847947327e+01,6.5919017083524337e-02
2.9613588230952750e+01,6.5967933417562324e-02
2.9630865027767754e+01,6.6016528253250648e-02
2.9648033037605334e+01,6.6064804142202810e-02
2.9665093052355143e+01,6.6112763610051473e-02
2.9682045856714957e+01,6.6160409156982153e-02
2.9698892227963071e+01,6.6207743256521318e-02
2.9715632932529687e+01,6.6254768338761774e-02
2.9732268731554736e+01,6.6301486817278404e-02
2.9748800380110659e+01,6.6347901085244160e-02
2.9765228626442504e+01,6.6394013511630171e-02
2.9781554212083456e+01,6.6439826441662117e-02
2.9797777871970389e+01,6.6485342197276615e-02
2.9813900334559396e+01,6.6530563077577612e-02
2.9829922321941332e+01,6.6575491359292721e-02
2.9845844549957345e+01,6.6620129297229574e-02
2.9861667728314426e+01,6.6664479124732307e-02
2.9877392558825075e+01,6.6708543046701971e-02
2.9893019732517605e+01,6.6752323228140190e-02
2.9908549938165020e+01,6.6795821827955904e-02
2.9923983858767542e+01,6.6839040985020540e-02
2.9939322171331469e+01,6.6881982817289728e-02
2.9954565546961359e+01,6.6924649422167179e-02
2.9969714650952170e+01,6.6967042876868332e-02
2.9984770142881452e+01,6.7009165238784044e-02
2.9999732676701505e+01,6.7051018545844443e-02
3.0014602900831527e+01,6.7092604816882506e-02
3.0029381458248785e+01,6.7133926051993628e-02
3.0044068983462925e+01,6.7174984219789402e-02
3.0058666104755769e+01,6.7215781266791785e-02
3.0073173447399224e+01,6.7256319130939740e-02
3.0087591631359860e+01,6.7296599731913750e-02
3.0101921271379826e+01,6.7336624971452236e-02
3.0116162977057765e+01,6.7376396733667923e-02
3.0130317352929730e+01,6.7415916885364399e-02
3.0144384998550095e+01,6.7455187276352371e-02
3.0158366508572488e+01,6.7494209739766248e-02
3.0172262472830685e+01,6.7532986092380440e-02
3.0186073476419544e+01,6.7571518134925873e-02
3.0199800099775914e+01,6.7609807652406317e-02
3.0213442917558037e+01,6.7647856409393026e-02
3.0227002494315151e+01,6.7685666131902911e-02
3.0240479393779871e+01,6.7723238546216383e-02
3.0253874175751058e+01,6.7760575365826761e-02
3.0267187395447348e+01,6.7797678288716468e-02
3.0280419603572703e+01,6.7834548997609309e-02
3.0293571346381960e+01,6.7871189160222500e-02
3.0306643165746351e+01,6.7907600429518905e-02
3.0319635599219058e+01,6.7943784443959140e-02
3.0332549180100738e+01,6.7979742827753764e-02
3.0345384437505089e+01,6.8015477191115434e-02
3.0358141896424353e+01,6.8050989130511039e-02
3.0370822077774555e+01,6.8086280228830662e-02
3.0383425495042744e+01,6.8121352041651220e-02
3.0395952657501017e+01,6.8156206110373069e-02
3.0408404072387807e+01,6.8190843971130261e-02
3.0420780242917377e+01,6.8225267146628923e-02
3.0433081668334271e+01,6.8259477146353983e-02
3.0445308843967791e+01,6.8293475466776041e-02
3.0457462261286434e+01,6.8327263591558121e-02
3.0469542407952343e+01,6.8360842991762469e-02
3.0481549767875769e+01,6.8394215126057312e-02
3.0493484821269536e+01,6.8427381440923696e-02
3.0505348044703471e+01,6.8460343370862278e-02
3.0517139911158875e+01,6.8493102338600065e-02
3.0528860889183004e+01,6.8525659751635923e-02
3.0540511440693813e+01,6.8558016993294793e-02
3.0552092026435275e+01,6.8590175444906948e-02
3.0563603103901649e+01,6.8622136477348411e-02
3.0575045127077079e+01,6.8653901449966845e-02
3.0586418546480935e+01,6.8685471710751414e-02
3.0597723809213210e+01,6.8716848596502497e-02
3.0608961358999849e+01,6.8748033433001524e-02
3.0620131636238128e+01,6.8779027535180781e-02
3.0631235078042003e+01,6.8809832207293226e-02
3.0642272118287497e+01,6.8840448743082205e-02
3.0653243187658020e+01,6.8870878425951354e-02
3.0664148713646245e+01,6.8901122528960593e-02
3.0674989118126760e+01,6.8931182305126487e-02
3.0685764820130668e+01,6.8961058998485467e-02
3.0696476236719185e+01,6.8990753847569475e-02
3.0707123781832077e+01,6.9020268080798378e-02
3.0717707866325558e+01,6.9049602916619948e-02
3.0728228898010180e+01,6.9078759563649825e-02
3.0738687281688733e+01,6.9107739220811593e-02
3.0749083419194140e+01,6.9136543077476700e-02
3.0759417709427357e+01,6.9165172313604556e-02
3.0769690548395264e+01,6.9193628099882429e-02
3.0779902329248564e+01,6.9221911597865546e-02
3.0790053442319682e+01,6.9250023960117035e-02
3.0800144274466749e+01,6.9277966327555757e-02
3.0810175207987946e+01,6.9305739825075305e-02
3.0820146623920348e+01,6.9333345574805583e-02
3.0830058900648613e+01,6.9360784690501859e-02
3.0839912413807376e+01,6.9388058277139536e-02
3.0849707536313474e+01,6.9415167431031363e-02
3.0859444638398184e+01,6.9442113239944633e-02
3.0869124087639445e+01,6.9468896783218353e-02
3.0878746248994084e+01,6.9495519131880457e-02
3.0888311484830052e+01,6.9521981348765013e-02
3.0897820154958637e+01,6.9548284488629389e-02
3.0907272616666720e+01,6.9574429598271481e-02
3.0916669224662609e+01,6.9600417716310439e-02
3.0926010328709808e+01,6.9626249863960279e-02
3.0935296276885857e+01,6.9651927057716820e-02
3.0944527415781060e+01,6.9677450310123457e-02
3.0953704089536810e+01,6.9702820626016473e-02
3.0962826639874589e+01,6.9728039002629721e-02
3.0971895406124990e+01,6.9753106429699271e-02
3.0980910725256742e+01,6.9778023889568136e-02
3.0989872931905701e+01,6.9802792357290852e-02
3.0998782358403879e+01,6.9827412800738231e-02
3.1007639334808463e+01,6.9851886180702039e-02
3.1016444188930809e+01,6.9876213450999605e-02
3.1025197246365469e+01,6.9900395558578521e-02
3.1033898830519213e+01,6.9924433443621342e-02
3.1042549262640026e+01,6.9948328039650232e-02
3.1051148861846126e+01,6.9972080273631637e-02
3.1059697945154987e+01,6.9995691066080973e-02
3.1068196824621783e+01,7.0019161319858414e-02
3.1076645808617872e+01,7.0042491925161973e-02
3.1085045206450499e+01,7.0065683777592397e-02
3.1093395325303895e+01,7.0088737766176981e-02
3.1101696470252609e+01,7.0111654773412815e-02
3.1109948944284902e+01,7.0134435675349494e-02
3.1118153048326135e+01,7.0157081341671784e-02
3.1126309081262146e+01,7.0179592635782245e-02
3.1134417339962642e+01,7.0201970414883907e-02
3.1142478119304581e+01,7.0224215530062889e-02
3.1150491712195560e+01,7.0246328826371093e-02
3.1158458409597205e+01,7.0268311142908824e-02
3.1166378500548547e+01,7.0290163312907480e-02
3.1174252272189406e+01,7.0311886163812148e-02
3.1182080009783792e+01,7.0333480517364322e-02
3.1189861996743282e+01,7.0354947189684505e-02
3.1197598513638667e+01,7.0376286987470282e-02
3.1205289836439377e+01,7.0397500701229201e-02
3.1212936241793944e+01,7.0418589125546535e-02
3.1220538004727931e+01,7.0439553050239009e-02
3.1228095398421498e+01,7.0460393259493742e-02
3.1235608694228734e+01,7.0481110531935218e-02
3.1243078161696975e+01,7.0501705640692441e-02
3.1250504068586135e+01,7.0522179353465927e-02
3.1257886680888046e+01,7.0542532432594868e-02
3.1265226262845768e+01,7.0562765635124119e-02
3.1272523076972931e+01,7.0582879712871305e-02
3.1279777384073043e+01,7.0602875412493923e-02
3.1286989443258847e+01,7.0622753475556341e-02
3.1294159511971618e+01,7.0642514638596957e-02
3.1301287846000520e+01,7.0662159633195193e-02
3.1308374699501901e+01,7.0681689186038635e-02
3.1315420324756442e+01,7.0701104017988597e-02
3.1322424969838856e+01,7.0720404835173487e-02
3.1329388882651635e+01,7.0739592344387939e-02
3.1336312310083127e+01,7.0758667249870510e-02
3.1343195497399794e+01,7.0777630250975845e-02
3.1350038688262359e+01,7.0796482042229630e-02
3.1356842124741924e+01,7.0815223313383316e-02
3.1363606047336106e+01,7.0833854749469100e-02
3.1370330694985160e+01,7.0852377030854716e-02
3.1377016305088123e+01,7.0870790833298322e-02
3.1383663113518921e+01,7.0889096828003331e-02
3.1390271354642522e+01,7.0907295681673296e-02
3.1396841261331044e+01,7.0925388056566771e-02
3.1403373064979906e+01,7.0943374610552126e-02
3.1409866995523945e+01,7.0961255997162451e-02
3.1416323281453540e+01,7.0979032865650396e-02
3.1422742149815054e+01,7.0996705860984458e-02
3.1429123824445000e+01,7.1014275617256123e-02
3.1435468527876797e+01,7.1031742764787784e-02
3.1441776482246652e+01,7.1049107933507022e-02
3.1448047908257969e+01,7.1066371749077775e-02
3.1454283025194862e+01,7.1083534832945591e-02
3.1460482050935703e+01,7.1100597802382745e-02
3.1466645201966639e+01,7.1117561270533369e-02
3.1472772693395108e+01,7.1134425846458640e-02
3.1478864738963395e+01,7.1151192135181895e-02
3.1484921551062129e+01,7.1167860737733832e-02
3.1490943340743840e+01,7.1184432251197610e-02
3.1496930317736464e+01,7.1200907268754055e-02
3.1502882690456882e+01,7.1217286379726741e-02
3.1508800666024445e+01,7.1233570169627253e-02
3.1514684450274505e+01,7.1249759220200187e-02
3.1520534247771941e+01,7.1265854109468466e-02
3.1526350258537274e+01,7.1281855399754193e-02
3.1532132688497931e+01,7.1297763675901363e-02
3.1537881734360756e+01,7.1313579489940576e-02
3.1543597595162712e+01,7.1329303403333044e-02
3.1549280468668467e+01,7.1344935973789950e-02
3.1554930551383510e+01,7.1360477755315996e-02
3.1560548038567095e+01,7.1375929298252566e-02
3.1566133124245088e+01,7.1391291149320316e-02
3.1571686001222673e+01,7.1406563851661262e-02
3.1577206861096929e+01,7.1421747944880515e-02
3.1582695894269261e+01,7.1436843965087482e-02
3.1588153289957734e+01,7.1451852444936528e-02
3.1593579236209248e+01,7.1466773913667223e-02
3.1598973919911593e+01,7.1481608897144180e-02
3.1604337526805381e+01,7.1496357917896269e-02
3.1609670241495831e+01,7.1511021495155438e-02
3.1614972247176926e+01,7.1525600143838186e-02
3.1620243724627976e+01,7.1540094370852167e-02
3.1625484854524959e+01,7.1554504683588524e-02
3.1630695816598163e+01,7.1568831586820633e-02
3.1635876789457242e+01,7.1583075582056566e-02
3.1641027950600066e+01,7.1597237167566941e-02
3.1646149476421378e+01,7.1611316838412403e-02
3.1651241542221303e+01,7.1625315086470284e-02
3.1656304322213664e+01,7.1639232400460565e-02
3.1661337989534101e+01,7.1653069265971397e-02
3.1666342716248050e+01,7.1666826165483741e-02
3.1671318673358510e+01,7.1680503578395463e-02
3.1676266030813647e+01,7.1694101981044839e-02
3.1681184957514223e+01,7.1707621846733210e-02
3.1686075621320839e+01,7.1721063645747235e-02
3.1690938189060997e+01,7.1734427845380255e-02
3.1695772826535997e+01,7.1747714909953214e-02
3.1700579698527644e+01,7.1760925300834721e-02
3.1705358968804774e+01,7.1774059476460650e-02
3.1710110800129623e+01,7.1787117892352953e-02
3.1714835354263990e+01,7.1800101001137900e-02
3.1719532791856338e+01,7.1813009252197635e-02
3.1724203272169461e+01,7.1825843090830968e-02
3.1728846953822547e+01,7.1838602960536291e-02
3.1733463994487277e+01,7.1851289302074892e-02
3.1738054550849320e+01,7.1863902553351247e-02
3.1742618778612769e+01,7.1876443149425123e-02
3.1747156832504320e+01,7.1888911522522969e-02
3.1751668866277299e+01,7.1901308102048714e-02
3.1756155032715483e+01,7.1913633314593717e-02
3.1760615483636730e+01,7.1925887583946108e-02
3.1765050369896400e+01,7.1938071331099418e-02
3.1769459841390606e+01,7.1950184974260520e-02
3.1773844047059256e+01,7.1962228928856786e-02
3.1778203134888905e+01,7.1974203607542656e-02
3.1782537251915400e+01,7.1986109420205419e-02
3.1786846544226375e+01,7.1997946773970353e-02
3.1791131156963480e+01,7.2009716073205138e-02
3.1795391234324487e+01,7.2021417719523528e-02
3.1799626919565167e+01,7.2033052111788440e-02
3.1803838355000966e+01,7.2044619646114166e-02
3.1808025682008505e+01,7.2056120715868074e-02
3.1812189042009365e+01,7.2067555715252543e-02
3.1816328577898048e+01,7.2078925044506095e-02
3.1820444429329157e+01,7.2090229092721461e-02
3.1824536734916290e+01,7.2101468245856684e-02
3.1828605632430705e+01,7.2112642887455364e-02
3.1832651258806326e+01,7.2123753398661256e-02
3.1836673750144698e+01,7.2134800158232371e-02
3.1840673241719813e+01,7.2145783542554867e-02
3.1844649867982866e+01,7.2156703925656596e-02
3.1848603762566910e+01,7.2167561679220241e-02
3.1852535058291441e+01,7.2178357172596325e-02
3.1856443887166868e+01,7.2189090772815670e-02
3.1860330380398917e+01,7.2199762844601709e-02
3.1864194668392916e+01,7.2210373750382389e-02
3.1868036880758027e+01,7.2220923850301808e-02
3.1871857146311356e+01,7.2231413502231417e-02
3.1875655593081998e+01,7.2241843061781080e-02
3.1879432348314957e+01,7.2252212882309666e-02
3.1883187538475038e+01,7.2262523314935351e-02
3.1886921289250569e+01,7.2272774708545651e-02
3.1890633725557109e+01,7.2282967409807067e-02
3.1894324971892530e+01,7.2293101764580273e-02
3.1897995152611280e+01,7.2303178119011796e-02
3.1901644390631009e+01,7.2313196814356981e-02
3.1905272808101344e+01,7.2323158189649434e-02
3.1908880526443269e+01,7.2333062581853763e-02
3.1912467666353638e+01,7.2342910325878848e-02
3.1916034347809628e+01,7.2352701754590895e-02
3.1919580690073150e+01,7.2362437198826277e-02
3.1923106811695177e+01,7.2372116987404284e-02
3.1926612830520028e+01,7.2381741447139519e-02
3.1930098863689590e+01,7.2391310902854222e-02
3.1933565027647472e+01,7.2400825677390299e-02
3.1937011438143116e+01,7.2410286091621243e-02
3.1940438210235833e+01,7.2419692464463753e-02
3.1943845458298789e+01,7.2429045112889279e-02
3.1947233296022929e+01,7.2438344351935247e-02
3.1950601836420848e+01,7.2447590494716163e-02
3.1953951191830583e+01,7.2456783852434467e-02
3.1957281473919380e+01,7.2465924734391243e-02
3.1960592793687365e+01,7.2475013447996686e-02
3.1963885261471177e+01,7.2484050298780370e-02
3.1967158984076303e+01,7.2493035582588433e-02
3.1970414061832404e+01,7.2501969577571004e-02
3.1973650596380331e+01,7.2510852565371722e-02
3.1976868687608519e+01,7.2519684822791267e-02
3.1980068434398245e+01,7.2528466623789811e-02
3.1983249937296080e+01,7.2537198246679174e-02
3.1986413294128653e+01,7.2545879962321230e-02
3.1989558601266658e+01,7.2554512037529703e-02
3.1992685953955633e+01,7.2563094735978759e-02
3.1995795447203513e+01,7.2571628320735784e-02
3.1998887174679666e+01,7.2580113051119596e-02
3.2001961228854690e+01,7.2588549183099343e-02
3.2005017701341735e+01,7.2596936970247480e-02
3.2008056687788049e+01,7.2605276677204955e-02
3.2011078283469892e+01,7.2613568567555020e-02
3.2014082582296794e+01,7.2621812901082328e-02
3.2017069670592392e+01,7.2630009917091218e-02
3.2020039665234677e+01,7.2638159937346514e-02
3.2022992649154460e+01,7.2646263192212568e-02
3.2025928721741259e+01,7.2654319956313926e-02
3.2028847982384583e+01,7.2662330504275049e-02
3.2031750530487223e+01,7.2670295110683847e-02
3.2034636465462974e+01,7.2678214050097792e-02
3.2037505886708942e+01,7.2686087597120391e-02
3.2040358893622084e+01,7.2693916026355651e-02
3.2043195585599328e+01,7.2701699612407591e-02
3.2046016062037623e+01,7.2709438629880177e-02
3.2048820422333911e+01,7.2717133353377428e-02
3.2051608765885128e+01,7.2724784057503350e-02
3.2054381190197162e+01,7.2732391011541442e-02
3.2057137782960474e+01,7.2739954457159486e-02
3.2059878638883106e+01,7.2747474655769279e-02
3.2062603854157508e+01,7.2754951872958953e-02
3.2065313524976119e+01,7.2762386374316659e-02
3.2068007747531404e+01,7.2769778425430545e-02
3.2070686618015792e+01,7.2777128291888787e-02
3.2073350232621742e+01,7.2784436239279507e-02
3.2075998687225407e+01,7.2791702532311348e-02
3.2078632058424446e+01,7.2798927382084211e-02
3.2081250425919954e+01,7.2806111008327928e-02
3.2083853879079939e+01,7.2813253657653551e-02
3.2086442507272395e+01,7.2820355576672158e-02
3.2089016399865329e+01,7.2827417011994799e-02
3.2091575646226751e+01,7.2834438210232569e-02
3.2094120335724647e+01,7.2841419417996517e-02
3.2096650557727038e+01,7.2848360881897722e-02
3.2099166296716838e+01,7.2855262556957928e-02
3.2101667857427984e+01,7.2862125288523566e-02
3.2104155168562407e+01,7.2868948876540565e-02
3.2106628317896629e+01,7.2875733563195502e-02
3.2109087392507782e+01,7.2882479588730634e-02
3.2111532478773597e+01,7.2889187191443855e-02
3.2113963662372441e+01,7.2895856607688714e-02
3.2116381028283293e+01,7.2902488071874424e-02
3.2118784659783316e+01,7.2909081813675156e-02
3.2121174630305127e+01,7.2915638035361066e-02
3.2123551017509179e+01,7.2922156950975120e-02
3.2125913900129490e+01,7.2928638777551721e-02
3.2128263355953187e+01,7.2935083729491812e-02
3.2130599461820466e+01,7.2941492018562967e-02
3.2132922293624645e+01,7.2947863853899259e-02
3.2135231926312123e+01,7.2954199442001377e-02
3.2137528433882387e+01,7.2960498986736552e-02
3.2139811889388028e+01,7.2966762689338591e-02
3.2142082364934737e+01,7.2972990748407879e-02
3.2144339931681280e+01,7.2979183359911340e-02
3.2146584661095524e+01,7.2985340720674946e-02
3.2148816636717889e+01,7.2991463061093775e-02
3.2151035934525105e+01,7.2997550590530508e-02
3.2153242626787701e+01,7.3003603508041776e-02
3.2155436785181692e+01,7.3009622011030673e-02
3.2157618480788578e+01,7.3015606295246741e-02
3.2159787784095357e+01,7.3021556554785941e-02
3.2161944764994509e+01,7.3027472982090710e-02
3.2164089492784001e+01,7.3033355767949920e-02
3.2166222036167269e+01,7.3039205101498875e-02
3.2168342463253268e+01,7.3045021170219354e-02
3.2170450841556409e+01,7.3050804159939559e-02
3.2172547238549512e+01,7.3056554256376513e-02
3.2174631727662593e+01,7.3062271661870334e-02
3.2176704378608491e+01,7.3067956568396666e-02
3.2178765258990651e+01,7.3073609162051606e-02
3.2180814435995750e+01,7.3079229627773593e-02
3.2182851976393707e+01,7.3084818149343381e-02
3.2184877946537711e+01,7.3090374909384040e-02
3.2186892412364166e+01,7.3095900089360968e-02
3.2188895439392752e+01,7.3101393869581907e-02
3.2190887092726371e+01,7.3106856429196912e-02
3.2192867437051191e+01,7.3112287946198354e-02
3.2194836536636615e+01,7.3117688597420918e-02
3.2196794455410348e+01,7.3123058558754991e-02
3.2198741257907415e+01,7.3128398007843959e-02
3.2200677007791668e+01,7.3133707119882013e-02
3.2202601768052283e+01,7.3138986068172512e-02
3.2204515601289600e+01,7.3144235024940482e-02
3.2206418569715119e+01,7.3149454161332672e-02
3.2208310735151514e+01,7.3154643647417458e-02
3.2210192159032616e+01,7.3159803652184940e-02
3.2212062902403424e+01,7.3164934343546845e-02
3.2213923025920103e+01,7.3170035888336621e-02
3.2215772589849983e+01,7.3175108452309359e-02
3.2217611654071554e+01,7.3180152200141887e-02
3.2219440278092499e+01,7.3185167295487241e-02
3.2221258521317331e+01,7.3190153901785682e-02
3.2223066442644814e+01,7.3195112181044894e-02
3.2224864100506579e+01,7.3200042293957032e-02
3.2226651552953264e+01,7.3204944400159719e-02
3.2228428857654535e+01,7.3209818658235989e-02
3.2230196071899044e+01,7.3214665225714376e-02
3.2231953252594458e+01,7.3219484259068796e-02
3.2233700456267471e+01,7.3224275913718662e-02
3.2235437739063769e+01,7.3229040344028787e-02
3.2237165156748048e+01,7.3233777703309452e-02
3.2238882764704016e+01,7.3238488143816380e-02
3.2240590617568202e+01,7.3243171815752725e-02
3.2242288763038559e+01,7.3247828850395214e-02
3.2243977251626916e+01,7.3252459386673241e-02
3.2245656135689529e+01,7.3257063568526695e-02
3.2247325467132534e+01,7.3261641538652569e-02
3.2248985297411949e+01,7.3266193438504851e-02
3.2250635677533673e+01,7.3270719408294618e-02
3.2252276658053503e+01,7.3275219586990001e-02
3.2253908289077096e+01,7.3279694112316135e-02
3.2255530620260018e+01,7.3284143120755277e-02
3.2257143700807710e+01,7.3288566747546663e-02
3.2258747579475489e+01,7.3292965126686649e-02
3.2260342304568560e+01,7.3297338390928599e-02
3.2261927923942025e+01,7.3301686671782940e-02
3.2263504485000844e+01,7.3306010099517163e-02
3.2265072034699891e+01,7.3310308803155783e-02
3.2266630619543903e+01,7.3314582910480389e-02
3.2268180285587505e+01,7.3318832548029608e-02
3.2269721078435218e+01,7.3323057841099146e-02
3.2271253043241423e+01,7.3327258913741727e-02
3.2272776224282865e+01,7.3331435887611179e-02
3.2274290659092479e+01,7.3335588866102197e-02
3.2275796388101107e+01,7.3339717960418493e-02
3.2277293453230740e+01,7.3343823285769494e-02
3.2278781895887505e+01,7.3347904955943885e-02
3.2280261756961686e+01,7.3351963083309699e-02
3.2281733076827678e+01,7.3355997778814228e-02
3.2283195895344043e+01,7.3360009151984054e-02
3.2284650251853463e+01,7.3363997310925105e-02
3.2286096185182771e+01,7.3367962362322570e-02
3.2287533733642938e+01,7.3371904411440952e-02
3.2288962935029062e+01,7.3375823562124021e-02
3.2290383826620399e+01,7.3379719916794900e-02
3.2291796445180331e+01,7.3383593576455963e-02
3.2293200826956387e+01,7.3387444640688887e-02
3.2294597007680231e+01,7.3391273207654692e-02
3.2295985022567670e+01,7.3395079374093633e-02
3.2297364906318649e+01,7.3398863235325296e-02
3.2298736693117249e+01,7.3402624885248582e-02
3.2300100416631686e+01,7.3406364416341643e-02
3.2301456111775579e+01,7.3410081924498577e-02
3.2302803844857756e+01,7.3413777591824547e-02
3.2304143696984291e+01,7.3417451641055786e-02
3.2305475732393731e+01,7.3421104248600960e-02
3.2306799979990032e+01,7.3424735493825666e-02
3.2308116477199682e+01,7.3428345479495297e-02
3.2309425275123324e+01,7.3431934345925876e-02
3.2310726422462999e+01,7.3435502226841573e-02
3.2312019966710679e+01,7.3439049252639430e-02
3.2313305955566562e+01,7.3442575554284517e-02
3.2314584436880772e+01,7.3446081263151081e-02
3.2315855458600836e+01,7.3449566510873643e-02
3.2317119068594344e+01,7.3453031428869928e-02
3.2318375314484022e+01,7.3456476147875302e-02
3.2319624244056641e+01,7.3459900799076439e-02
3.2320865905227194e+01,7.3463305514012769e-02
3.2322100345910670e+01,7.3466690424223699e-02
3.2323327613701323e+01,7.3470055660364950e-02
3.2324547754445824e+01,7.3473401348277387e-02
3.2325760814945404e+01,7.3476727616431828e-02
3.2326966842223790e+01,7.3480034593912072e-02
3.2328165883304685e+01,7.3483322409801904e-02
3.2329357984073340e+01,7.3486591190053963e-02
3.2330543187710518e+01,7.3489841053182611e-02
3.2331721539457696e+01,7.3493072123369863e-02
3.2332893084699570e+01,7.3496284525191677e-02
3.2334057868820850e+01,7.3499478383224015e-02
3.2335215930566527e+01,7.3502653803796572e-02
3.2336367322015036e+01,7.3505810929879997e-02
3.2337512077419952e+01,7.3508949855461359e-02
3.2338650241093148e+01,7.3512070702168406e-02
3.2339781856864356e+01,7.3515173590304003e-02
3.2340906964446383e+01,7.3518258628863034e-02
3.2342025603240430e+01,7.3521325925983899e-02
3.2343137814058871e+01,7.3524375593680136e-02
3.2344243637134738e+01,7.3527407742373471e-02
3.2345343112121718e+01,7.3530422480893740e-02
3.2346436278094160e+01,7.3533419916478937e-02
3.2347523173547060e+01,7.3536400154775167e-02
3.2348603836396087e+01,7.3539363299836721e-02
3.2349678303977555e+01,7.3542309454126001e-02
3.2350746613048429e+01,7.3545238718513553e-02
3.2351808799793289e+01,7.3548151192297156e-02
3.2352864901925983e+01,7.3551046978984819e-02
3.2353914956830678e+01,7.3553926181179577e-02
3.2354959000012578e+01,7.3556788896316699e-02
3.2355997066482033e+01,7.3559635220471958e-02
3.2357029190754474e+01,7.3562465248361644e-02
3.2358055406850461e+01,7.3565279073342607e-02
3.2359075748295652e+01,7.3568076787412146e-02
3.2360090248120812e+01,7.3570858481208132e-02
3.2361098938861822e+01,7.3573624244008914e-02
3.2362101852559668e+01,7.3576374163733416e-02
3.2363099020760707e+01,7.3579108326941728e-02
3.2364090478442527e+01,7.3581826829620056e-02
3.2365076261332973e+01,7.3584529769815749e-02
3.2366056401671628e+01,7.3587217235993416e-02
3.2367030931376547e+01,7.3589889315734500e-02
3.2367999882044266e+01,7.3592546095737205e-02
3.2368963284949814e+01,7.3595187661816566e-02
3.2369921171046705e+01,7.3597814098904424e-02
3.2370873570966921e+01,7.3600425491049365e-02
3.2371820515020936e+01,7.3603021921416850e-02
3.2372762033197716e+01,7.3605603472289088e-02
3.2373698155164689e+01,7.3608170225065092e-02
3.2374628911943027e+01,7.3610722264861331e-02
3.2375554335183629e+01,7.3613259678523488e-02
3.2376474454632252e+01,7.3615782547664960e-02
3.2377389299792640e+01,7.3618290953234286e-02
3.2378298899930101e+01,7.3620784975524975e-02
3.2379203284071494e+01,7.3623264694175475e-02
3.2380102481005267e+01,7.3625730188169231e-02
3.2380996519281432e+01,7.3628181535834669e-02
3.2381885427211564e+01,7.3630618814845172e-02
3.2382769232868810e+01,7.3633042102219118e-02
3.2383647964087885e+01,7.3635451474319824e-02
3.2384521649290434e+01,7.3637847009123319e-02
3.2385390317367822e+01,7.3640228785896308e-02
3.2386253996025495e+01,7.3642596880647199e-02
3.2387112712767248e+01,7.3644951368830369e-02
3.2387966494904724e+01,7.3647292325372427e-02
3.2388815369557449e+01,7.3649619824672094e-02
3.2389659363652783e+01,7.3651933940600267e-02
3.2390498503925961e+01,7.3654234746500014e-02
3.2391332816920070e+01,7.3656522315186559e-02
3.2392162328986075e+01,7.3658796718947289e-02
3.2392987066282778e+01,7.3661058029541759e-02
3.2393807055384478e+01,7.3663306319873001e-02
3.2394622323303111e+01,7.3665541664048484e-02
3.2395432895934746e+01,7.3667764133107064e-02
3.2396238798979084e+01,7.3669973797548097e-02
3.2397040057959025e+01,7.3672170727385314e-02
3.2397836698220658e+01,7.3674354992146751e-02
3.2398628744933248e+01,7.3676526660874750e-02
3.2399416223089261e+01,7.3678685802125998e-02
3.2400199157504346e+01,7.3680832483971517e-02
3.2400977572817339e+01,7.3682966773996647e-02
3.2401751493490281e+01,7.3685088739301019e-02
3.2402520943808369e+01,7.3687198446498639e-02
3.2403285947880029e+01,7.3689295961717804e-02
3.2404046529636837e+01,7.3691381350601146e-02
3.2404802712833586e+01,7.3693454678305639e-02
3.2405554521048245e+01,7.3695516009502554e-02
3.2406301977681970e+01,7.3697565408377505e-02
3.2407045105959114e+01,7.3699602938630412e-02
3.2407783930212631e+01,7.3701628667014352e-02
3.2408518474881504e+01,7.3703642660575372e-02
3.2409248763102795e+01,7.3705644982776347e-02
3.2409974817859663e+01,7.3707635696657614e-02
3.2410696661981362e+01,7.3709614864836834e-02
3.2411414318143244e+01,7.3711582549509116e-02
3.2412127808866757e+01,7.3713538812446910e-02
3.2412837156519451e+01,7.3715483715000127e-02
3.2413542383314976e+01,7.3717417318095987e-02
3.2414243511313067e+01,7.3719339682239163e-02
3.2414940562419567e+01,7.3721250867511717e-02
3.2415633558386403e+01,7.3723150933573067e-02
3.2416322520811612e+01,7.3725039939660050e-02
3.2417007471139328e+01,7.3726917944586898e-02
3.2417688430659773e+01,7.3728785006745221e-02
3.2418365420509268e+01,7.3730641184104037e-02
3.2419038461670240e+01,7.3732486534209760e-02
3.2419707574979995e+01,7.3734321114210494e-02
3.2420372781595688e+01,7.3736144982143398e-02
3.2421034102405002e+01,7.3737958195303058e-02
3.2421691557906009e+01,7.3739760809908836e-02
3.2422345168449588e+01,7.3741552881776112e-02
3.2422994954239456e+01,7.3743334466316299e-02
3.2423640935332159e+01,7.3745105618536824e-02
3.2424283131637068e+01,7.3746866393041149e-02
3.2424921562916388e+01,7.3748616844028794e-02
3.2425556248785149e+01,7.3750357025295254e-02
3.2426187208711198e+01,7.3752086990232085e-02
3.2426814462015223e+01,7.3753806791826859e-02
3.2427438027870735e+01,7.3755516482663180e-02
3.2428057925304081e+01,7.3757216114920671e-02
3.2428674173194416e+01,7.3758905740375011e-02
3.2429286790273736e+01,7.3760585410397858e-02
3.2429895795126875e+01,7.3762255175956928e-02
3.2430501206191479e+01,7.3763915087615983e-02
3.2431103041723382e+01,7.3765565195440475e-02
3.2431701319323167e+01,7.3767205547709033e-02
3.2432296056705091e+01,7.3768836193006226e-02
3.2432887271588690e+01,7.3770457179927640e-02
3.2433474981539739e+01,7.3772068556646947e-02
3.2434059203970257e+01,7.3773670370915936e-02
3.2434639956138518e+01,7.3775262670064512e-02
3.2435217255149020e+01,7.3776845501000637e-02
3.2435791117952526e+01,7.3778418910210433e-02
3.2436361561346018e+01,7.3779982943758107e-02
3.2436928601972745e+01,7.3781537647285955e-02
3.2437492256322187e+01,7.3783083066014415e-02
3.2438052540730062e+01,7.3784619244741986e-02
3.2438609471378349e+01,7.3786146227845323e-02
3.2439163064295251e+01,7.3787664059279126e-02
3.2439713335355222e+01,7.3789172782576268e-02
3.2440260300278972e+01,7.3790672440847666e-02
3.2440803974633425e+01,7.3792163076782380e-02
3.2441344373658666e+01,7.3793644732174049e-02
3.2441881511334806e+01,7.3795117445368819e-02
3.2442415402283146e+01,7.3796581256465210e-02
3.2442946061168165e+01,7.3798036205678513e-02
3.2443473502486079e+01,7.3799482332762414e-02
3.2443997740564811e+01,7.3800919677008997e-02
3.2444518789564050e+01,7.3802348277248811e-02
3.2445036663475200e+01,7.3803768171850803e-02
3.2445551376121408e+01,7.3805179398722345e-02
3.2446062941157557e+01,7.3806581995309234e-02
3.2446571372070260e+01,7.3807975998595690e-02
3.2447076682177865e+01,7.3809361445104360e-02
3.2447578884630460e+01,7.3810738370896301e-02
3.2448077992409864e+01,7.3812106811570993e-02
3.2448574018329637e+01,7.3813466802266359e-02
3.2449066975035059e+01,7.3814818377658714e-02
3.2449556875003154e+01,7.3816161571962829e-02
3.2450043730542689e+01,7.3817496418931858e-02
3.2450527554139114e+01,7.3818822952805327e-02
3.2451008359160490e+01,7.3820141210248866e-02
3.2451486157749862e+01,7.3821451224562670e-02
3.2451960961770141e+01,7.3822753028277968e-02
3.2452432782924411e+01,7.3824046653487588e-02
3.2452901632755946e+01,7.3825332131846028e-02
3.2453367522648207e+01,7.3826609494569401e-02
3.2453830463824815e+01,7.3827878772435435e-02
3.2454290467349594e+01,7.3829139995783527e-02
3.2454747544126541e+01,7.3830393194514676e-02
3.2455201704899828e+01,7.3831638398091537e-02
3.2455652960253822e+01,7.3832875635538378e-02
3.2456101320613065e+01,7.3834104935441111e-02
3.2456546796242286e+01,7.3835326325947304e-02
3.2456989397246382e+01,7.3836539834766110e-02
3.2457429133570450e+01,7.3837745489168355e-02
3.2457866014999752e+01,7.3838943315986477e-02
3.2458300051159739e+01,7.3840133341614572e-02
3.2458731251516049e+01,7.3841315592008322e-02
3.2459159625374490e+01,7.3842490092685106e-02
3.2459585181881067e+01,7.3843656868723878e-02
3.2460007930021945e+01,7.3844815944765260e-02
3.2460427878623499e+01,7.3845967345011504e-02
3.2460845036352261e+01,7.3847111093226489e-02
3.2461259411714948e+01,7.3848247212735710e-02
3.2461671017980095e+01,7.3849375739924547e-02
3.2462079873162800e+01,7.3850496724196427e-02
3.2462485987721415e+01,7.3851610194229353e-02
3.2462889371923339e+01,7.3852716178177569e-02
3.2463290035991946e+01,7.3853814704074511e-02
3.2463687990106550e+01,7.3854905799832726e-02
3.2464083244402417e+01,7.3855989493243956e-02
3.2464475808970782e+01,7.3857065811979067e-02
3.2464865693858812e+01,7.3858134783588117e-02
3.2465252909069655e+01,7.3859196435500277e-02
3.2465637464562384e+01,7.3860250795023896e-02
3.2466019370252049e+01,7.3861297889346478e-02
3.2466398636009650e+01,7.3862337745534690e-02
3.2466775271662129e+01,7.3863370390534325e-02
3.2467149286992395e+01,7.3864395851170370e-02
3.2467520691739310e+01,7.3865414154146936e-02
3.2467889495597674e+01,7.3866425326047286e-02
3.2468255708218273e+01,7.3867429393333878e-02
3.2468619340598948e+01,7.3868426386162520e-02
3.2468980412537476e+01,7.3869416358816525e-02
3.2469338937369628e+01,7.3870399347861632e-02
3.2469694926802397e+01,7.3871375385397745e-02
3.2470048392608440e+01,7.3872344503704696e-02
3.2470399346626081e+01,7.3873306735242270e-02
3.2470747800759298e+01,7.3874262112650177e-02
3.2471093766977724e+01,7.3875210668748123e-02
3.2471437257316659e+01,7.3876152436535711e-02
3.2471778283877050e+01,7.3877087449192483e-02
3.2472116858825515e+01,7.3878015740077962e-02
3.2472452994394331e+01,7.3878937342731599e-02
3.2472786702881429e+01,7.3879852290872794e-02
3.2473117996650394e+01,7.3880760618400862e-02
3.2473446888130482e+01,7.3881662359395098e-02
3.2473773389816600e+01,7.3882557548114736e-02
3.2474097514269317e+01,7.3883446218998935e-02
3.2474419274114865e+01,7.3884328406666810e-02
3.2474738682073806e+01,7.3885204145996072e-02
3.2475055755453063e+01,7.3886073484440887e-02
3.2475370511243653e+01,7.3886936468589057e-02
3.2475682963644708e+01,7.3887793137372454e-02
3.2475993126986644e+01,7.3888643530082829e-02
3.2476301015731131e+01,7.3889487686371783e-02
3.2476606644471133e+01,7.3890325646250810e-02
3.2476910027930884e+01,7.3891157450091297e-02
3.2477211180965888e+01,7.3891983138624467e-02
3.2477510118562932e+01,7.3892802752941453e-02
3.2477806855840072e+01,7.3893616334493262e-02
3.2478101408046648e+01,7.3894423925090741e-02
3.2478393790563274e+01,7.3895225566904657e-02
3.2478684018901824e+01,7.3896021302465628e-02
3.2478972108705470e+01,7.3896811174664151e-02
3.2479258075748646e+01,7.3897595226750601e-02
3.2479541935937064e+01,7.3898373502335232e-02
3.2479823705307716e+01,7.3899146045388164e-02
3.2480103400028860e+01,7.3899912900239395e-02
3.2480381035334922e+01,7.3900674108659040e-02
3.2480656624309390e+01,7.3901429706520805e-02
3.2480930182628249e+01,7.3902179736805254e-02
3.2481201726235334e+01,7.3902924243227211e-02
3.2481471271169326e+01,7.3903663269761527e-02
3.2481738833563796e+01,7.3904396860643137e-02
3.2482004429647162e+01,7.3905125060367061e-02
3.2482268075742745e+01,7.3905847913688386e-02
3.2482529788268685e+01,7.3906565465622270e-02
3.2482789583738040e+01,7.3907277761443943e-02
3.2483047478758706e+01,7.3907984846688715e-02
3.2483303490033457e+01,7.3908686767151968e-02
3.2483557634359940e+01,7.3909383568889153e-02
3.2483809928630649e+01,7.3910075298215805e-02
3.2484060389832983e+01,7.3910762001707528e-02
3.2484309035049179e+01,7.3911443726199982e-02
3.2484555881456359e+01,7.3912120518788926e-02
3.2484800946326502e+01,7.3912792426830187e-02
3.2485044220326010e+01,7.3913459424823302e-02
3.2485285770730371e+01,7.3914121697024840e-02
3.2485525578850023e+01,7.3914779192304284e-02
3.2485763660636614e+01,7.3915431954397148e-02
3.2486000032041773e+01,7.3916080027038991e-02
3.2486234709017154e+01,7.3916723453965369e-02
3.2486467707514393e+01,7.3917362278911811e-02
3.2486699043485117e+01,7.3917996545613873e-02
3.2486928732880976e+01,7.3918626297807100e-02
3.2487156791653611e+01,7.3919251579227033e-02
3.2487383235754656e+01,7.3919872433609229e-02
3.2487608081135754e+01,7.3920488904689219e-02
3.2487831343748546e+01,7.3921101036202572e-02
3.2488053039544660e+01,7.3921708871884803e-02
3.2488273184475752e+01,7.3922312455471484e-02
3.2488491794493449e+01,7.3922911830698157e-02
3.2488708885549393e+01,7.3923507041300351e-02
3.2488924473595226e+01,7.3924098131013638e-02
3.2489138574582590e+01,7.3924685143573546e-02
3.2489351198542103e+01,7.3925268106482075e-02
3.2489562353256098e+01,7.3925847041077075e-02
3.2489772053275118e+01,7.3926421987252730e-02
3.2489980313168459e+01,7.3926992984954629e-02
3.2490187147505409e+01,7.3927560074128387e-02
3.2490392570855278e+01,7.3928123294719580e-02
3.2490596597787352e+01,7.3928682686673811e-02
3.2490799242870928e+01,7.3929238289936666e-02
3.2491000520675300e+01,7.3929790144453750e-02
3.2491200445769763e+01,7.3930338290170636e-02
3.2491399032723621e+01,7.3930882767032927e-02
3.2491596296106152e+01,7.3931423614986225e-02
3.2491792250486668e+01,7.3931960873976119e-02
3.2491986910434463e+01,7.3932494583948211e-02
3.2492180290518817e+01,7.3933024784848062e-02
3.2492372405309041e+01,7.3933551516621301e-02
3.2492563269374429e+01,7.3934074819213505e-02
3.2492752897284269e+01,7.3934594732570275e-02
3.2492941302121842e+01,7.3935111292562861e-02
3.2493128485439101e+01,7.3935624503446151e-02
3.2493314457039702e+01,7.3936134392099423e-02
3.2493499229346384e+01,7.3936640992582875e-02
3.2493682814781884e+01,7.3937144338956706e-02
3.2493865225768950e+01,7.3937644465281144e-02
3.2494046474730318e+01,7.3938141405616387e-02
3.2494226574088714e+01,7.3938635194022620e-02
3.2494405536266889e+01,7.3939125864560071e-02
3.2494583373687576e+01,7.3939613451288938e-02
3.2494760098773519e+01,7.3940097988269421e-02
3.2494935723947449e+01,7.3940579509561732e-02
3.2495110261632107e+01,7.3941058049226058e-02
3.2495283724250228e+01,7.3941533641322638e-02
3.2495456124224560e+01,7.3942006319911643e-02
3.2495627473319352e+01,7.3942476117247871e-02
3.2495797774198337e+01,7.3942943040634437e-02
3.2495967034732949e+01,7.3943407111652856e-02
3.2496135265658687e+01,7.3943868359737236e-02
3.2496302477711041e+01,7.3944326814321754e-02
3.2496468681625494e+01,7.3944782504840517e-02
3.2496633888137552e+01,7.3945235460727662e-02
3.2496798107982691e+01,7.3945685711417353e-02
3.2496961351896417e+01,7.3946133286343696e-02
3.2497123630614212e+01,7.3946578214940828e-02
3.2497284954871567e+01,7.3947020526642912e-02
3.2497445335403981e+01,7.3947460250884056e-02
3.2497604782946944e+01,7.3947897417098410e-02
3.2497763308235939e+01,7.3948332054720123e-02
3.2497920922006472e+01,7.3948764193183303e-02
3.2498077634701751e+01,7.3949193861120768e-02
3.2498233448136880e+01,7.3949621063508969e-02
3.2498388367618624e+01,7.3950045814897683e-02
3.2498542402212358e+01,7.3950468140142001e-02
3.2498695560983478e+01,7.3950888064097026e-02
3.2498847852997365e+01,7.3951305611617821e-02
3.2498999287319407e+01,7.3951720807559504e-02
3.2499149873014993e+01,7.3952133676777138e-02
3.2499299619149504e+01,7.3952544244125812e-02
3.2499448534788328e+01,7.3952952534460631e-02
3.2499596628996848e+01,7.3953358572636671e-02
3.2499743910840458e+01,7.3953762383509022e-02
3.2499890389384547e+01,7.3954163991932775e-02
3.2500036073694488e+01,7.3954563422763020e-02
3.2500180972835672e+01,7.3954960700854833e-02
3.2500324890646695e+01,7.3955355288379515e-02
3.2500468289034394e+01,7.3955748451777326e-02
3.2500610907164805e+01,7.3956139475902585e-02
3.2500752753946614e+01,7.3956528385180714e-02
3.2500893838191132e+01,7.3956915203770221e-02
3.2501034168612300e+01,7.3957299955562592e-02
3.2501173753826684e+01,7.3957682664182359e-02
3.2501312602353472e+01,7.3958063352987075e-02
3.2501450722614493e+01,7.3958442045067310e-02
3.2501588122934187e+01,7.3958818763246670e-02
3.2501724811539624e+01,7.3959193530081804e-02
3.2501860796560514e+01,7.3959566367862342e-02
3.2501996086029173e+01,7.3959937298610987e-02
3.2502130687880566e+01,7.3960306344083446e-02
3.2502264609952263e+01,7.3960673525768433e-02
3.2502397859984427e+01,7.3961038864887557e-02
3.2502530442451508e+01,7.3961402373708698e-02
3.2502662361189245e+01,7.3961764062748472e-02
3.2502793622725655e+01,7.3962123949905090e-02
3.2502924233450372e+01,7.3962482052697398e-02
3.2503054199614674e+01,7.3962838388264854e-02
3.2503183527331487e+01,7.3963192973367564e-02
3.2503312222575353e+01,7.3963545824386287e-02
3.2503440291182450e+01,7.3963896957322375e-02
3.2503567738850599e+01,7.3964246387797833e-02
3.2503694571139249e+01,7.3964594131055328e-02
3.2503820793469487e+01,7.3964940201958124e-02
3.2503946411124041e+01,7.3965284614990134e-02
3.2504071429247254e+01,7.3965627384255911e-02
3.2504195852845115e+01,7.3965968523480627e-02
3.2504319686785259e+01,7.3966308046010107e-02
3.2504442935796938e+01,7.3966645964810784e-02
3.2504565604471047e+01,7.3966982292469771e-02
3.2504687697260110e+01,7.3967317041194761e-02
3.2504809218478286e+01,7.3967650222814110e-02
3.2504930172301378e+01,7.3967981848776815e-02
3.2505050562782706e+01,7.3968311930196068e-02
3.2505170398440548e+01,7.3968640490426951e-02
3.2505289687479483e+01,7.3968967551964415e-02
3.2505408434730143e+01,7.3969293128052907e-02
3.2505526644938506e+01,7.3969617231704698e-02
3.2505644322765868e+01,7.3969939875699928e-02
3.2505761472788869e+01,7.3970261072586585e-02
3.2505878099499448e+01,7.3970580834680486e-02
3.2505994207304894e+01,7.3970899174065310e-02
3.2506109800527817e+01,7.3971216102592566e-02
3.2506224883406148e+01,7.3971531631881637e-02
3.2506339460093152e+01,7.3971845773319722e-02
3.2506453534657417e+01,7.3972158538061897e-02
3.2506567111082852e+01,7.3972469937031049e-02
3.2506680193268714e+01,7.3972779980917960e-02
3.2506792785029560e+01,7.3973088680181209e-02
3.2506904890095292e+01,7.3973396045047241e-02
3.2507016512111129e+01,7.3973702085510379e-02
3.2507127654637628e+01,7.3974006811332732e-02
3.2507238321150666e+01,7.3974310232044316e-02
3.2507348515041450e+01,7.3974612356942943e-02
3.2507458239654213e+01,7.3974913195197708e-02
3.2507567501404942e+01,7.3975212764399667e-02
3.2507676306000718e+01,7.3975511080196246e-02
3.2507784657262299e+01,7.3975808153063025e-02
3.2507892558959831e+01,7.3976103993336803e-02
3.2508000014812822e+01,7.3976398611215549e-02
3.2508107028490159e+01,7.3976692016758466e-02
3.2508213603610109e+01,7.3976984219885911e-02
3.2508319743740309e+01,7.3977275230379475e-02
3.2508425452397773e+01,7.3977565057881958e-02
3.2508530733048893e+01,7.3977853711897315e-02
3.2508635589109439e+01,7.3978141201790734e-02
3.2508740023944540e+01,7.3978427536788599e-02
3.2508844040868716e+01,7.3978712725978488e-02
3.2508947643145859e+01,7.3978996778309186e-02
3.2509050833989242e+01,7.3979279702590661e-02
3.2509153616561491e+01,7.3979561507494088e-02
3.2509255993974634e+01,7.3979842201551863e-02
3.2509357969290058e+01,7.3980121793157536e-02
3.2509459545518538e+01,7.3980400290565893e-02
3.2509560725620204e+01,7.3980677701892900e-02
3.2509661512533071e+01,7.3980954035193849e-02
3.2509761910290351e+01,7.3981229301526827e-02
3.2509861922501365e+01,7.3981503510787694e-02
3.2509961552187775e+01,7.3981776671261087e-02
3.2510060802332283e+01,7.3982048791124869e-02
3.2510159675878640e+01,7.3982319878450040e-02
3.2510258175731650e+01,7.3982589941200855e-02
3.2510356304757146e+01,7.3982858987234737e-02
3.2510454065782028e+01,7.3983127024302320e-02
3.2510551461594211e+01,7.3983394060047405e-02
3.2510648494942693e+01,7.3983660102007021e-02
3.2510745168537490e+01,7.3983925157611388e-02
3.2510841485049667e+01,7.3984189234183900e-02
3.2510937447111353e+01,7.3984452338941187e-02
3.2511033057315700e+01,7.3984714478993047e-02
3.2511128318216919e+01,7.3984975661342475e-02
3.2511223232330266e+01,7.3985235892885665e-02
3.2511317802132034e+01,7.3985495180412031e-02
3.2511412030059574e+01,7.3985753530604159e-02
3.2511505918511276e+01,7.3986010950037845e-02
3.2511599469846566e+01,7.3986267445182052e-02
3.2511692672106904e+01,7.3986522983249342e-02
3.2511785560361865e+01,7.3986777660391981e-02
3.2511878119406397e+01,7.3987031434921358e-02
3.2511970351742285e+01,7.3987284313696777e-02
3.2512062259833371e+01,7.3987536303473489e-02
3.2512153846106024e+01,7.3987787410903963e-02
3.2512245112949557e+01,7.3988037642539126e-02
3.2512336062716713e+01,7.3988287004829609e-02
3.2512426697724102e+01,7.3988535504126957e-02
3.2512517020252638e+01,7.3988783146684903e-02
3.2512607032548019e+01,7.3989029938660605e-02
3.2512696736821177e+01,7.3989275886115841e-02
3.2512786135248710e+01,7.3989520995018307e-02
3.2512875229973332e+01,7.3989765271242847e-02
3.2512964023104360e+01,7.3990008720572625e-02
3.2513052516718140e+01,7.3990251348700478e-02
3.2513140712858480e+01,7.3990493161230061e-02
3.2513228613537159e+01,7.3990734163677116e-02
3.2513316220734325e+01,7.3990974361470729e-02
3.2513403536398975e+01,7.3991213759954572e-02
3.2513490562449384e+01,7.3991452364388102e-02
3.2513577300819669e+01,7.3991690180074149e-02
3.2513663754129013e+01,7.3991927214193884e-02
3.2513749924575677e+01,7.3992163472774389e-02
3.2513835814096147e+01,7.3992398961125028e-02
3.2513921424605634e+01,7.3992633684496809e-02
3.2514006757998644e+01,7.3992867648084021e-02
3.2514091816149595e+01,7.3993100857025859e-02
3.2514176600913437e+01,7.3993333316408130e-02
3.2514261114126249e+01,7.3993565031264877e-02
3.2514345357605805e+01,7.3993796006580029e-02
3.2514429333152250e+01,7.3994026247289096e-02
3.2514513042548643e+01,7.3994255758280794e-02
3.2514596487561576e+01,7.3994484544398692e-02
3.2514679669941806e+01,7.3994712610442923e-02
3.2514762591424827e+01,7.3994939961171763e-02
3.2514845253731487e+01,7.3995166601303369e-02
3.2514927658568581e+01,7.3995392535517360e-02
3.2515009807629490e+01,7.3995617768456520e-02
3.2515091702594731e+01,7.3995842304728457e-02
3.2515173345132609e+01,7.3996066148907233e-02
3.2515254736899799e+01,7.3996289305535021e-02
3.2515335879541958e+01,7.3996511779123794e-02
3.2515416774694302e+01,7.3996733574156967e-02
3.2515497423982268e+01,7.3996954695091016e-02
3.2515577829022050e+01,7.3997175146357203e-02
3.2515657991421264e+01,7.3997394932363153e-02
3.2515737912779507e+01,7.3997614057494610e-02
3.2515817594688983e+01,7.3997832526116969e-02
3.2515897038735112e+01,7.3998050342577074e-02
3.2515976246497111e+01,7.3998267511204738e-02
3.2516055219460561e+01,7.3998484036073078e-02
3.2516133958562762e+01,7.3998699919751901e-02
3.2516212465159882e+01,7.3998915165959495e-02
3.2516290740705912e+01,7.3999129778682352e-02
3.2516368786646133e+01,7.3999343761883024e-02
3.2516446604417567e+01,7.3999557119501527e-02
3.2516524195449506e+01,7.3999769855456601e-02
3.2516601561163974e+01,7.3999981973647086e-02
3.2516678702976236e+01,7.4000193477953280e-02
3.2516755622295264e+01,7.4000404372238218e-02
3.2516832320524209e+01,7.4000614660349032e-02
3.2516908799060950e+01,7.4000824346118307e-02
3.2516985059298499e+01,7.4001033433365379e-02
3.2517061102625547e+01,7.4001241925897673e-02
3.2517136930426929e+01,7.4001449827512084e-02
3.2517212544084117e+01,7.4001657141996233e-02
3.2517287944975699e+01,7.4001863873129875e-02
3.2517363134477861e+01,7.4002070024686187e-02
3.2517438113964900e+01,7.4002275600433126e-02
3.2517512884809676e+01,7.4002480604134738e-02
3.2517587448384120e+01,7.4002685039552527e-02
3.2517661806059714e+01,7.4002888910446762e-02
3.2517735959207990e+01,7.4003092220577826e-02
3.2517809909200984e+01,7.4003294973707529e-02
3.2517883657411772e+01,7.4003497173600469e-02
3.2517957205214913e+01,7.4003698824025341e-02
3.2518030553986947e+01,7.4003899928756306e-02
3.2518103705106888e+01,7.4004100491574284e-02
3.2518176659956730e+01,7.4004300516268329e-02
3.2518249419921879e+01,7.4004500006636914e-02
3.2518321985961300e+01,7.4004698965309271e-02
3.2518394357821300e+01,7.4004897391589788e-02
3.2518466536503539e+01,7.4005095288224812e-02
3.2518538523130744e+01,7.4005292658292560e-02
3.2518610318816926e+01,7.4005489504847394e-02
3.2518681924667575e+01,7.4005685830920265e-02
3.2518753341779814e+01,7.4005881639519225e-02
3.2518824571242604e+01,7.4006076933629941e-02
3.2518895614136909e+01,7.4006271716216127e-02
3.2518966471535869e+01,7.4006465990220080e-02
3.2519037144504999e+01,7.4006659758563173e-02
3.2519107634102348e+01,7.4006853024146294e-02
3.2519177941378679e+01,7.4007045789850415e-02
3.2519248067377667e+01,7.4007238058537012e-02
3.2519318013136058e+01,7.4007429833048574e-02
3.2519387779683854e+01,7.4007621116209135e-02
3.2519457368044492e+01,7.4007811910824686e-02
3.2519526779235029e+01,7.4008002219683733e-02
3.2519596014266305e+01,7.4008192045557780e-02
3.2519665074143134e+01,7.4008381391201750e-02
3.2519733959864496e+01,7.4008570259354589e-02
3.2519802672423666e+01,7.4008758652739648e-02
3.2519871212808461e+01,7.4008946574065246e-02
3.2519939582001356e+01,7.4009134026025103e-02
3.2520007780979718e+01,7.4009321011298895e-02
3.2520075810715937e+01,7.4009507532552699e-02
3.2520143672177639e+01,7.4009693592439460e-02
3.2520211366327842e+01,7.4009879193599581e-02
3.2520278894125141e+01,7.4010064338661280e-02
3.2520346256523901e+01,7.4010249030241185e-02
3.2520413454325237e+01,7.4010433270535719e-02
3.2520480488148465e+01,7.4010617061242956e-02
3.2520547358870587e+01,7.4010800404767374e-02
3.2520614067369792e+01,7.4010983303516742e-02
3.2520680614517758e+01,7.4011165759881037e-02
3.2520747001179807e+01,7.4011347776232694e-02
3.2520813228214976e+01,7.4011529354926997e-02
3.2520879296476139e+01,7.4011710498302338e-02
3.2520945206810147e+01,7.4011891208680541e-02
3.2521010960057900e+01,7.4012071488367165e-02
3.2521076557054492e+01,7.4012251339651808e-02
3.2521141998629304e+01,7.4012430764808457e-02
3.2521207285606124e+01,7.4012609766095708e-02
3.2521272418803257e+01,7.4012788345757183e-02
3.2521337399033655e+01,7.4012966506021738e-02
3.2521402227104986e+01,7.4013144249103852e-02
3.2521466903819807e+01,7.4013321577203903e-02
3.2521531429975610e+01,7.4013498492508434e-02
3.2521595806365006e+01,7.4013674997190568e-02
3.2521660033775767e+01,7.4013851093410202e-02
3.2521724112990988e+01,7.4014026783314368e-02
3.2521788044789190e+01,7.4014202069037582e-02
3.2521851829944403e+01,7.4014376952702063e-02
3.2521915469226329e+01,7.4014551436418122e-02
3.2521978963400414e+01,7.4014725522284400e-02
3.2522042313227963e+01,7.4014899212388255e-02
3.2522105519466287e+01,7.4015072508806012e-02
3.2522168582868780e+01,7.4015245413603284e-02
3.2522231504185029e+01,7.4015417928835286e-02
3.2522294284160971e+01,7.4015590056547162e-02
3.2522356923416368e+01,7.4015761798438148e-02
3.2522419422537517e+01,7.4015933156115737e-02
3.2522481782227352e+01,7.4016104131507193e-02
3.2522544003183896e+01,7.4016274726526318e-02
3.2522606086100303e+01,7.4016444943073578e-02
3.2522668031664921e+01,7.4016614783036214e-02
3.2522729840561361e+01,7.4016784248288572e-02
3.2522791513468604e+01,7.4016953340692221e-02
3.2522853051061034e+01,7.4017122062096166e-02
3.2522914454008564e+01,7.4017290414337106e-02
3.2522975722976661e+01,7.4017458399239622e-02
3.2523036858626440e+01,7.4017626018616334e-02
3.2523097861614772e+01,7.4017793274268176e-02
3.2523158732594304e+01,7.4017960167984578e-02
3.2523219472213576e+01,7.4018126701543674e-02
3.2523280081117072e+01,7.4018292876712480e-02
3.2523340559945332e+01,7.4018458695247147e-02
3.2523400909334967e+01,7.4018624158893181e-02
3.2523461129918793e+01,7.4018789269385571e-02
3.2523521222325890e+01,7.4018954028449074e-02
3.2523581187181648e+01,7.4019118437798376e-02
3.2523641025107878e+01,7.4019282499138347e-02
3.2523700736722880e+01,7.4019446214164203e-02
3.2523760322641515e+01,7.4019609584561705e-02
3.2523819783475275e+01,7.4019772612007428e-02
3.2523879119832358e+01,7.4019935298168929e-02
3.2523938332317762e+01,7.4020097644704935e-02
3.2523997421533338e+01,7.4020259653265585e-02
3.2524056388077888e+01,7.4020421325492636e-02
3.2524115232545419e+01,7.4020582663014714e-02
3.2524173955425731e+01,7.4020743667174690e-02
3.2524232557234612e+01,7.4020904339386795e-02
3.2524291038538394e+01,7.4021064681203730e-02
3.2524349399899620e+01,7.4021224694167831e-02
3.2524407641877083e+01,7.4021384379811220e-02
3.2524465765025909e+01,7.4021543739655873e-02
3.2524523769897584e+01,7.4021702775213846e-02
3.2524581657040031e+01,7.4021861487987381e-02
3.2524639426997624e+01,7.4022019879469048e-02
3.2524697080311270e+01,7.4022177951141882e-02
3.2524754617518468e+01,7.4022335704479553e-02
3.2524812039153339e+01,7.4022493140946471e-02
3.2524869345746680e+01,7.4022650261997974e-02
3.2524926537826019e+01,7.4022807069080432e-02
3.2524983615915694e+01,7.4022963563631403e-02
3.2525040580536853e+01,7.4023119747079771e-02
3.2525097432207552e+01,7.4023275620845930e-02
3.2525154171442793e+01,7.4023431186341859e-02
3.2525210798754557e+01,7.4023586444971298e-02
3.2525267314651892e+01,7.4023741398129908e-02
3.2525323719640916e+01,7.4023896047205398e-02
3.2525380014224936e+01,7.4024050393577637e-02
3.2525436198904437e+01,7.4024204438618874e-02
3.2525492274177168e+01,7.4024358183693795e-02
3.2525548240538185e+01,7.4024511630159717e-02
3.2525604098479896e+01,7.4024664779366742e-02
3.2525659848492140e+01,7.4024817632657822e-02
3.2525715491062208e+01,7.4024970191369027e-02
3.2525771026674903e+01,7.4025122456829559e-02
3.2525826455802957e+01,7.4025274430335561e-02
3.2525881778788055e+01,7.4025426112823797e-02
3.2525936996051207e+01,7.4025577505448595e-02
3.2525992108052549e+01,7.4025728609471542e-02
3.2526047115249504e+01,7.4025879426146760e-02
3.2526102018096793e+01,7.4026029956720987e-02
3.2526156817046498e+01,7.4026180202433706e-02
3.2526211512548095e+01,7.4026330164517304e-02
3.2526266105048514e+01,7.4026479844197121e-02
3.2526320594992171e+01,7.4026629242691655e-02
3.2526374982821025e+01,7.4026778361212631e-02
3.2526429268974610e+01,7.4026927200965167e-02
3.2526483453890101e+01,7.4027075763147848e-02
3.2526537538002330e+01,7.4027224048952914e-02
3.2526591521743846e+01,7.4027372059566290e-02
3.2526645405544976e+01,7.4027519796167812e-02
3.2526699189833842e+01,7.4027667259931304e-02
3.2526752875036422e+01,7.4027814452024693e-02
3.2526806461576598e+01,7.4027961373610118e-02
3.2526859949876176e+01,7.4028108025844142e-02
3.2526913340354980e+01,7.4028254409877758e-02
3.2526966633430852e+01,7.4028400526856580e-02
3.2527019829519702e+01,7.4028546377920973e-02
3.2527072929035576e+01,7.4028691964206139e-02
3.2527125932390703e+01,7.4028837286842258e-02
3.2527178839995500e+01,7.4028982346954653e-02
3.2527231652258656e+01,7.4029127145663814e-02
3.2527284369587164e+01,7.4029271684085629e-02
3.2527336992386374e+01,7.4029415963331457e-02
3.2527389521060016e+01,7.4029559984508234e-02
3.2527441956010271e+01,7.4029703748718631e-02
3.2527494297637801e+01,7.4029847257061174e-02
3.2527546546341803e+01,7.4029990510630347e-02
3.2527598702520052e+01,7.4030133510516752e-02
3.2527650766568925e+01,7.4030276257807184e-02
3.2527702738883491e+01,7.4030418753584792e-02
3.2527754619857511e+01,7.4030560998929185e-02
3.2527806409883517e+01,7.4030702994916570e-02
3.2527858109352827e+01,7.4030844742619853e-02
3.2527909718655614e+01,7.4030986243108818e-02
3.2527961238180950e+01,7.4031127497450180e-02
3.2528012668316826e+01,7.4031268506707715e-02
3.2528064009450240e+01,7.4031409271942461e-02
3.2528115261967187e+01,7.4031549794212767e-02
3.2528166426252767e+01,7.4031690074574427e-02
3.2528217502691170e+01,7.4031830114080821e-02
3.2528268491665770e+01,7.4031969913783052e-02
3.2528319393559130e+01,7.4032109474730032e-02
3.2528370208540132e+01,7.4032248797384764e-02
3.2528420936706944e+01,7.4032387882016451e-02
3.2528471578401877e+01,7.4032526729563577e-02
3.2528522133965943e+01,7.4032665340961132e-02
3.2528572603738326e+01,7.4032803717139065e-02
3.2528622988056362e+01,7.4032941859022289e-02
3.2528673287255607e+01,7.4033079767530804e-02
3.2528723501669852e+01,7.4033217443579741e-02
3.2528773631631125e+01,7.4033354888079508e-02
3.2528823677469767e+01,7.4033492101935758e-02
3.2528873639514401e+01,7.4033629086049560e-02
3.2528923518092036e+01,7.4033765841317406e-02
3.2528973313528006e+01,7.4033902368631360e-02
3.2529023026146078e+01,7.4034038668879046e-02
3.2529072656268418e+01,7.4034174742943812e-02
3.2529122204215660e+01,7.4034310591704747e-02
3.2529171670306923e+01,7.4034446216036776e-02
3.2529221054859818e+01,7.4034581616810730e-02
3.2529270358190509e+01,7.4034716794893443e-02
3.2529319580613723e+01,7.4034851751147795e-02
3.2529368722442769e+01,7.4034986486432836e-02
3.2529417783989572e+01,7.4035121001603796e-02
3.2529466765564734e+01,7.4035255297512231e-02
3.2529515667477504e+01,7.4035389375006033e-02
3.2529564490035838e+01,7.4035523234929568e-02
3.2529613233546435e+01,7.4035656878123704e-02
3.2529661898314750e+01,7.4035790305425925e-02
3.2529710484645015e+01,7.4035923517670355e-02
3.2529758992840293e+01,7.4036056515687926e-02
3.2529807423202463e+01,7.4036189300306338e-02
3.2529855776032306e+01,7.4036321872350222e-02
3.2529904051629487e+01,7.4036454232641186e-02
3.2529952250292588e+01,7.4036586381997879e-02
3.2530000372319151e+01,7.4036718321236095e-02
3.2530048418005705e+01,7.4036850051168834e-02
3.2530096387647781e+01,7.4036981572606381e-02
3.2530144281539954e+01,7.4037112886356365e-02
3.2530192099975856e+01,7.4037243993223853e-02
3.2530239843248211e+01,7.4037374894011465e-02
3.2530287511648879e+01,7.4037505589519340e-02
3.2530335105468843e+01,7.4037636080545324e-02
3.2530382624998282e+01,7.4037766367885019e-02
3.2530430070526570e+01,7.4037896452331803e-02
3.2530477442342317e+01,7.4038026334676960e-02
3.2530524740733384e+01,7.4038156015709761e-02
3.2530571965986930e+01,7.4038285496217507e-02
3.2530619118389417e+01,7.4038414776985625e-02
3.2530666198179574e+01,7.4038543858668635e-02
3.2530713205422117e+01,7.4038672741443948e-02
3.2530760140354253e+01,7.4038801425961975e-02
3.2530807003236767e+01,7.4038929912937701e-02
3.2530853794329097e+01,7.4039058203082445e-02
3.2530900513889407e+01,7.4039186297104001e-02
3.2530947162174542e+01,7.4039314195706613e-02
3.2530993739440099e+01,7.4039441899591038e-02
3.2531040245940417e+01,7.4039569409454636e-02
3.2531086681928592e+01,7.4039696725991311e-02
3.2531133047656525e+01,7.4039823849891703e-02
3.2531179343374880e+01,7.4039950781843125e-02
3.2531225569333174e+01,7.4040077522529626e-02
3.2531271725779732e+01,7.4040204072632093e-02
3.2531317812961753e+01,7.4040330432828247e-02
3.2531363831125276e+01,7.4040456603792715e-02
3.2531409780515254e+01,7.4040582586197057e-02
3.2531455661375524e+01,7.4040708380709835e-02
3.2531501473948857e+01,7.4040833987996657e-02
3.2531547218476945e+01,7.4040959408720186e-02
3.2531592895200447e+01,7.4041084643540242e-02
3.2531638504358995e+01,7.4041209693113855e-02
3.2531684046191209e+01,7.4041334558095223e-02
3.2531729520934704e+01,7.4041459239135882e-02
3.2531774928826131e+01,7.4041583736884631e-02
3.2531820270101178e+01,7.4041708051987690e-02
3.2531865544994602e+01,7.4041832185088668e-02
3.2531910753740213e+01,7.4041956136828652e-02
3.2531955896570935e+01,7.4042079907846253e-02
3.2532000973718787e+01,7.4042203498777603e-02
3.2532045985414932e+01,7.4042326910256487e-02
3.2532090931889655e+01,7.4042450142914315e-02
3.2532135813372435e+01,7.4042573197380224e-02
3.2532180630091887e+01,7.4042696074281059e-02
3.2532225382275861e+01,7.4042818774241501e-02
3.2532270070151405e+01,7.4042941297884080e-02
3.2532314693944805e+01,7.4043063645829174e-02
3.2532359253881573e+01,7.4043185818695137e-02
3.2532403750186518e+01,7.4043307817098294e-02
3.2532448183083709e+01,7.4043429641653002e-02
3.2532492552796519e+01,7.4043551292971729e-02
3.2532536859547655e+01,7.4043672771665028e-02
3.2532581103559131e+01,7.4043794078341635e-02
3.2532625285052340e+01,7.4043915213608535e-02
3.2532669404248018e+01,7.4044036178070968e-02
3.2532713461366313e+01,7.4044156972332492e-02
3.2532757456626754e+01,7.4044277596995015e-02
3.2532801390244863e+01,7.4044398052649452e-02
3.2532845262325530e+01,7.4044518339583351e-02
3.2532889073021849e+01,7.4044638458216488e-02
3.2532932822537532e+01,7.4044758409107403e-02
3.2532976511075347e+01,7.4044878192811997e-02
3.2533020138837088e+01,7.4044997809883550e-02
3.2533063706023597e+01,7.4045117260872734e-02
3.2533107212834793e+01,7.4045236546327692e-02
3.2533150659469676e+01,7.4045355666793988e-02
3.2533194046126319e+01,7.4045474622814730e-02
3.2533237373001903e+01,7.4045593414930527e-02
3.2533280640292723e+01,7.4045712043679546e-02
3.2533323848194179e+01,7.4045830509597579e-02
3.2533366996900824e+01,7.4045948813217993e-02
3.2533410086606338e+01,7.4046066955071821e-02
3.2533453117503562e+01,7.4046184935687792e-02
3.2533496089784492e+01,7.4046302755592319e-02
3.2533539003640314e+01,7.4046420415309566e-02
3.2533581859261389e+01,7.4046537915361477e-02
3.2533624656837283e+01,7.4046655256267802e-02
3.2533667396556773e+01,7.4046772438546071e-02
3.2533710078607839e+01,7.4046889462711749e-02
3.2533752703177719e+01,7.4047006329278145e-02
3.2533795270452877e+01,7.4047123038756504e-02
3.2533837780619024e+01,7.4047239591656003e-02
3.2533880233861147e+01,7.4047355988483846e-02
3.2533922630363499e+01,7.4047472229745198e-02
3.2533964970309633e+01,7.4047588315943297e-02
3.2534007253882379e+01,7.4047704247579463e-02
3.2534049481263892e+01,7.4047820025153074e-02
3.2534091652635638e+01,7.4047935649161692e-02
3.2534133768178414e+01,7.4048051120101016e-02
3.2534175828072364e+01,7.4048166438464944e-02
3.2534217832496978e+01,7.4048281604745581e-02
3.2534259781631107e+01,7.4048396619433313e-02
3.2534301675652983e+01,7.4048511483016805e-02
3.2534343514740215e+01,7.4048626195983028e-02
3.2534385299069811e+01,7.4048740758817289e-02
3.2534427028818200e+01,7.4048855172003283e-02
3.2534468704161213e+01,7.4048969436023113e-02
3.2534510325274113e+01,7.4049083551357323e-02
3.2534551892331599e+01,7.4049197518484891e-02
3.2534593405507842e+01,7.4049311337883325e-02
3.2534634864976447e+01,7.4049425010028633e-02
3.2534676270910516e+01,7.4049538535395407e-02
3.2534717623482621e+01,7.4049651914456796e-02
3.2534758922864839e+01,7.4049765147684590e-02
3.2534800169228738e+01,7.4049878235549205e-02
3.2534841362710175e+01,7.4049991178423064e-02
3.2534882503409783e+01,7.4050103976582182e-02
3.2534923591488202e+01,7.4050216630466917e-02
3.2534964627106760e+01,7.4050329140519622e-02
3.2535005610426076e+01,7.4050441507180639e-02
3.2535046541606050e+01,7.4050553730888424e-02
3.2535087420805887e+01,7.4050665812079447e-02
3.2535128248184094e+01,7.4050777751188304e-02
3.2535169023898497e+01,7.4050889548647705e-02
3.2535209748106233e+01,7.4051001204888486e-02
3.2535250420963763e+01,7.4051112720339637e-02
3.2535291042626895e+01,7.4051224095428317e-02
3.2535331613250769e+01,7.4051335330579907e-02
3.2535372132989878e+01,7.4051446426217971e-02
3.2535412601998061e+01,7.4051557382764310e-02
3.2535453020428534e+01,7.4051668200639006e-02
3.2535493388433871e+01,7.4051778880260377e-02
3.2535533706166035e+01,7.4051889422045047e-02
3.2535573973776366e+01,7.4051999826407977e-02
3.2535614191415590e+01,7.4052110093762433e-02
3.2535654359233853e+01,7.4052220224520043e-02
3.2535694477380687e+01,7.4052330219090801e-02
3.2535734546005052e+01,7.4052440077883100e-02
3.2535774565255316e+01,7.4052549801303755e-02
3.2535814535279279e+01,7.4052659389758010e-02
3.2535854456224186e+01,7.4052768843649544e-02
3.2535894328236722e+01,7.4052878163380520e-02
3.2535934151463003e+01,7.4052987349351604e-02
3.2535973926048634e+01,7.4053096401961963e-02
3.2536013652138656e+01,7.4053205321609278e-02
3.2536053329877603e+01,7.4053314108689816e-02
3.2536092959409473e+01,7.4053422763598400e-02
3.2536132540877752e+01,7.4053531286728438e-02
3.2536172074425437e+01,7.4053639678471964e-02
3.2536211560195007e+01,7.4053747939219636e-02
3.2536250998328448e+01,7.4053856069360754e-02
3.2536290388967274e+01,7.4053964069283301e-02
3.2536329732252518e+01,7.4054071939373953e-02
3.2536369028324735e+01,7.4054179680018095e-02
3.2536408277324028e+01,7.4054287291599824e-02
3.2536447479390034e+01,7.4054394774502028e-02
3.2536486634661948e+01,7.4054502129106317e-02
3.2536525743278524e+01,7.4054609355793125e-02
3.2536564805378077e+01,7.4054716454941688e-02
3.2536603821098502e+01,7.4054823426930066e-02
3.2536642790577275e+01,7.4054930272135194e-02
3.2536681713951452e+01,7.4055036990932827e-02
3.2536720591351205e+01,7.4055143583679900e-02
3.2536759422864790e+01,7.4055250050618360e-02
3.2536798208614314e+01,7.4055356392082994e-02
3.2536836948730198e+01,7.4055462608431419e-02
3.2536875643342327e+01,7.4055568700019711e-02
3.2536914292580043e+01,7.4055674667202503e-02
3.2536952896572153e+01,7.4055780510332944e-02
3.2536991455446930e+01,7.4055886229762738e-02
3.2537029969332124e+01,7.4055991825842146e-02
3.2537068438354964e+01,7.4056097298919987e-02
3.2537106862642162e+01,7.4056202649343705e-02
3.2537145242319930e+01,7.4056307877459301e-02
3.2537183577513964e+01,7.4056412983611417e-02
3.2537221868349462e+01,7.4056517968143318e-02
3.2537260114951124e+01,7.4056622831396912e-02
3.2537298317443167e+01,7.4056727573712747e-02
3.2537336475949317e+01,7.4056832195430064e-02
3.2537374590592819e+01,7.4056936696886760e-02
3.2537412661496440e+01,7.4057041078419442e-02
3.2537450688782485e+01,7.4057145340363437e-02
3.2537488672572785e+01,7.4057249483052770e-02
3.2537526612988707e+01,7.4057353506820231e-02
3.2537564510151185e+01,7.4057457411997332e-02
3.2537602364180664e+01,7.4057561198914365e-02
3.2537640175197183e+01,7.4057664867900400e-02
3.2537677943320311e+01,7.4057768419283285e-02
3.2537715668669193e+01,7.4057871853389690e-02
3.2537753351362539e+01,7.4057975170545090e-02
3.2537790991518641e+01,7.4058078371073782e-02
3.2537828589255355e+01,7.4058181455298952e-02
3.2537866144690135e+01,7.4058284423542578e-02
3.2537903657940014e+01,7.4058387276125570e-02
3.2537941129121627e+01,7.4058490013367687e-02
3.2537978558351206e+01,7.4058592635587617e-02
3.2538015945744569e+01,7.4058695143102926e-02
3.2538053291417171e+01,7.4058797536230125e-02
3.2538090595484064e+01,7.4058899815284684e-02
3.2538127858059916e+01,7.4059001980581005e-02
3.2538165079259024e+01,7.4059104032432432e-02
3.2538202259195316e+01,7.4059205971151343e-02
3.2538239397982352e+01,7.4059307797049084e-02
3.2538276495733328e+01,7.4059409510436006e-02
3.2538313552561071e+01,7.4059511111621484e-02
3.2538350568578082e+01,7.4059612600913940e-02
3.2538387543896498e+01,7.4059713978620823e-02
3.2538424478628109e+01,7.4059815245048663e-02
3.2538461372884392e+01,7.4059916400503051e-02
3.2538498226776184e+01,7.4060017445287923e-02
3.2538535040369624e+01,7.4060118379584594e-02
3.2538571813740120e+01,7.4060219203599828e-02
3.2538608546994020e+01,7.4060319917625170e-02
3.2538645240237258e+01,7.4060420521951109e-02
3.2538681893575394e+01,7.4060521016867054e-02
3.2538718507113607e+01,7.4060621402661356e-02
3.2538755080956683e+01,7.4060721679621327e-02
3.2538791615209036e+01,7.4060821848033254e-02
3.2538828109974709e+01,7.4060921908182378e-02
3.2538864565357372e+01,7.4061021860352946e-02
3.2538900981460330e+01,7.4061121704828217e-02
3.2538937358386541e+01,7.4061221441890424e-02
3.2538973696238592e+01,7.4061321071820882e-02
3.2539009995118725e+01,7.4061420594899882e-02
3.2539046255128831e+01,7.4061520011406812e-02
3.2539082476370460e+01,7.4061619321620087e-02
3.2539118658944830e+01,7.4061718525817222e-02
3.2539154802952815e+01,7.4061817624274773e-02
3.2539190908494966e+01,7.4061916617268450e-02
3.2539226975671504e+01,7.4062015505072992e-02
3.2539263004582324e+01,7.4062114287962347e-02
3.2539298995327009e+01,7.4062212966209504e-02
3.2539334948004829e+01,7.4062311540086648e-02
3.2539370862714748e+01,7.4062410009865118e-02
3.2539406739555410e+01,7.4062508375815378e-02
3.2539442578625177e+01,7.4062606638207087e-02
3.2539478380022111e+01,7.4062704797309128e-02
3.2539514143843967e+01,7.4062802853389523e-02
3.2539549870188232e+01,7.4062900806715543e-02
3.2539585559152101e+01,7.4062998657553669e-02
3.2539621210832479e+01,7.4063096406169607e-02
3.2539656825326013e+01,7.4063194052828352e-02
3.2539692402729074e+01,7.4063291597794081e-02
3.2539727943137763e+01,7.4063389041330321e-02
3.2539763446647918e+01,7.4063486383699834e-02
3.2539798913355128e+01,7.4063583625164658e-02
3.2539834343354705e+01,7.4063680765986198e-02
3.2539869736741750e+01,7.4063777806425091e-02
3.2539905093611075e+01,7.4063874746741393e-02
3.2539940414057284e+01,7.4063971587194410e-02
3.2539975698174729e+01,7.4064068328042867e-02
3.2540010946057535e+01,7.4064164969544821e-02
3.2540046157799594e+01,7.4064261511957691e-02
3.2540081333494570e+01,7.4064357955538312e-02
3.2540116473235926e+01,7.4064454300542884e-02
3.2540151577116880e+01,7.4064550547227048e-02
3.2540186645230470e+01,7.4064646695845851e-02
3.2540221677669500e+01,7.4064742746653756e-02
3.2540256674526589e+01,7.4064838699904698e-02
3.2540291635894150e+01,7.4064934555852030e-02
3.2540326561864397e+01,7.4065030314748620e-02
3.2540361452529361e+01,7.4065125976846780e-02
3.2540396307980892e+01,7.4065221542398307e-02
3.2540431128310651e+01,7.4065317011654544e-02
3.2540465913610106e+01,7.4065412384866289e-02
3.2540500663970590e+01,7.4065507662283897e-02
3.2540535379483224e+01,7.4065602844157266e-02
3.2540570060238998e+01,7.4065697930735822e-02
3.2540604706328729e+01,7.4065792922268572e-02
3.2540639317843066e+01,7.4065887819004070e-02
3.2540673894872526e+01,7.4065982621190490e-02
3.2540708437507462e+01,7.4066077329075539e-02
3.2540742945838097e+01,7.4066171942906600e-02
3.2540777419954509e+01,7.4066266462930630e-02
3.2540811859946636e+01,7.4066360889394223e-02
3.2540846265904293e+01,7.4066455222543640e-02
3.2540880637917155e+01,7.4066549462624753e-02
3.2540914976074795e+01,7.4066643609883132e-02
3.2540949280466656e+01,7.4066737664563995e-02
3.2540983551182066e+01,7.4066831626912286e-02
3.2541017788310242e+01,7.4066925497172614e-02
3.2541051991940307e+01,7.4067019275589299e-02
3.2541086162161271e+01,7.4067112962406437e-02
3.2541120299062051e+01,7.4067206557867776e-02
3.2541154402731479e+01,7.4067300062216859e-02
3.2541188473215058e+01,7.4067393475578489e-02
3.2541222510465019e+01,7.4067486797821672e-02
3.2541256514551776e+01,7.4067580029139476e-02
3.2541290485554519e+01,7.4067673169749021e-02
3.2541324423552183e+01,7.4067766219866701e-02
3.2541358328623424e+01,7.4067859179708193e-02
3.2541392200846630e+01,7.4067952049488420e-02
3.2541426040299946e+01,7.4068044829421614e-02
3.2541459847061233e+01,7.4068137519721286e-02
3.2541493621208126e+01,7.4068230120600265e-02
3.2541527362817988e+01,7.4068322632270658e-02
3.2541561071967926e+01,7.4068415054943909e-02
3.2541594748734816e+01,7.4068507388830751e-02
3.2541628393195275e+01,7.4068599634141266e-02
3.2541662005425685e+01,7.4068691791084884e-02
3.2541695585502183e+01,7.4068783859870327e-02
3.2541729133500660e+01,7.4068875840705706e-02
3.2541762649496789e+01,7.4068967733798480e-02
3.2541796133566002e+01,7.4069059539355442e-02
3.2541829585783489e+01,7.4069151257582774e-02
3.2541863006224226e+01,7.4069242888686049e-02
3.2541896394962968e+01,7.4069334432870185e-02
3.2541929752074225e+01,7.4069425890339519e-02
3.2541963077632310e+01,7.4069517261297763e-02
3.2541996371711299e+01,7.4069608545948046e-02
3.2542029634385074e+01,7.4069699744492901e-02
3.2542062865727281e+01,7.4069790857134263e-02
3.2542096065811371e+01,7.4069881884073527e-02
3.2542129234710586e+01,7.4069972825511476e-02
3.2542162372497955e+01,7.4070063681648368e-02
3.2542195479246317e+01,7.4070154452683890e-02
3.2542228555028295e+01,7.4070245138817159e-02
3.2542261599916323e+01,7.4070335740246795e-02
3.2542294613982648e+01,7.4070426257170835e-02
3.2542327597299305e+01,7.4070516689786842e-02
3.2542360549938159e+01,7.4070607038291797e-02
3.2542393471970883e+01,7.4070697302882210e-02
3.2542426363468948e+01,7.4070787483754078e-02
3.2542459224503659e+01,7.4070877581102881e-02
3.2542492055146148e+01,7.4070967595123632e-02
3.2542524855467349e+01,7.4071057526010842e-02
3.2542557625538038e+01,7.4071147373958549e-02
3.2542590365428808e+01,7.4071237139160293e-02
3.2542623075210095e+01,7.4071326821809197e-02
3.2542655754952150e+01,7.4071416422097885e-02
3.2542688404725077e+01,7.4071505940218552e-02
3.2542721024598812e+01,7.4071595376362931e-02
3.2542753614643132e+01,7.4071684730722342e-02
3.2542786174927642e+01,7.4071774003487661e-02
3.2542818705521825e+01,7.4071863194849333e-02
3.2542851206494973e+01,7.4071952304997399e-02
3.2542883677916265e+01,7.4072041334121499e-02
3.2542916119854716e+01,7.4072130282410831e-02
3.2542948532379192e+01,7.4072219150054255e-02
3.2542980915558424e+01,7.4072307937240192e-02
3.2543013269460999e+01,7.4072396644156713e-02
3.2543045594155387e+01,7.4072485270991487e-02
3.2543077889709892e+01,7.4072573817931850e-02
3.2543110156192711e+01,7.4072662285164764e-02
3.2543142393671907e+01,7.4072750672876816e-02
3.2543174602215402e+01,7.4072838981254274e-02
3.2543206781891023e+01,7.4072927210483044e-02
3.2543238932766442e+01,7.4073015360748728e-02
3.2543271054909233e+01,7.4073103432236581e-02
3.2543303148386862e+01,7.4073191425131524e-02
3.2543335213266651e+01,7.4073279339618214e-02
3.2543367249615841e+01,7.4073367175880964e-02
3.2543399257501541e+01,7.4073454934103791e-02
3.2543431236990777e+01,7.4073542614470439e-02
3.2543463188150447e+01,7.4073630217164357e-02
3.2543495111047370e+01,7.4073717742368719e-02
3.2543527005748253e+01,7.4073805190266434e-02
3.2543558872319707e+01,7.4073892561040133e-02
3.2543590710828262e+01,7.4073979854872213e-02
3.2543622521340339e+01,7.4074067071944805e-02
3.2543654303918039e+01,7.4074154212428148e-02
3.2543686058551955e+01,7.4074241276296485e-02
3.2543717785276421e+01,7.4074328263643907e-02
3.2543749484152215e+01,7.4074415174637087e-02
3.2543781155239934e+01,7.4074502009442142e-02
3.2543812798599973e+01,7.4074588768224689e-02
3.2543844414292543e+01,7.4074675451149805e-02
3.2543876002377679e+01,7.4074762058382065e-02
3.2543907562915216e+01,7.4074848590085535e-02
3.2543939095964809e+01,7.4074935046423804e-02
3.2543970601585947e+01,7.4075021427559937e-02
3.2544002079837917e+01,7.4075107733656484e-02
3.2544033530779828e+01,7.4075193964875552e-02
3.2544064954470635e+01,7.4075280121378734e-02
3.2544096350969092e+01,7.4075366203327137e-02
3.2544127720333790e+01,7.4075452210881410e-02
3.2544159062623152e+01,7.4075538144201716e-02
3.2544190377895418e+01,7.4075624003447735e-02
3.2544221666208664e+01,7.4075709788778726e-02
3.2544252927620796e+01,7.4075795500353425e-02
3.2544284162189562e+01,7.4075881138330177e-02
3.2544315369972537e+01,7.4075966702866841e-02
3.2544346551027139e+01,7.4076052194120820e-02
3.2544377705410618e+01,7.4076137612249085e-02
3.2544408833180057e+01,7.4076222957408192e-02
3.2544439934392400e+01,7.4076308229754209e-02
3.2544471009104427e+01,7.4076393429442819e-02
3.2544502057372753e+01,7.4076478556629258e-02
3.2544533079253846e+01,7.4076563611468360e-02
3.2544564074804015e+01,7.4076648594114503e-02
3.2544595044079436e+01,7.4076733504721701e-02
3.2544625987136115e+01,7.4076818343443512e-02
3.2544656904029928e+01,7.4076903110433120e-02
3.2544687794816582e+01,7.4076987805843306e-02
3.2544718659551670e+01,7.4077072429826446e-02
3.2544749498290621e+01,7.4077156982534503e-02
3.2544780311088722e+01,7.4077241464119106e-02
3.2544811098001126e+01,7.4077325874731439e-02
3.2544841859082851e+01,7.4077410214522368e-02
3.2544872594388771e+01,7.4077494483642342e-02
3.2544903303973634e+01,7.4077578682241435e-02
3.2544933987892044e+01,7.4077662810469388e-02
3.2544964646198480e+01,7.4077746868475569e-02
3.2544995278947283e+01,7.4077830856408955e-02
3.2545025886192676e+01,7.4077914774418219e-02
3.2545056467988751e+01,7.4077998622651658e-02
3.2545087024389460e+01,7.4078082401257225e-02
3.2545117555448655e+01,7.4078166110382523e-02
3.2545148061220047e+01,7.4078249750174852e-02
3.2545178541757231e+01,7.4078333320781148e-02
3.2545208997113690e+01,7.4078416822348031e-02
3.2545239427342779e+01,7.4078500255021801e-02
3.2545269832497731e+01,7.4078583618948410e-02
3.2545300212631687e+01,7.4078666914273547e-02
3.2545330567797649e+01,7.4078750141142555e-02
3.2545360898048521e+01,7.4078833299700469e-02
3.2545391203437106e+01,7.4078916390092037e-02
3.2545421484016067e+01,7.4078999412461710e-02
3.2545451739838001e+01,7.4079082366953611e-02
3.2545481970955358e+01,7.4079165253711624e-02
3.2545512177420520e+01,7.4079248072879328e-02
3.2545542359285740e+01,7.4079330824599998e-02
3.2545572516603187e+01,7.4079413509016659e-02
3.2545602649424922e+01,7.4079496126272057e-02
3.2545632757802913e+01,7.4079578676508662e-02
3.2545662841789024e+01,7.4079661159868707e-02
3.2545692901435039e+01,7.4079743576494134e-02
3.2545722936792629e+01,7.4079825926526635e-02
3.2545752947913400e+01,7.4079908210107667e-02
3.2545782934848830e+01,7.4079990427378437e-02
3.2545812897650350e+01,7.4080072578479886e-02
3.2545842836369282e+01,7.4080154663552750e-02
3.2545872751056855e+01,7.4080236682737513e-02
3.2545902641764236e+01,7.4080318636174425e-02
3.2545932508542492e+01,7.4080400524003526e-02
3.2545962351442626e+01,7.4080482346364621e-02
3.2545992170491289e+01,7.4080564103330832e-02
3.2546021965700014e+01,7.4080645794933744e-02
