2.1332974448270397e+02,1.0697230148226708e+00
2.1861439030623296e+02,1.0948134770591196e+00
2.2419699903827859e+02,1.1212895259914148e+00
2.3010482906317338e+02,1.1492763885931936e+00
2.3636577020079130e+02,1.1789016615088030e+00
2.4301265531708486e+02,1.2103156379313305e+00
2.5007998053147458e+02,1.2436756713923387e+00
2.5761206626769854e+02,1.2791845488424087e+00
2.6565704121853923e+02,1.3170618523881785e+00
2.7426870019553462e+02,1.3575525239988337e+00
2.8350627645367058e+02,1.4009255620218255e+00
2.9344110560533591e+02,1.4475049991104925e+00
3.0415507907333085e+02,1.4976621732346302e+00
3.1573851548519451e+02,1.5518053090189596e+00
3.2830491167306900e+02,1.6104478657524623e+00
3.4197918928490253e+02,1.6741527782182857e+00
3.5690743237652350e+02,1.7435770400072670e+00
3.7327131173748057e+02,1.8195374643046307e+00
3.9127749492181465e+02,1.9029597736157484e+00
4.1118287268775748e+02,1.9949935221778787e+00
4.3328205664851703e+02,2.0969514602678601e+00
4.5794852188049117e+02,2.2104959925900403e+00
4.8562880142417271e+02,2.3376072229584679e+00
5.1687531587143894e+02,2.4807274220789850e+00
5.5237789561529644e+02,2.6428962233694619e+00
5.9297783062898088e+02,2.8278024402510482e+00
6.3975324080511928e+02,3.0401558693808965e+00
6.9406507625506492e+02,3.2858703223831753e+00
7.5762491197686177e+02,3.5723347623878681e+00
8.3260056129080476e+02,3.9088382993845698e+00
9.2172943237930303e+02,4.3070039561702060e+00
1.0283981551777106e+03,4.7810361734676690e+00
1.1566541977830930e+03,5.3476218529905282e+00
1.3110134915679228e+03,6.0248836160885730e+00
1.4959468679481070e+03,6.8299032566700362e+00
1.7148527678818791e+03,7.7740773128873570e+00
1.9685807271717349e+03,8.8568251238509674e+00
2.2545299688756349e+03,1.0062377231778555e+01
2.5677144075642573e+03,1.1365612637133381e+01
2.9041597945360118e+03,1.2747773870382048e+01
3.2643020955282263e+03,1.4211057024007232e+01
3.6533288293810328e+03,1.5779012117386515e+01
4.0788389648585580e+03,1.7485425036676133e+01
4.5481878945549252e+03,1.9362668412136713e+01
5.0676664621285745e+03,2.1438406407856405e+01
5.6429656803336693e+03,2.3737817724795718e+01
6.2798058574962197e+03,2.6286341711448017e+01
6.9843543986062286e+03,2.9111353687172141e+01
7.7634483617215301e+03,3.2242921828106319e+01
8.6247710747544188e+03,3.5714312753104991e+01
9.5770073831243790e+03,3.9562379839771552e+01
1.0630062245205976e+04,4.3828207294744288e+01
1.1795260878651345e+04,4.8557715074988323e+01
1.3085515608777408e+04,5.3802191756275420e+01
1.4515588196832919e+04,5.9619292373074700e+01
1.6102253399319598e+04,6.6073701047986901e+01
1.7864560590647277e+04,7.3238217985618803e+01
1.9824119551075099e+04,8.1194908492340232e+01
2.2005463090822392e+04,9.0036456667269022e+01
2.4436469276844116e+04,9.9867589353128324e+01
2.7148928079024132e+04,1.1080686485205752e+02
3.0179182087009191e+04,1.2298850346174697e+02
3.3568856287138653e+04,1.3656428262947520e+02
3.7365791735857085e+04,1.5170589356857499e+02
4.1625158468305599e+04,1.6860754316928501e+02
4.6410800915197353e+04,1.8748882870038005e+02
5.1796842570266512e+04,2.0859771210595579e+02
5.7869611442845751e+04,2.3221342988424317e+02
6.4729941778470471e+04,2.5864896314296152e+02
7.2495924716794427e+04,2.8825248014096383e+02
8.1306220651235752e+04,3.2140688660827868e+02
9.1323840325467638e+04,3.5852518729506050e+02
1.0274053322459833e+05,4.0003926062693222e+02
1.1578165455103366e+05,4.4637709737791579e+02
1.3071103645657608e+05,4.9792002099051365e+02
1.4783601387291457e+05,5.5492998031589468e+02
1.6750802982428175e+05,6.1741614688559503e+02
1.9012442776443638e+05,6.8493651377985361e+02
2.1609995453713360e+05,7.5620875670263968e+02
2.4590473902332241e+05,8.2875352101454087e+02
2.7978308087004401e+05,8.9759022812775402e+02
3.1820450234512967e+05,9.5528722779713394e+02
3.6106126386350731e+05,9.8906974945667912e+02
4.0717991015489795e+05,9.8067991560819473e+02
4.5411668835124490e+05,9.0969464192500914e+02
5.0134416157863766e+05,7.4786772417980069e+02
5.4282010997773800e+05,4.8517859613552332e+02
5.7488237785121391e+05,1.2962468750733876e+02
5.9570473547725705e+05,-2.9957263815143983e+02
6.0477332673022291e+05,-7.4585313988325117e+02
6.0534568341614655e+05,-1.1664347456198925e+03
6.0128384468854265e+05,-1.5633893233214540e+03
5.9538206522179279e+05,-1.9309437099803811e+03
5.8974331522516813e+05,-2.2246161394512346e+03
5.8359185042577214e+05,-2.4658594119187701e+03
5.7632871853224363e+05,-2.6122356241818998e+03
5.6672674750850792e+05,-2.6439323314059802e+03
5.5361254321862198e+05,-2.5459854902791931e+03
5.3628240299400524e+05,-2.3138042148097770e+03
5.1457441642490844e+05,-1.9589922005806068e+03
4.8942238146622700e+05,-1.5184677763541481e+03
4.6182549213477026e+05,-1.0333919953501224e+03
4.3202053346337983e+05,-5.3059903596454103e+02
4.0242059928846394e+05,-7.0057823342535585e+01
3.7479807608148741e+05,3.1160602052847662e+02
3.4896014505130210e+05,6.1571165178796014e+02
3.2520730616185622e+05,8.4127307843576295e+02
3.0378151845157699e+05,9.9405116338927405e+02
2.8464893265015824e+05,1.0858641718925746e+03
2.6779322697157430e+05,1.1302329846129514e+03
2.5285027479799028e+05,1.1409084389606039e+03
2.3886173054831079e+05,1.1275416065562758e+03
2.2680197595641424e+05,1.0994426956859606e+03
2.1575725021576922e+05,1.0618062678233357e+03
2.0595646872930168e+05,1.0204251295538013e+03
1.9670619916772854e+05,9.7572588688197925e+02
1.8811040113862065e+05,9.3037983730599331e+02
1.8024893853138914e+05,8.8653436957956910e+02
1.7309146632573078e+05,8.4523803930041549e+02
1.6643877732229989e+05,8.0610152771144681e+02
1.6021071672877032e+05,7.6910553563848293e+02
1.5441541352164312e+05,7.3457594027067330e+02
1.4906892661839939e+05,7.0276759561611630e+02
1.4390366117689546e+05,6.7217539364058371e+02
1.3918769618309362e+05,6.4442434211373961e+02
1.3465199662321352e+05,6.1793774360066391e+02
1.3038617830913552e+05,5.9323647896781085e+02
1.2637973316327957e+05,5.7024017760959032e+02
1.2260693778267951e+05,5.4877663150361809e+02
1.1903620797003730e+05,5.2864159596014042e+02
1.1559864489251145e+05,5.0942773708692016e+02
1.1238421663168047e+05,4.9161638284713831e+02
1.0928958267292526e+05,4.7461306934983281e+02
1.0638792778156043e+05,4.5880137547995150e+02
1.0359465302822235e+05,4.4370214849415629e+02
1.0092482351154429e+05,4.2938339837919466e+02
9.8382629670407594e+04,4.1585347330903323e+02
9.5958351832231594e+04,4.0304716128170207e+02
9.3643109912148095e+04,3.9090546640037314e+02
9.1420709779571247e+04,3.7933311423977557e+02
8.9277396422374062e+04,3.6825015917322617e+02
8.7238403135018860e+04,3.5777826855868989e+02
8.5278961031214945e+04,3.4778134214365355e+02
8.3390517302276741e+04,3.3820930044382226e+02
8.1578831993023516e+04,3.2908457640569577e+02
7.9841932629093295e+04,3.2039097849493055e+02
7.8157302621377516e+04,3.1201043801111564e+02
7.6539351589382306e+04,3.0400985579762732e+02
7.4984250530582067e+04,2.9636522656685679e+02
7.3483736190294643e+04,2.8903141928682430e+02
7.2034157512094360e+04,2.8198665102622431e+02
7.0633373499313573e+04,2.7521689478070721e+02
6.9279064851853938e+04,2.6870756716680194e+02
6.7969331457119551e+04,2.6244638681764809e+02
6.6703876316521113e+04,2.5642891761656347e+02
6.5482304865513172e+04,2.5065032205288094e+02
6.4298325059132010e+04,2.4507816818873880e+02
6.3146951692471659e+04,2.3968683486396458e+02
6.2035786586320843e+04,2.3450965919271755e+02
6.0957523475192284e+04,2.2951029634589906e+02
5.9909516833232163e+04,2.2467468718751707e+02
5.8895774392507068e+04,2.2001936361970832e+02
5.7908760870588332e+04,2.1550803400847553e+02
5.6951544683654822e+04,2.1115307915490791e+02
5.6022520733472251e+04,2.0694564581430200e+02
5.5116633432733972e+04,2.0286141661688202e+02
5.4238187389151426e+04,1.9891845926770316e+02
5.3384190921138099e+04,1.9510200426620042e+02
5.2551669527137186e+04,1.9139757292139905e+02
5.1741000204007083e+04,1.8780574866917607e+02
5.0952262783247745e+04,1.8432580398265441e+02
5.0184448385134048e+04,1.8095224511217418e+02
4.9436398980900121e+04,1.7767900908299305e+02
4.8707211216565920e+04,1.7450123311880577e+02
4.7996167288666125e+04,1.7141493215021444e+02
4.7302625384534709e+04,1.6841650859656056e+02
4.6625983374200237e+04,1.6550258833599094e+02
4.5965680513288535e+04,1.6267002327940145e+02
4.5321242062461039e+04,1.5991607679206174e+02
4.4692257896519266e+04,1.5723832418694178e+02
4.4078198113039660e+04,1.5463386593651239e+02
4.3478232754981611e+04,1.5209857773729004e+02
4.2891530516925501e+04,1.4962839090452383e+02
4.2317985799722315e+04,1.4722233322335649e+02
4.1757849054574734e+04,1.4488092289899862e+02
4.1210170225527545e+04,1.4259967429452990e+02
4.0673856337936013e+04,1.4037358169800450e+02
4.0149620609498699e+04,1.3820516162428930e+02
3.9636788159579213e+04,1.3609117071603941e+02
3.9134273011770158e+04,1.3402673823596558e+02
3.8642993018565234e+04,1.3201523791005741e+02
3.8161394055736950e+04,1.3004992556325044e+02
3.7690114514930814e+04,1.2813305649071424e+02
3.7228182073098316e+04,1.2626032207250694e+02
3.6775811696667399e+04,1.2443227328800549e+02
3.6332250082148006e+04,1.2264554389454861e+02
3.5897797536965110e+04,1.2090104617879740e+02
3.5471498771740298e+04,1.1919465155119144e+02
3.5053885100851592e+04,1.1752821032858083e+02
3.4644030555019970e+04,1.1589776054141237e+02
3.4242073913164262e+04,1.1430359866177434e+02
3.3847885862881143e+04,1.1274496595900007e+02
3.3460846337425930e+04,1.1121917456835433e+02
3.3081082372069301e+04,1.0972649984362647e+02
3.2708442979864136e+04,1.0826612908157449e+02
3.2342477474853978e+04,1.0683608620482528e+02
3.1983053062705207e+04,1.0543565287981676e+02
3.1630203297382803e+04,1.0406476548808132e+02
3.1283667912606965e+04,1.0272222436466996e+02
3.0943184397801699e+04,1.0140683295570784e+02
3.0608598319198412e+04,1.0011782280153193e+02
3.0279812968999322e+04,9.8854655265723977e+01
2.9956710189693258e+04,9.7616715394296193e+01
2.9639137721547158e+04,9.6403264273750096e+01
2.9326936194682901e+04,9.5213543239951491e+01
2.9019958766173222e+04,9.4046848703369506e+01
2.8718074623868277e+04,9.2902544756861744e+01
2.8421176802353468e+04,9.1780091786079993e+01
2.8129116957942664e+04,9.0678799735252937e+01
2.7841791664568067e+04,8.9598153855092733e+01
2.7559100956305920e+04,8.8537657432899891e+01
2.7280929435627884e+04,8.7496760698906996e+01
2.7007169895071478e+04,8.6474949655352816e+01
2.6737718115700467e+04,8.5471726250730171e+01
2.6472473187951313e+04,8.4486609354592701e+01
2.6211337172755739e+04,8.3519133285842713e+01
2.5954214538394765e+04,8.2568845535227865e+01
2.5701012743158266e+04,8.1635308740000141e+01
2.5451643307082413e+04,8.0718104431473080e+01
2.5206021589080163e+04,7.9816831972543696e+01
2.4964067642247071e+04,7.8931111453971880e+01
2.4725704610687448e+04,7.8060577575936122e+01
2.4490855272351764e+04,7.7204866889867048e+01
2.4259438621274836e+04,7.6363605381882962e+01
2.4031373178849870e+04,7.5536420628583187e+01
2.3806582386752882e+04,7.4722961278096250e+01
2.3585001846715866e+04,7.3922922850474265e+01
2.3366575143900700e+04,7.3136032084451585e+01
2.3151238220004947e+04,7.2361990477925360e+01
2.2938913546426455e+04,7.1600453832982225e+01
2.2729530780139612e+04,7.0851106669564729e+01
2.2523041465180053e+04,7.0113714186149991e+01
2.2319396495390625e+04,6.9388040997985854e+01
2.2118526451320620e+04,6.8673781484513484e+01
2.1920365144936542e+04,6.7970644183576496e+01
2.1724874002078839e+04,6.7278437615397138e+01
2.1532003623546101e+04,6.6596933396471286e+01
2.1341684952119598e+04,6.5925835863995303e+01
2.1153875150369364e+04,6.5264944012073784e+01
2.0968536625167355e+04,6.4614076553251380e+01
2.0785604576665501e+04,6.3972958430988911e+01
2.0605038306052098e+04,6.3341401122737352e+01
2.0426802050357976e+04,6.2719234510560682e+01
2.0250835681347409e+04,6.2106205099616204e+01
2.0077107421150955e+04,6.1502159899031199e+01
1.9905574867039861e+04,6.0906910009231410e+01
1.9736187666266807e+04,6.0320240673987087e+01
1.9568919922590372e+04,5.9742023079580008e+01
1.9403720054782578e+04,5.9172040820053667e+01
1.9240558473999961e+04,5.8610154882049414e+01
1.9079394878300140e+04,5.8056190291444182e+01
1.8920191686774953e+04,5.7509982883307657e+01
1.8762919128989801e+04,5.6971396225675790e+01
1.8607534958426550e+04,5.6440252405304705e+01
1.8454014252697409e+04,5.5916433741846390e+01
1.8302315266477177e+04,5.5399766214373926e+01
1.8152414537791803e+04,5.4890139100709121e+01
1.8004273472090252e+04,5.4387391170794103e+01
1.7857868463199935e+04,5.3891413044914430e+01
1.7713162631505460e+04,5.3402051266788249e+01
1.7570133261152136e+04,5.2919201202321233e+01
1.7428746393973997e+04,5.2442721110454727e+01
1.7288979140276206e+04,5.1972507386610232e+01
1.7150800372563826e+04,5.1508429544325395e+01
1.7014185778928921e+04,5.1050380746096835e+01
1.6879108723103069e+04,5.0598247174830476e+01
1.6745543043387472e+04,5.0151917289322569e+01
1.6613466151970089e+04,4.9711292264135295e+01
1.6482850953568763e+04,4.9276258892028409e+01
1.6353676060084545e+04,4.8846723683535743e+01
1.6225916285507963e+04,4.8422581180903308e+01
1.6099549895186676e+04,4.8003738008386108e+01
1.5974555620341562e+04,4.7590102978607092e+01
1.5850909397768381e+04,4.7181576238252887e+01
1.5728591926993802e+04,4.6778074277635483e+01
1.5607581697208690e+04,4.6379506863872621e+01
1.5487857833517133e+04,4.5985786402131680e+01
1.5369401228959614e+04,4.5596831667097035e+01
1.5252191688119259e+04,4.5212558379606207e+01
1.5136210180126247e+04,4.4832886583251707e+01
1.5021438319024222e+04,4.4457738937003683e+01
1.4907857457811828e+04,4.4087037727229585e+01
1.4795449412483897e+04,4.3720707216923302e+01
1.4684197026322421e+04,4.3358675480361057e+01
1.4574082846540492e+04,4.3000870071575719e+01
1.4465089688271109e+04,4.2647219844298547e+01
1.4357201341293519e+04,4.2297657239874638e+01
1.4250401706611679e+04,4.1952115468713032e+01
1.4144674455999047e+04,4.1610527396645921e+01
1.4040004102863022e+04,4.1272828998520026e+01
1.3936375566878007e+04,4.0938957939813463e+01
1.3833773643605120e+04,4.0608851853811416e+01
1.3732183840824408e+04,4.0282451022877126e+01
1.3631591425860766e+04,3.9959695306068397e+01
1.3531982578901632e+04,3.9640527834095565e+01
1.3433343468365842e+04,3.9324892030170417e+01
1.3335660190897528e+04,3.9012731410390415e+01
1.3238919539334776e+04,3.8703992032289761e+01
1.3143108663228399e+04,3.8398621397969919e+01
1.3048214713275607e+04,3.8096567310305090e+01
1.2954224757110991e+04,3.7797777601140524e+01
1.2861126586206025e+04,3.7502202689239652e+01
1.2768908131598437e+04,3.7209793712475744e+01
1.2677557589475415e+04,3.6920502919289788e+01
1.2587063139841077e+04,3.6634282770735467e+01
1.2497413236393419e+04,3.6351086851410855e+01
1.2408596744163602e+04,3.6070870296571343e+01
1.2320602604086162e+04,3.5793588724476763e+01
1.2233420021813828e+04,3.5519198825829562e+01
1.2147038217083144e+04,3.5247657569354715e+01
1.2061446724353358e+04,3.4978923140590723e+01
1.1976635575275519e+04,3.4712955507521770e+01
1.1892594317227020e+04,3.4449713334396165e+01
1.1809313247207727e+04,3.4189157846286889e+01
1.1726782465246506e+04,3.3931249858637557e+01
1.1644992318971723e+04,3.3675951162064280e+01
1.1563933744885959e+04,3.3423225582236796e+01
1.1483597274956410e+04,3.3173035873738058e+01
1.1403973939023737e+04,3.2925346529654803e+01
1.1325054703592905e+04,3.2680122030118469e+01
1.1246830657284183e+04,3.2437327413590879e+01
1.1169293513354729e+04,3.2196929832261276e+01
1.1092434820091468e+04,3.1958896095177352e+01
1.1016246038340614e+04,3.1723192907661883e+01
1.0940718928389193e+04,3.1489788065666858e+01
1.0865845536764537e+04,3.1258650409530333e+01
1.0791618028262397e+04,3.1029749298917181e+01
1.0718028512028046e+04,3.0803054073905628e+01
1.0645069347616867e+04,3.0578534994325878e+01
1.0572733074661228e+04,3.0356163019766882e+01
1.0501012221442710e+04,3.0135909216595451e+01
1.0429899430006801e+04,2.9917745139745762e+01
1.0359387780649995e+04,2.9701643823834729e+01
1.0289470120126032e+04,2.9487577719636988e+01
1.0220139315532520e+04,2.9275519470528593e+01
1.0151388637113152e+04,2.9065443080781392e+01
1.0083211537839554e+04,2.8857323236437992e+01
1.0015601275925001e+04,2.8651134149239283e+01
9.9485514510345529e+03,2.8446851191164910e+01
9.8820555495966692e+03,2.8244449505605644e+01
9.8161071493347990e+03,2.8043904627916163e+01
9.7507002004088135e+03,2.7845193337310661e+01
9.6858285799754085e+03,2.7648292299696436e+01
9.6214845372004784e+03,2.7453173352926456e+01
9.5576589329270646e+03,2.7259804236914874e+01
9.4943580271900864e+03,2.7068199406038730e+01
9.4315872898437083e+03,2.6878370996880108e+01
9.3693150706579327e+03,2.6690218973649735e+01
9.3075292835624423e+03,2.6503702619678165e+01
9.2462361492961645e+03,2.6318836631626141e+01
9.1854345500538475e+03,2.6135613581763323e+01
9.1251189319822006e+03,2.5954012727051577e+01
9.0652835368815577e+03,2.5774012797670935e+01
9.0059228903983021e+03,2.5595593468624202e+01
8.9470317353952560e+03,2.5418735154696037e+01
8.8886048540296615e+03,2.5243418473488759e+01
8.8306370842723409e+03,2.5069624292494950e+01
8.7731235476237489e+03,2.4897334409630048e+01
8.7160594903553720e+03,2.4726531074157378e+01
8.6594401666477788e+03,2.4557196634572051e+01
8.6032609323008219e+03,2.4389313817400875e+01
8.5475171498685959e+03,2.4222865441920931e+01
8.4922038944740780e+03,2.4057833539927060e+01
8.4373157491262536e+03,2.3894198748575150e+01
8.3828472463394282e+03,2.3731941638019521e+01
8.3287956573449192e+03,2.3571051008979452e+01
8.2751609516440076e+03,2.3411523734291677e+01
8.2219393562932964e+03,2.3253345591788957e+01
8.1691237976832199e+03,2.3096492612745919e+01
8.1167085548842442e+03,2.2940944928872682e+01
8.0646894747366896e+03,2.2786687398044592e+01
8.0130628284172271e+03,2.2633706196941262e+01
7.9618249771082192e+03,2.2481987824916700e+01
7.9109722326697083e+03,2.2331518690066559e+01
7.8605008289273246e+03,2.2182285024164116e+01
7.8104069239847013e+03,2.2034272889526960e+01
7.7606867885021493e+03,2.1887468734553522e+01
7.7113369196599233e+03,2.1741859728628583e+01
7.6623537974799983e+03,2.1597433041409317e+01
7.6137337900100974e+03,2.1454175562458090e+01
7.5654733637989266e+03,2.1312074521134150e+01
7.5175691019743681e+03,2.1171117538633439e+01
7.4700176022425876e+03,2.1031292326407311e+01
7.4228154479425284e+03,2.0892586600415257e+01
7.3759591934654745e+03,2.0754988037764520e+01
7.3294455211779568e+03,2.0618484736517757e+01
7.2832713231592788e+03,2.0483065454079224e+01
7.2374335157836904e+03,2.0348719061624479e+01
7.1919288844676339e+03,2.0215434088555980e+01
7.1467540974651347e+03,2.0083198763188875e+01
7.1019059657041798e+03,1.9952001772959989e+01
7.0573815964389360e+03,1.9821832712367723e+01
7.0131781155802892e+03,1.9692681269200307e+01
6.9692925115667749e+03,1.9564536767433765e+01
6.9257218538585003e+03,1.9437388805156161e+01
6.8824633385115885e+03,1.9311227386937276e+01
6.8395140758326743e+03,1.9186042303583122e+01
6.7968711142586544e+03,1.9061823201395896e+01
6.7545316387666389e+03,1.8938560159825897e+01
6.7124929327124264e+03,1.8816243579296952e+01
6.6707522741800640e+03,1.8694863878389128e+01
6.6293070195066393e+03,1.8574411736067191e+01
6.5881545910814893e+03,1.8454878055660970e+01
6.5472923516716110e+03,1.8336253598981216e+01
6.5067176763172611e+03,1.8218529194684379e+01
6.4664279730791459e+03,1.8101695798102696e+01
6.4264206825224683e+03,1.7985744489013200e+01
6.3866933248704881e+03,1.7870666607731550e+01
6.3472434558701934e+03,1.7756453626540974e+01
6.3080686504771584e+03,1.7643097101612739e+01
6.2691665433519520e+03,1.7530588789655326e+01
6.2305347642198321e+03,1.7418920460562163e+01
6.1921708884600084e+03,1.7308083754133236e+01
6.1540725470203906e+03,1.7198070497218509e+01
6.1162375036542653e+03,1.7088872926169984e+01
6.0786635634682025e+03,1.6980483422072666e+01
6.0413484704146977e+03,1.6872894214450866e+01
6.0042899554804899e+03,1.6766097519973755e+01
5.9674858406346757e+03,1.6660085841661612e+01
5.9309340161834261e+03,1.6554851903074905e+01
5.8946323333350592e+03,1.6450388338420794e+01
5.8585786085561267e+03,1.6346687704760257e+01
5.8227707258020528e+03,1.6243742775796591e+01
5.7872066624290892e+03,1.6141546615865764e+01
5.7518844070272753e+03,1.6040092343209153e+01
5.7168019007914118e+03,1.5939372961161666e+01
5.6819570583408349e+03,1.5839381417681352e+01
5.6473478830975946e+03,1.5740110936159567e+01
5.6129724964550114e+03,1.5641555098496951e+01
5.5788290505590849e+03,1.5543707594356420e+01
5.5449156525684521e+03,1.5446562003620897e+01
5.5112303801156813e+03,1.5350111840532691e+01
5.4777713219996658e+03,1.5254350670111535e+01
5.4445365985860117e+03,1.5159272166271876e+01
5.4115243799891905e+03,1.5064870163402020e+01
5.3787328821283882e+03,1.4971138644650523e+01
5.3461603241582052e+03,1.4878071619851767e+01
5.3138049141950323e+03,1.4785663084410885e+01
5.2816648735990748e+03,1.4693907088376704e+01
5.2497384648921434e+03,1.4602797815861436e+01
5.2180239960870240e+03,1.4512329597021676e+01
5.1865198107445030e+03,1.4422496879261416e+01
5.1552242702455260e+03,1.4333294176357526e+01
5.1241357171030832e+03,1.4244715963681756e+01
5.0932524581998005e+03,1.4156756630261270e+01
5.0625728031600011e+03,1.4069410587904940e+01
5.0320951160416589e+03,1.3982672418130619e+01
5.0018178208417958e+03,1.3896536887475008e+01
4.9717393714021309e+03,1.3810998861457392e+01
4.9418582348838681e+03,1.3726053257220201e+01
4.9121728993766592e+03,1.3641695064879741e+01
4.8826818589649047e+03,1.3557919304861912e+01
4.8533836054122075e+03,1.3474721004123921e+01
4.8242766182279447e+03,1.3392095167777939e+01
4.7953593734311289e+03,1.3310036803814455e+01
4.7666303674772498e+03,1.3228540990805755e+01
4.7380881381799700e+03,1.3147602936968951e+01
4.7097312691007974e+03,1.3067217992297515e+01
4.6815583746785414e+03,1.2987381606079339e+01
4.6535680724388221e+03,1.2908089247926455e+01
4.6257589604693349e+03,1.2829336343799355e+01
4.5981296228589490e+03,1.2751118291288435e+01
4.5706786684828112e+03,1.2673430569244488e+01
4.5434047506787465e+03,1.2596268793230706e+01
4.5163065594102954e+03,1.2519628693080222e+01
4.4893827970137936e+03,1.2443506044055653e+01
4.4626321560263750e+03,1.2367896603979489e+01
4.4360533159888582e+03,1.2292796104063541e+01
4.4096449583822396e+03,1.2218200291003654e+01
4.3834057866020594e+03,1.2144104983241618e+01
4.3573345329888980e+03,1.2070506090634922e+01
4.3314299502941431e+03,1.1997399590149712e+01
4.3056908022412681e+03,1.1924781499013420e+01
4.2801158631104627e+03,1.1852647873349952e+01
4.2547039245297201e+03,1.1780994827174027e+01
4.2294538023662171e+03,1.1709818551634953e+01
4.2043643276704242e+03,1.1639115289310098e+01
4.1794343423028477e+03,1.1568881321728554e+01
4.1546626855467330e+03,1.1499112931527748e+01
4.1300481826495379e+03,1.1429806370072242e+01
4.1055896450877190e+03,1.1360957858119946e+01
4.0812858856546227e+03,1.1292563628186826e+01
4.0571357414615923e+03,1.1224619989148096e+01
4.0331380914151086e+03,1.1157123375212905e+01
4.0092918569209287e+03,1.1090070347701499e+01
3.9855959848160273e+03,1.1023457546837562e+01
3.9620494229659089e+03,1.0957281622996447e+01
3.9386511088284315e+03,1.0891539204451419e+01
3.9153999602833064e+03,1.0826226871519339e+01
3.8922948889627005e+03,1.0761341193948056e+01
3.8693348205898074e+03,1.0696878787941273e+01
3.8465187058745651e+03,1.0632836346624572e+01
3.8238455205085338e+03,1.0569210639878634e+01
3.8013142578119878e+03,1.0505998493560128e+01
3.7789239202703466e+03,1.0443196765618040e+01
3.7566735140834353e+03,1.0380802330690358e+01
3.7345620473533054e+03,1.0318812074928132e+01
3.7125885309100267e+03,1.0257222898208397e+01
3.6907519813636900e+03,1.0196031722599287e+01
3.6690514260466443e+03,1.0135235506093750e+01
3.6474859073637635e+03,1.0074831254690139e+01
3.6260544827871490e+03,1.0014816022269201e+01
3.6047562197407242e+03,9.9551868961639229e+00
3.5835901965784142e+03,9.8959409997980856e+00
3.5625554964368348e+03,9.8370754753663050e+00
3.5416511964098318e+03,9.7785874534628192e+00
3.5208763769644429e+03,9.7204740793613382e+00
3.5002301228446886e+03,9.6627325154590835e+00
3.4797115243644803e+03,9.6053599448109708e+00
3.4593196808889625e+03,9.5483535807670705e+00
3.4390537061556242e+03,9.4917106817526928e+00
3.4189127328753239e+03,9.4354285640289390e+00
3.3988959135987097e+03,9.3795046040095258e+00
3.3790024160926696e+03,9.3239362252509181e+00
3.3592314139584778e+03,9.2687208721580419e+00
3.3395820763424272e+03,9.2138559811800178e+00
3.3200535624386393e+03,9.1593389653949089e+00
3.3006450246130116e+03,9.1051672231741350e+00
3.2813556185278576e+03,9.0513381663839709e+00
3.2621845162465470e+03,8.9978492568724278e+00
3.2431309152497561e+03,8.9446980315519795e+00
3.2241940224723076e+03,8.8918820577636097e+00
3.2053730538637028e+03,8.8393989319877164e+00
3.1866672300703358e+03,8.7872462677222529e+00
3.1680757744833827e+03,8.7354216899782386e+00
3.1495979129400803e+03,8.6839228343908417e+00
3.1312328737844946e+03,8.6327473473286318e+00
3.1129798887576908e+03,8.5818928883157923e+00
3.0948381957039237e+03,8.5313571375035053e+00
3.0768070425028563e+03,8.4811378065554663e+00
3.0588856898790109e+03,8.4312326464038279e+00
3.0410734108635224e+03,8.3816394456875969e+00
3.0233694866670994e+03,8.3323560191963679e+00
3.0057732008597814e+03,8.2833801916154925e+00
2.9882838346572826e+03,8.2347097843523898e+00
2.9709006662082975e+03,8.1863426135022337e+00
2.9536229791609803e+03,8.1382765136393118e+00
2.9364500582857872e+03,8.0905093255754537e+00
2.9193811974400305e+03,8.0430389184738260e+00
2.9024157041647122e+03,7.9958632025703764e+00
2.8855528984134435e+03,7.9489801255914472e+00
2.8687921078615473e+03,7.9023876596472746e+00
2.8521326625049114e+03,7.8560837861690516e+00
2.8355738913845271e+03,7.8100664867504292e+00
2.8191151227711816e+03,7.7643337436237516e+00
2.8027556871881243e+03,7.7188835480131957e+00
2.7864949214012595e+03,7.6737139111727402e+00
2.7703321715177153e+03,7.6288228729565617e+00
2.7542667942623957e+03,7.5842085053079700e+00
2.7382981565491064e+03,7.5398689110199939e+00
2.7224256340473075e+03,7.4958022197018863e+00
2.7066486094377469e+03,7.4520065828866109e+00
2.6909664750061347e+03,7.4084801811864054e+00
2.6753786261342466e+03,7.3652212061758746e+00
2.6598844573201495e+03,7.3222278493145723e+00
2.6444833632673253e+03,7.2794983049387838e+00
2.6291747379911249e+03,7.2370307677481378e+00
2.6139579748941469e+03,7.1948234329818206e+00
2.5988324679419165e+03,7.1528744996518299e+00
2.5837976137178484e+03,7.1111821762016234e+00
2.5688528138076072e+03,7.0697446870841532e+00
2.5539974768282846e+03,7.0285602783536660e+00
2.5392310195649625e+03,6.9876272207773127e+00
2.5245528670217609e+03,6.9469438099372383e+00
2.5099624515654868e+03,6.9065083638191709e+00
2.4954592115748674e+03,6.8663192190326754e+00
2.4810425900398986e+03,6.8263747268943007e+00
2.4667120334427455e+03,6.7866732502886862e+00
2.4524669991977862e+03,6.7472131842483805e+00
2.4383069296467002e+03,6.7079928838851401e+00
2.4242312895687064e+03,6.6690107682633197e+00
2.4102395379812224e+03,6.6302652422587016e+00
2.3963311373771867e+03,6.5917547221183668e+00
2.3825055539415916e+03,6.5534776360271962e+00
2.3687622576736612e+03,6.5154324244240343e+00
2.3551007225040230e+03,6.4776175402952276e+00
2.3415204265157809e+03,6.4400314497529507e+00
2.3280208523142501e+03,6.4026726330372412e+00
2.3146014874704415e+03,6.3655395857102803e+00
2.3012618248438230e+03,6.3286308195207539e+00
2.2880013625532738e+03,6.2919448622981236e+00
2.2748196034487919e+03,6.2554802564635565e+00
2.2617160541104386e+03,6.2192355562348212e+00
2.2486902236017049e+03,6.1832093241557686e+00
2.2357416230555391e+03,6.1474001299259271e+00
2.2228697675482836e+03,6.1118065555576777e+00
2.2100741705471883e+03,6.0764271800009055e+00
2.1973543468634598e+03,6.0412605872826362e+00
2.1847098144503543e+03,6.0063053714621901e+00
2.1721400958320592e+03,5.9715601405517873e+00
2.1596447191866464e+03,5.9370235194920724e+00
2.1472232187882764e+03,5.9026941513476459e+00
2.1348751347164507e+03,5.8685706964816973e+00
2.1226000119584496e+03,5.8346518300523940e+00
2.1103973991660750e+03,5.8009362385595296e+00
2.0982668473883532e+03,5.7674226163155708e+00
2.0862079090569750e+03,5.7341096626327044e+00
2.0742201374285505e+03,5.7009960802523665e+00
2.0623030865683104e+03,5.6680805752921515e+00
2.0504563118568622e+03,5.6353618586173297e+00
2.0386793708867044e+03,5.6028386483108079e+00
2.0269718245497206e+03,5.5705096726450165e+00
2.0153332380643114e+03,5.5383736729079374e+00
2.0037631817209185e+03,5.5064294054409402e+00
1.9922612311886624e+03,5.4746756424642626e+00
1.9808269676200580e+03,5.4431111723488357e+00
1.9694599777133553e+03,5.4117347997703291e+00
1.9581598510205513e+03,5.3805453382581163e+00
1.9469261797335348e+03,5.3495416095872770e+00
1.9357585579477018e+03,5.3187224417351899e+00
1.9246565811061882e+03,5.2880866673272067e+00
1.9136198458013241e+03,5.2576331230737878e+00
1.9026479499222478e+03,5.2273606501681797e+00
1.8917404930522898e+03,5.1972680953620056e+00
1.8808970769753214e+03,5.1673543123501986e+00
1.8701173061477602e+03,5.1376181630630526e+00
1.8594007880369900e+03,5.1080585185815153e+00
1.8487471332888235e+03,5.0786742595819305e+00
1.8381559557581204e+03,5.0494642764139144e+00
1.8276268724823603e+03,5.0204274690109969e+00
1.8171595036856015e+03,4.9915627468793673e+00
1.8067534728599712e+03,4.9628690293177442e+00
1.7964084069333621e+03,4.9343452458631418e+00
1.7861239364657085e+03,4.9059903368163305e+00
1.7758996957936324e+03,4.8778032536275759e+00
1.7657353230444132e+03,4.8497829589236972e+00
1.7556304575773538e+03,4.8219284194416332e+00
1.7455847361835768e+03,4.7942385955420832e+00
1.7355978042168426e+03,4.7667124718809646e+00
1.7256693098039832e+03,4.7393490414361850e+00
1.7157989030319150e+03,4.7121473032558470e+00
1.7059862357397215e+03,4.6851062618731021e+00
1.6962309614478727e+03,4.6582249271010596e+00
1.6865327353926841e+03,4.6315023141170286e+00
1.6768912146086805e+03,4.6049374436804555e+00
1.6673060580088058e+03,4.5785293423375606e+00
1.6577769264352974e+03,4.5522770425618546e+00
1.6483034826917574e+03,4.5261795828239428e+00
1.6388853915897198e+03,4.5002360077137382e+00
1.6295223200581968e+03,4.4744453682304766e+00
1.6202139373461250e+03,4.4488067223333019e+00
1.6109599153240561e+03,4.4233191357558326e+00
1.6017599288433557e+03,4.3979816829958054e+00
1.5926136560940649e+03,4.3727934482808450e+00
1.5835207788768457e+03,4.3477535263093614e+00
1.5744809827206191e+03,4.3228610225723969e+00
1.5654939568091067e+03,4.2981150531334151e+00
1.5565593928550952e+03,4.2735147415208985e+00
1.5476769840180641e+03,4.2490592157458877e+00
1.5388464275731822e+03,4.2247476156345556e+00
1.5300674227528507e+03,4.2005790868818167e+00
1.5213396701534512e+03,4.1765527794071886e+00
1.5126628712578095e+03,4.1526678460362518e+00
1.5040367279390921e+03,4.1289234411244706e+00
1.4954609418481705e+03,4.1053187188657603e+00
1.4869352135376539e+03,4.0818528308807345e+00
1.4784592411584454e+03,4.0585249226168116e+00
1.4700327185524511e+03,4.0353341281027042e+00
1.4616553325992427e+03,4.0122795626467678e+00
1.4533267597257509e+03,3.9893603132240969e+00
1.4450466615636833e+03,3.9665754265382702e+00
1.4368146798613598e+03,3.9439238950209301e+00
1.4286304308770341e+03,3.9214046414084578e+00
1.4204934996354859e+03,3.8990165029512127e+00
1.4124034345810651e+03,3.8767582167123464e+00
1.4043597432905226e+03,3.8546284077775681e+00
1.3963618899994763e+03,3.8326255824650843e+00
1.3884092957212124e+03,3.8107481286515394e+00
1.3805013485882664e+03,3.7889943442341973e+00
1.3726374182016589e+03,3.7673624765922114e+00
1.3648168480998138e+03,3.7458507018653791e+00
1.3570389783141436e+03,3.7244571869846368e+00
1.3493031620089314e+03,3.7031801354247591e+00
1.3416087797095533e+03,3.6820178263152457e+00
1.3339552714186138e+03,3.6609687027450946e+00
1.3263421542558935e+03,3.6400314202405752e+00
1.3187690397597034e+03,3.6192048943061081e+00
1.3112356455944828e+03,3.5984883325870669e+00
1.3037418064947706e+03,3.5778812649195970e+00
1.2962874757333193e+03,3.5573835473269355e+00
1.2888727193218074e+03,3.5369953460369743e+00
1.2814976926952368e+03,3.5167170733392368e+00
1.2741626343582175e+03,3.4965493700830166e+00
1.2668678470372688e+03,3.4764930538410681e+00
1.2596136889411137e+03,3.4565490948498336e+00
1.2524004565447685e+03,3.4367182937425014e+00
1.2452285174879362e+03,3.4170016469306574e+00
1.2380981669970206e+03,3.3973999518564142e+00
1.2310096502141678e+03,3.3779138684074042e+00
1.2239631489001913e+03,3.3585438823721461e+00
1.2169587728345068e+03,3.3392902818073935e+00
1.2099965558438562e+03,3.3201531461513696e+00
1.2030764558894443e+03,3.3011323464734232e+00
1.1961983586922870e+03,3.2822275554657381e+00
1.1893620840688818e+03,3.2634382648694782e+00
1.1825673941314453e+03,3.2447638080368506e+00
1.1758140025481116e+03,3.2262033853968433e+00
1.1691015887259855e+03,3.2077561034418522e+00
1.1624298263464589e+03,3.1894210531673934e+00
1.1557983512524515e+03,3.1711972218151914e+00
1.1492067825556733e+03,3.1530835508917789e+00
1.1426547327764565e+03,3.1350789640391667e+00
1.1361418131878600e+03,3.1171823817140876e+00
1.1296676379930577e+03,3.0993927326746871e+00
1.1232318274302525e+03,3.0817089625022618e+00
1.1168340107008698e+03,3.0641300416448303e+00
1.1104738731464604e+03,3.0466550950312694e+00
1.1041511028734967e+03,3.0292832554075630e+00
1.0978653751402162e+03,3.0120136204310484e+00
1.0916163755705347e+03,2.9948453164538478e+00
1.0854037997400155e+03,2.9777774973773603e+00
1.0792273525853525e+03,2.9608093430209692e+00
1.0730867477068678e+03,2.9439400572064187e+00
1.0669817066208925e+03,2.9271688656896231e+00
1.0609122111170436e+03,2.9104957093926487e+00
1.0548774765088456e+03,2.8939184238853386e+00
1.0488776313128765e+03,2.8774373535081850e+00
1.0429124251473695e+03,2.8610518019145275e+00
1.0369816137386370e+03,2.8447610897055711e+00
1.0310849583619856e+03,2.8285645528891337e+00
1.0252222253407235e+03,2.8124615414963046e+00
1.0193931855970877e+03,2.7964514183495339e+00
1.0135976166738546e+03,2.7805335646110052e+00
1.0078353220305289e+03,2.7647074327667269e+00
1.0021060967944213e+03,2.7489724525662496e+00
9.9640973511675838e+02,2.7333280512146985e+00
9.9074603482388193e+02,2.7177736661535619e+00
9.8511479723389493e+02,2.7023087445479632e+00
9.7951582700118888e+02,2.6869327428564702e+00
9.7394893198582577e+02,2.6716451264774150e+00
9.6841392315045232e+02,2.6564453694511485e+00
9.6291061446955428e+02,2.6413329542180009e+00
9.5743882285873406e+02,2.6263073714136453e+00
9.5199836811254499e+02,2.6113681197048209e+00
9.4658906982606277e+02,2.5965146973231867e+00
9.4121071899356321e+02,2.5817465240883166e+00
9.3586312530416762e+02,2.5670630712689899e+00
9.3054610780201619e+02,2.5524638359378287e+00
9.2525948734837584e+02,2.5379483202640358e+00
9.2000308658345602e+02,2.5235160314169889e+00
9.1477672989165876e+02,2.5091664814555088e+00
9.0958024336386006e+02,2.4948991872346369e+00
9.0441345476277638e+02,2.4807136702987691e+00
8.9927619348629378e+02,2.4666094567859318e+00
8.9416829053469701e+02,2.4525860773314889e+00
8.8908957847679267e+02,2.4386430669792389e+00
8.8403989009000361e+02,2.4247799614374799e+00
8.7901904387603281e+02,2.4109962573213579e+00
8.7402686735091265e+02,2.3972914760869344e+00
8.6906319314904977e+02,2.3836651533349595e+00
8.6412785492383409e+02,2.3701168275558757e+00
8.5922068733419292e+02,2.3566460400876394e+00
8.5434152602817630e+02,2.3432523350705878e+00
8.4949020763067529e+02,2.3299352594159473e+00
8.4466656973026693e+02,2.3166943627617229e+00
8.3987045086274156e+02,2.3035291974319989e+00
8.3510169049369870e+02,2.2904393183829370e+00
8.3036012899293564e+02,2.2774242831351330e+00
8.2564560742076719e+02,2.2644836511832409e+00
8.2095796519779833e+02,2.2516169775983599e+00
8.1629704360809410e+02,2.2388238226457133e+00
8.1166268525033956e+02,2.2261037502734098e+00
8.0705473324930063e+02,2.2134563259470497e+00
8.0247303113021189e+02,2.2008811163074142e+00
7.9791742266353685e+02,2.1883776887375461e+00
7.9338775167131098e+02,2.1759456108359245e+00
7.8888386179535883e+02,2.1635844497769767e+00
7.8440559622057481e+02,2.1512937715502858e+00
7.7995279734855285e+02,2.1390731400624645e+00
7.7552530641917838e+02,2.1269221161027190e+00
7.7112296303617768e+02,2.1148402560335171e+00
7.6674560403137002e+02,2.1028271086815948e+00
7.6239306389685953e+02,2.0908822165140464e+00
7.5806517409521621e+02,2.0790051137544197e+00
7.5376176221377682e+02,2.0671953240523635e+00
7.4948265128268395e+02,2.0554523586163214e+00
7.4522765906708082e+02,2.0437757142751707e+00
7.4099659734481247e+02,2.0321648714852927e+00
7.3678927118284628e+02,2.0206192923584467e+00
7.3260547823779052e+02,2.0091384187269341e+00
7.2844500809686724e+02,1.9977216703498470e+00
7.2430764168925816e+02,1.9863684432863238e+00
7.2019315167114837e+02,1.9750781109596574e+00
7.1610131697257748e+02,1.9638500640688790e+00
7.1203189908701461e+02,1.9526836455282819e+00
7.0798464436025824e+02,1.9415781567472550e+00
7.0395928967633517e+02,1.9305328732365297e+00
6.9995556284673512e+02,1.9195470456675139e+00
6.9597318324627122e+02,1.9086199016259116e+00
6.9201186271151528e+02,1.8977506480673583e+00
6.8807130671100458e+02,1.8869384745362368e+00
6.8415121579152765e+02,1.8761825571245936e+00
6.8025128729204880e+02,1.8654820631791154e+00
6.7637121731619118e+02,1.8548361567108032e+00
6.7251070294342935e+02,1.8442440044567547e+00
6.6866944464354310e+02,1.8337047825086756e+00
6.6484714886930306e+02,1.8232176834177380e+00
6.6104353077022824e+02,1.8127819236448204e+00
6.5725831699057017e+02,1.8023967512295940e+00
6.5349124848528299e+02,1.7920614535144068e+00
6.4974208330229158e+02,1.7817753647830159e+00
6.4601059926766902e+02,1.7715378736113507e+00
6.4229659755266039e+02,1.7613484326615207e+00
6.3859991930687102e+02,1.7512066043093455e+00
6.3492042420827784e+02,1.7411120017902704e+00
6.3125799555936828e+02,1.7310643031808013e+00
6.2761254650080809e+02,1.7210632684457323e+00
6.2398402092076140e+02,1.7111087419251589e+00
6.2037239392311312e+02,1.7012006536143645e+00
6.1677767182962270e+02,1.6913390191816688e+00
6.1319989172258647e+02,1.6815239386892245e+00
6.0963912050984800e+02,1.6717555940524562e+00
6.0609545355330920e+02,1.6620342452463319e+00
6.0256901285808999e+02,1.6523602253647596e+00
5.9905994488298893e+02,1.6427339345897281e+00
5.9556841799826361e+02,1.6331558332269651e+00
5.9209461964847287e+02,1.6236264339256650e+00
5.8863875328266295e+02,1.6141462932447439e+00
5.8520103510312038e+02,1.6047160027413838e+00
5.8178169070428703e+02,1.5953361797508023e+00
5.7838095166580752e+02,1.5860074580320997e+00
5.7499905215657782e+02,1.5767304784629914e+00
5.7163622125150869e+02,1.5675058679552194e+00
5.6829260493733454e+02,1.5583340255199118e+00
5.6496830429200782e+02,1.5492152269894177e+00
5.6166345135512529e+02,1.5401498331530092e+00
5.5837825250625610e+02,1.5311384087282249e+00
5.5511287744133733e+02,1.5221814178206614e+00
5.5186744452029234e+02,1.5132791837379500e+00
5.4864205910189776e+02,1.5044319941366666e+00
5.4543680937564932e+02,1.4956400895989646e+00
5.4225176195724634e+02,1.4869036515447078e+00
5.3908696146711009e+02,1.4782228010784593e+00
5.3594243040151196e+02,1.4695975986403482e+00
5.3281816960161086e+02,1.4610280452869802e+00
5.2971415895171231e+02,1.4525140846151317e+00
5.2663035690260585e+02,1.4440556014443473e+00
5.2356670130253769e+02,1.4356524241085253e+00
5.2052311064046808e+02,1.4273043278611794e+00
5.1749948591389693e+02,1.4190110399977129e+00
5.1449571533576818e+02,1.4107722527706983e+00
5.1151166896475479e+02,1.4025876086603830e+00
5.0854720187222119e+02,1.3944567090588862e+00
5.0560215608816361e+02,1.3863791196034754e+00
5.0267636480520014e+02,1.3783543817303325e+00
4.9976965762174223e+02,1.3703820270259257e+00
4.9688185022532707e+02,1.3624615489457028e+00
4.9401275044988142e+02,1.3545924194329473e+00
4.9116215992067009e+02,1.3467740934183894e+00
4.8832989151251968e+02,1.3390060567120372e+00
4.8551572164724348e+02,1.3312876951592898e+00
4.8271946755424142e+02,1.3236185065570680e+00
4.7994092007464496e+02,1.3159979163456228e+00
4.7717987034469843e+02,1.3084253507943231e+00
4.7443611946341116e+02,1.3009002635189972e+00
4.7170946991542587e+02,1.2934221119563745e+00
4.6899972201074706e+02,1.2859903476002046e+00
4.6630667929252377e+02,1.2786044308232931e+00
4.6363014900492271e+02,1.2712638321778513e+00
4.6096994248963892e+02,1.2639680334705190e+00
4.5832587550801691e+02,1.2567165286401405e+00
4.5569776850071503e+02,1.2495088244911585e+00
4.5308544678549515e+02,1.2423444412088429e+00
4.5048874070268357e+02,1.2352229127747023e+00
4.4790748569229618e+02,1.2281437871736216e+00
4.4534151724056574e+02,1.2211066125369143e+00
4.4279067541140830e+02,1.2141109495585169e+00
4.4025480859063100e+02,1.2071563817769402e+00
4.3773377007019008e+02,1.2002425062019029e+00
4.3522741797514027e+02,1.1933689331073083e+00
4.3273561516875634e+02,1.1865352857827247e+00
4.3025822914252058e+02,1.1797412002179044e+00
4.2779513189109275e+02,1.1729863247689991e+00
4.2534619977726834e+02,1.1662703197862356e+00
4.2291131339175627e+02,1.1595928572249932e+00
4.2049035740480758e+02,1.1529536202414192e+00
4.1808321088418597e+02,1.1463522766406413e+00
4.1568975365196820e+02,1.1397884963098477e+00
4.1330987642641412e+02,1.1332619790293847e+00
4.1094347298284993e+02,1.1267724329701423e+00
4.0859044000931317e+02,1.1203195743039487e+00
4.0625067696225597e+02,1.1139031268104418e+00
4.0392408593214350e+02,1.1075228215007655e+00
4.0161057151091518e+02,1.1011783962488835e+00
3.9931004066410242e+02,1.0948695954582490e+00
3.9702240261185216e+02,1.0885961697227913e+00
3.9474756871571299e+02,1.0823578755079097e+00
3.9248544829618186e+02,1.0761544637098268e+00
3.9023595028964337e+02,1.0699856841631572e+00
3.8799898931337520e+02,1.0638513023011456e+00
3.8577448153618025e+02,1.0577510878140401e+00
3.8356234458251856e+02,1.0516848143945481e+00
3.8136249745648820e+02,1.0456522595288789e+00
3.7917486046918202e+02,1.0396532042927902e+00
3.7699935517058475e+02,1.0336874331699164e+00
3.7483590428548632e+02,1.0277547338724844e+00
3.7268443165998906e+02,1.0218548971922701e+00
3.7054486220236868e+02,1.0159877168468938e+00
3.6841711982910056e+02,1.0101529838307215e+00
3.6630112769699190e+02,1.0043504870774314e+00
3.6419681219814811e+02,9.9858002439032134e-01
3.6210410052456427e+02,9.9284139576832331e-01
3.6002292060584296e+02,9.8713440325150259e-01
3.5795320107857697e+02,9.8145885082146833e-01
3.5589487125864252e+02,9.7581454432042847e-01
3.5384786110988352e+02,9.7020129138218181e-01
3.5181210121640470e+02,9.6461890135140038e-01
3.4978752276522573e+02,9.5906718522189749e-01
3.4777405751962215e+02,9.5354595557625998e-01
3.4577163631370058e+02,9.4805502246038031e-01
3.4378018898086157e+02,9.4259419317825177e-01
3.4179964812716935e+02,9.3716328263906234e-01
3.3982994686992606e+02,9.3176210716990227e-01
3.3787101877632085e+02,9.2639048432454274e-01
3.3592279784637503e+02,9.2104823285751536e-01
3.3398521849873941e+02,9.1573517267158877e-01
3.3205821555643342e+02,9.1045112478684587e-01
3.3014172423450509e+02,9.0519591130396293e-01
3.2823568012623582e+02,8.9996935536032652e-01
3.2634001919027651e+02,8.9477128110502235e-01
3.2445467773830751e+02,8.8960151365961337e-01
3.2257959242147626e+02,8.8445987908062307e-01
3.2071470022044377e+02,8.7934620433168220e-01
3.1885993842972675e+02,8.7426031723930464e-01
3.1701524464669637e+02,8.6920204647287846e-01
3.1518055675906362e+02,8.6417122149373427e-01
3.1335581293032737e+02,8.5916767252899717e-01
3.1154094842862105e+02,8.5419122186988261e-01
3.0973589807323879e+02,8.4924169057501331e-01
3.0794059967686189e+02,8.4431890792541253e-01
3.0615499121556059e+02,8.3942270365048444e-01
3.0437901081418386e+02,8.3455290788526781e-01
3.0261259672662709e+02,8.2970935113212363e-01
3.0085568732384127e+02,8.2489186421241811e-01
2.9910822107683634e+02,8.2010027822161646e-01
2.9737013653479517e+02,8.1533442448312599e-01
2.9564137231349014e+02,8.1059413450088869e-01
2.9392186707124347e+02,8.0587923990333366e-01
2.9221155949635431e+02,8.0118957239540123e-01
2.9051038827991579e+02,7.9652496370397330e-01
2.8881829210242722e+02,7.9188524552591844e-01
2.8713520961045288e+02,7.8727024946238089e-01
2.8546107939392095e+02,7.8267980697273742e-01
2.8379583996813744e+02,7.7811374930865895e-01
2.8213942972768564e+02,7.7357190739564885e-01
2.8049178577249404e+02,7.6905410861274959e-01
2.7885284534236416e+02,7.6456018072792631e-01
2.7722254609636730e+02,7.6008995265067369e-01
2.7560082548385253e+02,7.5564325273592203e-01
2.7398762072628597e+02,7.5121990870343325e-01
2.7238286879198859e+02,7.4681974758732395e-01
2.7078650637308601e+02,7.4244259566603432e-01
2.6919846986449556e+02,7.3808827840252889e-01
2.6761869533819845e+02,7.3375662038540668e-01
2.6604711852478795e+02,7.2944744526341765e-01
2.6448367479123408e+02,7.2516057568680026e-01
2.6292829911864828e+02,7.2089583326055617e-01
2.6138092608383158e+02,7.1665303847998985e-01
2.5984148984099738e+02,7.1243201068352846e-01
2.5830992410524050e+02,7.0823256800429135e-01
2.5678616213437635e+02,7.0405452732904905e-01
2.5527013671636814e+02,6.9989770425581810e-01
2.5376178024231922e+02,6.9576191330156689e-01
2.5226102588546928e+02,6.9164697112444173e-01
2.5076780566578964e+02,6.8755269122527807e-01
2.4928205071599223e+02,6.8347888467405937e-01
2.4780369167285971e+02,6.7942536118289354e-01
2.4633265867904993e+02,6.7539192911340251e-01
2.4486888138530776e+02,6.7137839547376643e-01
2.4341228895203676e+02,6.6738456593998308e-01
2.4196281006169738e+02,6.6341024487178402e-01
2.4052037292835303e+02,6.5945523535003758e-01
2.3908490531326970e+02,6.5551933921574346e-01
2.3765633454348426e+02,6.5160235711914538e-01
2.3623458753601881e+02,6.4770408858964856e-01
2.3481959082261892e+02,6.4382433210380441e-01
2.3341127058380516e+02,6.3996288517080302e-01
2.3200955267949030e+02,6.3611954443524610e-01
2.3061436269292608e+02,6.3229410577173439e-01
2.2922562597465003e+02,6.2848636442447514e-01
2.2784326813096413e+02,6.2469611633605382e-01
2.2646721747360425e+02,6.2092316487633070e-01
2.2509740021958714e+02,6.1716730767318495e-01
2.2373374207713641e+02,6.1342834094796217e-01
2.2237616884987801e+02,6.0970606120133652e-01
2.2102460651379079e+02,6.0600026539759710e-01
2.1967898129002424e+02,6.0231075117837918e-01
2.1833921972790267e+02,5.9863731708969681e-01
2.1700524879002478e+02,5.9497976280442799e-01
2.1567699594266014e+02,5.9133788938186171e-01
2.1435438924661139e+02,5.8771149951780899e-01
2.1303735745960148e+02,5.8410039780926581e-01
2.1172583013202529e+02,5.8050439103999452e-01
2.1041973771795165e+02,5.7692328846246710e-01
2.0911901167727774e+02,5.7335690209333734e-01
2.0782358459063107e+02,5.6980504702369217e-01
2.0653339027153561e+02,5.6626754172191340e-01
2.0524836388195399e+02,5.6274420836200534e-01
2.0396844113891711e+02,5.5923487063182620e-01
2.0269355654559331e+02,5.5573934889923748e-01
2.0142364909086609e+02,5.5225747582937856e-01
2.0015865988016594e+02,5.4878908989280717e-01
1.9889853194082389e+02,5.4533403482787435e-01
1.9764321034308523e+02,5.4189215997826068e-01
1.9639264232001733e+02,5.3846332061891644e-01
1.9514677739160834e+02,5.3504737828973248e-01
1.9390556747850496e+02,5.3164420112420885e-01
1.9266896702419035e+02,5.2825366416300312e-01
1.9143693310627714e+02,5.2487564967759681e-01
1.9020942555088550e+02,5.2151004747247498e-01
1.8898640704061836e+02,5.1815675518639637e-01
1.8776784321991727e+02,5.1481567857956634e-01
1.8655370279657654e+02,5.1148673180989590e-01
1.8534395763761131e+02,5.0816983770050683e-01
1.8413858286099276e+02,5.0486492798950167e-01
1.8293755692231935e+02,5.0157194356086165e-01
1.8174086169165093e+02,4.9829083467125201e-01
1.8054848253208911e+02,4.9502156114408535e-01
1.7936040836211760e+02,4.9176409256017450e-01
1.7817663171823369e+02,4.8851840841416561e-01
1.7699714880500687e+02,4.8528449826562792e-01
1.7582195954199415e+02,4.8206236185478701e-01
1.7465106759901391e+02,4.7885200920518400e-01
1.7348446645401418e+02,4.7565342239568054e-01
1.7232213924272219e+02,4.7246655515812108e-01
1.7116409369488247e+02,4.6929142864928508e-01
1.7001034135633381e+02,4.6612807448809690e-01
1.6886089716153219e+02,4.6297653358851676e-01
1.6771577941410942e+02,4.5983685610281100e-01
1.6657500976073788e+02,4.5670910134776932e-01
1.6543861315137474e+02,4.5359333769977184e-01
1.6430661779805087e+02,4.5048964247712320e-01
1.6317905511823483e+02,4.4739810178725747e-01
1.6205595967371482e+02,4.4431881036439336e-01
1.6093736910296138e+02,4.4125187136910426e-01
1.5982332403864712e+02,4.3819739618083986e-01
1.5871386802551569e+02,4.3515550416145743e-01
1.5760904742695857e+02,4.3212632239851700e-01
1.5650891132454854e+02,4.2910998543334244e-01
1.5541351140971528e+02,4.2610663496986945e-01
1.5432290187239414e+02,4.2311641955541290e-01
1.5323713512381073e+02,4.2013948285739389e-01
1.5215623927389970e+02,4.1717590192956777e-01
1.5108026353892637e+02,4.1422581168103534e-01
1.5000926379533485e+02,4.1128936528741633e-01
1.4894329738791566e+02,4.0836671995305096e-01
1.4788242299074773e+02,4.0545803652003087e-01
1.4682670045795385e+02,4.0256347907791223e-01
1.4577619068149943e+02,3.9968321454898614e-01
1.4473095543938689e+02,3.9681741229742329e-01
1.4369105724693509e+02,3.9396624369896927e-01
1.4265655920631252e+02,3.9112988174451857e-01
1.4162752485362580e+02,3.8830850061594901e-01
1.4060401801066473e+02,3.8550227527650804e-01
1.3958610263251467e+02,3.8271138105289992e-01
1.3857384265994187e+02,3.7993599324170191e-01
1.3756730187177891e+02,3.7717628668281122e-01
1.3656654373730998e+02,3.7443243538257320e-01
1.3557163127593230e+02,3.7170461210348549e-01
1.3458262682752684e+02,3.6899298774642375e-01
1.3359957797673997e+02,3.6629769276339630e-01
1.3262253256549593e+02,3.6361885830763185e-01
1.3165154628141318e+02,3.6095663704145409e-01
1.3068667348596500e+02,3.5831117799830281e-01
1.2972796709917020e+02,3.5568262625702118e-01
1.2877547848649556e+02,3.5307112262898954e-01
1.2782925734721357e+02,3.5047680336435860e-01
1.2688935161405243e+02,3.4789979987181141e-01
1.2595580735680414e+02,3.4534023844491912e-01
1.2502866868703859e+02,3.4279824001623638e-01
1.2410797767672921e+02,3.4027391991901368e-01
1.2319377427297877e+02,3.3776738767301140e-01
1.2228609623020748e+02,3.3527874677088221e-01
1.2138497903657844e+02,3.3280809450275228e-01
1.2049045585462591e+02,3.3035552177921090e-01
1.1960255746403709e+02,3.2792111297987958e-01
1.1872131221252494e+02,3.2550494581585099e-01
1.1784674597100820e+02,3.2310709120520187e-01
1.1697888542345027e+02,3.2072762230120588e-01
1.1611776182992617e+02,3.1836662479997813e-01
1.1526339616742916e+02,3.1602415620204738e-01
1.1441580637654988e+02,3.1370026568788489e-01
1.1357500788336620e+02,3.1139499554240047e-01
1.1274101358733606e+02,3.0910838112197325e-01
1.1191383385349764e+02,3.0684045083557976e-01
1.1109347650693962e+02,3.0459122613081036e-01
1.1027994683821453e+02,3.0236072150239579e-01
1.0947324760520132e+02,3.0014894450414431e-01
1.0867337904759916e+02,2.9795589578418458e-01
1.0788033889746293e+02,2.9578156911577480e-01
1.0709412240027450e+02,2.9362595145528303e-01
1.0631472233682871e+02,2.9148902300084956e-01
1.0554212904779706e+02,2.8937075726514649e-01
1.0477633046417031e+02,2.8727112115007003e-01
1.0401731214026222e+02,2.8519007503882676e-01
1.0326505728572374e+02,2.8312757289222645e-01
1.0251962854503654e+02,2.8108378645777066e-01
1.0178085189394187e+02,2.7905823859691736e-01
1.0104881468525855e+02,2.7705116880667902e-01
1.0032349609292578e+02,2.7506251997772324e-01
9.9604873391508590e+01,2.7309222979943115e-01
9.8892921999911778e+01,2.7114023086835459e-01
9.8187615525559522e+01,2.6920645081929706e-01
9.7488925810903311e+01,2.6729081244479858e-01
9.6796822980919387e+01,2.6539323382871771e-01
9.6111275489442050e+01,2.6351362847560722e-01
9.5432250172132626e+01,2.6165190545202677e-01
9.4759712292114273e+01,2.5980796951364482e-01
9.4093625594221521e+01,2.5798172125087149e-01
9.3433952354011126e+01,2.5617305723039863e-01
9.2780653429508675e+01,2.5438187012980507e-01
9.2133688313595485e+01,2.5260804888398525e-01
9.1493015184882097e+01,2.5085147882703041e-01
9.0858590960269794e+01,2.4911204182910751e-01
9.0230371346813627e+01,2.4738961644652591e-01
8.9608328188536689e+01,2.4568412548092056e-01
8.8992438561341260e+01,2.4399550607552101e-01
8.8382658537535463e+01,2.4232363778810395e-01
8.7778943069977686e+01,2.4066839710462773e-01
8.7181246094114613e+01,2.3902965772686002e-01
8.6589520580368116e+01,2.3740729071062106e-01
8.6003718580876011e+01,2.3580116458788325e-01
8.5423791276465636e+01,2.3421114550546918e-01
8.4849689024325926e+01,2.3263709735419980e-01
8.4281361404398922e+01,2.3107888189042569e-01
8.3718757265596651e+01,2.2953635886983648e-01
8.3161824769107625e+01,2.2800938616228450e-01
8.2610511435719673e+01,2.2649781987388451e-01
8.2064764184295200e+01,2.2500151447263761e-01
8.1524529378511943e+01,2.2352032289666113e-01
8.0989752866269555e+01,2.2205409666935338e-01
8.0460380019096192e+01,2.2060268601626376e-01
7.9936355774581898e+01,2.1916593996445499e-01
7.9417628756549675e+01,2.1774371765275191e-01
7.8904178740514908e+01,2.1633596362698881e-01
7.8395962135575246e+01,2.1494255837023957e-01
7.7892927746870555e+01,2.1356336151745836e-01
7.7395024033787195e+01,2.1219823175601960e-01
7.6902199144300539e+01,2.1084702691700841e-01
7.6414400946348906e+01,2.0950960406742070e-01
7.5931577061419375e+01,2.0818581959542826e-01
7.5453674892429262e+01,2.0687552929257436e-01
7.4980641656846274e+01,2.0557858843858412e-01
7.4512424412474502e+01,2.0429485188003582e-01
7.4048970088711940e+01,2.0302417410619000e-01
7.3590225510182790e+01,2.0176640932572809e-01
7.3136137426306959e+01,2.0052141153394132e-01
7.2686652533768211e+01,1.9928903458855984e-01
7.2241719210287556e+01,1.9806913694912964e-01
7.1801309287315235e+01,1.9686164138670392e-01
7.1365380818897393e+01,1.9566643289192598e-01
7.0933884376310743e+01,1.9448337594462828e-01
7.0506770522333682e+01,1.9331233499679001e-01
7.0083989831618965e+01,1.9215317453767966e-01
6.9665492910600733e+01,1.9100575914012552e-01
6.9251230416877661e+01,1.8986995351815494e-01
6.8841153076326009e+01,1.8874562257497018e-01
6.8435211702599190e+01,1.8763263145046949e-01
6.8033357212669216e+01,1.8653084557445254e-01
6.7635540644172579e+01,1.8544013069868015e-01
6.7241713169962168e+01,1.8436035295235342e-01
6.6851826113648713e+01,1.8329137887531033e-01
6.6465830963163171e+01,1.8223307546054457e-01
6.6083680096431635e+01,1.8118531213997358e-01
6.5705346976523288e+01,1.8014801615129272e-01
6.5330796474532690e+01,1.7912109118231001e-01
6.4959984425222501e+01,1.7810441614278716e-01
6.4592866824008524e+01,1.7709787037881597e-01
6.4229399836563971e+01,1.7610133370999392e-01
6.3869539811566938e+01,1.7511468645261630e-01
6.3513243289722595e+01,1.7413780945332746e-01
6.3160467013309244e+01,1.7317058411094877e-01
6.2811167937470600e+01,1.7221289240171700e-01
6.2465303236152977e+01,1.7126461691054828e-01
6.2122830312349834e+01,1.7032564084479418e-01
6.1783706804970279e+01,1.6939584806334551e-01
6.1447890598559752e+01,1.6847512309072954e-01
6.1115339827083517e+01,1.6756335114314425e-01
6.0786480809503701e+01,1.6666170108112510e-01
6.0460238078783732e+01,1.6576722424281343e-01
6.0137187973421533e+01,1.6488150079726438e-01
5.9817289380414877e+01,1.6400441803057220e-01
5.9500501687231008e+01,1.6313586458602458e-01
5.9186784776102286e+01,1.6227573047569877e-01
5.8876099028915633e+01,1.6142390707534560e-01
5.8568405325349886e+01,1.6058028712450323e-01
5.8263665040838532e+01,1.5974476472445076e-01
5.7961840047209989e+01,1.5891723533854929e-01
5.7662892711814493e+01,1.5809759578246485e-01
5.7366785894206259e+01,1.5728574423224018e-01
5.7073482947889715e+01,1.5648158020746905e-01
5.6782947715080809e+01,1.5568500457527534e-01
5.6495144528977107e+01,1.5489591954178650e-01
5.6210038206249010e+01,1.5411422864735869e-01
5.5927600785682444e+01,1.5333985522499916e-01
5.5647805813874584e+01,1.5257272674909927e-01
5.5370621303387452e+01,1.5181275551481122e-01
5.5096015796647407e+01,1.5105985527668508e-01
5.4823958363849670e+01,1.5031394122911479e-01
5.4554418595973402e+01,1.4957493000019895e-01
5.4287366602336988e+01,1.4884273963605210e-01
5.4022773006174248e+01,1.4811728959102766e-01
5.3760608936951030e+01,1.4739850071327965e-01
5.3500846030307002e+01,1.4668629523055188e-01
5.3243456420022994e+01,1.4598059674176511e-01
5.2988412734237500e+01,1.4528133019996403e-01
5.2735688090731855e+01,1.4458842190140331e-01
5.2485256092273630e+01,1.4390179946974513e-01
5.2237090821319725e+01,1.4322139184571370e-01
5.1991166833904572e+01,1.4254712927095170e-01
5.1747459158475976e+01,1.4187894327403683e-01
5.1505943285825197e+01,1.4121676666115945e-01
5.1266595167806372e+01,1.4056053349781905e-01
5.1029391211341135e+01,1.3991017909563652e-01
5.0794308242271654e+01,1.3926563991640251e-01
5.0561314599995967e+01,1.3862682915532787e-01
5.0330379556922708e+01,1.3799366256500889e-01
5.0101479188713711e+01,1.3736607455280136e-01
4.9874589936982375e+01,1.3674400052218516e-01
4.9649688602075912e+01,1.3612737687014942e-01
4.9426752342376858e+01,1.3551614097059428e-01
4.9205758670985233e+01,1.3491023116660017e-01
4.8986685450770892e+01,1.3430958676394766e-01
4.8769510890997481e+01,1.3371414801963510e-01
4.8554213545343373e+01,1.3312385613278366e-01
4.8340772306895815e+01,1.3253865323338232e-01
4.8129166406055447e+01,1.3195848237512564e-01
4.7919375405297615e+01,1.3138328752427242e-01
4.7711379197367933e+01,1.3081301355032338e-01
4.7505158000218216e+01,1.3024760621942733e-01
4.7300692355609499e+01,1.2968701217710077e-01
4.7097963123058435e+01,1.2913117894765946e-01
4.6896951478207484e+01,1.2858005491966651e-01
4.6697638909041416e+01,1.2803358933535947e-01
4.6500007211754564e+01,1.2749173228371546e-01
4.6304038419737481e+01,1.2695443450991206e-01
4.6109709267737344e+01,1.2642163222221825e-01
4.5916997987718787e+01,1.2589326573674953e-01
4.5725886348460335e+01,1.2536928507267930e-01
4.5536356374563184e+01,1.2484964094232964e-01
4.5348390339757316e+01,1.2433428474457742e-01
4.5161970764456782e+01,1.2382316855644149e-01
4.4977080414944794e+01,1.2331624512762573e-01
4.4793702300579753e+01,1.2281346787278835e-01
4.4611819670302793e+01,1.2231479086278796e-01
4.4431416010542307e+01,1.2182016882468361e-01
4.4252475043176673e+01,1.2132955712638704e-01
4.4074980723089539e+01,1.2084291177643536e-01
4.3898917235026602e+01,1.2036018941262228e-01
4.3724268991558347e+01,1.1988134729858757e-01
4.3551020630926359e+01,1.1940634331631372e-01
4.3379157013667282e+01,1.1893513595873628e-01
4.3208663222147152e+01,1.1846768432008048e-01
4.3039524555439129e+01,1.1800394810006765e-01
4.2871726528916042e+01,1.1754388758174628e-01
4.2705254871398211e+01,1.1708746363888167e-01
4.2540095475909766e+01,1.1663463759100523e-01
4.2376232577604242e+01,1.1618536622052034e-01
4.2213651255995501e+01,1.1573960861164778e-01
4.2052337680535857e+01,1.1529732684914507e-01
4.1892278211074881e+01,1.1485848353504480e-01
4.1733459394250531e+01,1.1442304178160612e-01
4.1575867961277254e+01,1.1399096521074625e-01
4.1419490827363916e+01,1.1356221794642352e-01
4.1264315088395961e+01,1.1313676460781608e-01
4.1110328018781729e+01,1.1271457030636611e-01
4.0957517071103211e+01,1.1229560063770805e-01
4.0805869871808682e+01,1.1187982168166855e-01
4.0655374222318642e+01,1.1146719998566823e-01
4.0506018093554303e+01,1.1105770257483982e-01
4.0357789627159946e+01,1.1065129693179188e-01
4.0210677130962722e+01,1.1024795100513529e-01
4.0064669079903979e+01,1.0984763318981550e-01
3.9919754111499060e+01,1.0945031233654845e-01
3.9775921025546268e+01,1.0905595773635923e-01
3.9633158781798556e+01,1.0866453911853569e-01
3.9491456497926265e+01,1.0827602664789993e-01
3.9350824952241965e+01,1.0789044987518537e-01
3.9211204137769528e+01,1.0750764427677950e-01
3.9072610030416399e+01,1.0712765365440191e-01
3.8935031937086023e+01,1.0675044869014982e-01
3.8798459318291862e+01,1.0637600048664808e-01
3.8662881786702201e+01,1.0600428056534383e-01
3.8528289104346186e+01,1.0563526085400099e-01
3.8394671179645229e+01,1.0526891368613178e-01
3.8262018066132441e+01,1.0490521179292500e-01
3.8130319959542248e+01,1.0454412829108151e-01
3.7999567196122371e+01,1.0418563668361003e-01
3.7869750248035416e+01,1.0382971084993642e-01
3.7740859724814072e+01,1.0347632504317517e-01
3.7612886367889587e+01,1.0312545387796490e-01
3.7485821049602237e+01,1.0277707233024103e-01
3.7359654772386421e+01,1.0243115572768602e-01
3.7234378663706593e+01,1.0208767974665989e-01
3.7109983977046795e+01,1.0174662040412841e-01
3.6986462086264510e+01,1.0140795405300196e-01
3.6863804487918969e+01,1.0107165737713331e-01
3.6742002795799635e+01,1.0073770738176790e-01
3.6621048676141072e+01,1.0040608121948935e-01
3.6500932919036131e+01,1.0007675363908675e-01
3.6381646983616520e+01,9.9749701222435760e-02
3.6263182767143007e+01,9.9424901755355677e-02
3.6145532268448733e+01,9.9102333301175349e-02
3.6028687586542219e+01,9.8781974194821487e-02
3.5912640916532837e+01,9.8463803038384867e-02
3.5797384550096467e+01,9.8147798699756095e-02
3.5682910873263609e+01,9.7833940298869493e-02
3.5569212362461258e+01,9.7522207211568457e-02
3.5456281585909892e+01,9.7212579060055759e-02
3.5344111199316103e+01,9.6905035709482945e-02
3.5232693945465144e+01,9.6599557261356495e-02
3.5122022652067244e+01,9.6296124050581966e-02
3.5012090230186004e+01,9.5994716641484956e-02
3.4902889671793673e+01,9.5695315821217264e-02
3.4794414050003979e+01,9.5397902595664164e-02
3.4686656515521463e+01,9.5102458187398042e-02
3.4579610295826569e+01,9.4808964027379261e-02
3.4473268694186118e+01,9.4517401753819286e-02
3.4367625087033957e+01,9.4227753206496345e-02
3.4262672921933699e+01,9.3940000423572201e-02
3.4158405719150323e+01,9.3654125635907803e-02
3.4054817066469695e+01,9.3370111263197941e-02
3.3951900619780645e+01,9.3087939913175433e-02
3.3849650101445150e+01,9.2807594372516178e-02
3.3748059298261069e+01,9.2529057606839160e-02
3.3647122060938273e+01,9.2252312753998922e-02
3.3546832301304676e+01,9.1977343125336120e-02
3.3447183992422651e+01,9.1704132196809951e-02
3.3348171277728397e+01,9.1432663905493428e-02
3.3249789032968692e+01,9.1162924209243101e-02
3.3152031655539759e+01,9.0894897741918612e-02
3.3054893468390219e+01,9.0628568939678189e-02
3.2958368853200227e+01,9.0363922400342744e-02
3.2862452250963543e+01,9.0100942880326329e-02
3.2767138158611488e+01,8.9839615293499264e-02
3.2672421130235307e+01,8.9579924705958547e-02
3.2578295773593709e+01,8.9321856336027849e-02
3.2484756750345696e+01,8.9065395546413129e-02
3.2391798775293864e+01,8.8810527845680554e-02
3.2299416613474023e+01,8.8557238882003730e-02
3.2207605081202928e+01,8.8305514443163702e-02
3.2116359044157434e+01,8.8055340449955111e-02
3.2025673415744677e+01,8.7806702958118876e-02
3.1935543156869244e+01,8.7559588151520984e-02
3.1845963274594396e+01,8.7313982340788243e-02
3.1756928821094334e+01,8.7069871959556622e-02
3.1668434893130325e+01,8.6827243564925993e-02
3.1580476630711928e+01,8.6586083832003169e-02
3.1493049216049258e+01,8.6346379549695484e-02
3.1406147872155998e+01,8.6108117624576153e-02
3.1319767863722518e+01,8.5871285069515579e-02
3.1233904493448790e+01,8.5635869010275201e-02
3.1148553104198072e+01,8.5401856674366172e-02
3.1063709075795487e+01,8.5169235394346288e-02
3.0979367824795190e+01,8.4937992606342050e-02
3.0895524804189336e+01,8.4708115842090592e-02
3.0812175501952879e+01,8.4479592729735487e-02
3.0729315440927166e+01,8.4252410993940430e-02
3.0646940663806163e+01,8.4026559786707367e-02
3.0565048615913838e+01,8.3802032104358659e-02
3.0483635342447087e+01,8.3578817101965797e-02
3.0402696784527507e+01,8.3356903650269487e-02
3.0322228926059324e+01,8.3136280738472124e-02
3.0242227793089114e+01,8.2916937472305108e-02
3.0162689452758059e+01,8.2698863069481376e-02
3.0083610014815349e+01,8.2482046861741765e-02
3.0004985628125723e+01,8.2266478292126521e-02
2.9926812482357491e+01,8.2052146910655210e-02
2.9849086805013940e+01,8.1839042378646809e-02
2.9771804863645229e+01,8.1627154459511075e-02
2.9694962963927537e+01,8.1416473023978142e-02
2.9618557447800413e+01,8.1206988044755235e-02
2.9542584695620462e+01,8.0998689595162432e-02
2.9467041122843511e+01,8.0791567848791601e-02
2.9391923181596212e+01,8.0585613078824281e-02
2.9317227358871605e+01,8.0380815653711579e-02
2.9242950177052990e+01,8.0177166035809933e-02
2.9169088192225900e+01,7.9974654785132770e-02
2.9095637994294520e+01,7.9773272552529306e-02
2.9022596206341404e+01,7.9573010078775042e-02
2.8949959484860301e+01,7.9373858194571767e-02
2.8877724517311435e+01,7.9175807819979127e-02
2.8805888023576699e+01,7.8978849961572450e-02
2.8734446754853707e+01,7.8782975712442749e-02
2.8663397492724471e+01,7.8588176248103991e-02
2.8592737049330026e+01,7.8394442827288913e-02
2.8522462266671937e+01,7.8201766790584770e-02
2.8452570015506353e+01,7.8010139560774405e-02
2.8383057349827141e+01,7.7819553060976432e-02
2.8313921534107067e+01,7.7629999788541681e-02
2.8245159586716909e+01,7.7441471572342380e-02
2.8176768550416455e+01,7.7253960299003666e-02
2.8108745494973846e+01,7.7067457939392625e-02
2.8041087521531153e+01,7.6881956542138141e-02
2.7973791758238804e+01,7.6697448237155186e-02
2.7906855362991337e+01,7.6513925228482549e-02
2.7840275521681178e+01,7.6331379800876675e-02
2.7774049446394201e+01,7.6149804314468383e-02
2.7708174378087278e+01,7.5969191199646957e-02
2.7642647584376391e+01,7.5789532966496154e-02
2.7577466358256061e+01,7.5610822194335015e-02
2.7512628020194825e+01,7.5433051536151652e-02
2.7448129915690515e+01,7.5256213713601028e-02
2.7383969415794127e+01,7.5080301519506065e-02
2.7320143917575479e+01,7.4905307814901789e-02
2.7256650840863585e+01,7.4731225529831136e-02
2.7193487632088363e+01,7.4558047658797477e-02
2.7130651760497130e+01,7.4385767264288916e-02
2.7068140719144139e+01,7.4214377473936111e-02
2.7005952024774160e+01,7.4043871478238543e-02
2.6944083216949366e+01,7.3874242533293000e-02
2.6882531857991125e+01,7.3705483954199735e-02
2.6821295533562079e+01,7.3537589119382574e-02
2.6760371850046795e+01,7.3370551467746736e-02
2.6699758435832337e+01,7.3204364500043084e-02
2.6639452942181379e+01,7.3039021772046908e-02
2.6579453039856162e+01,7.2874516899787523e-02
2.6519756421446800e+01,7.2710843556365035e-02
2.6460360916098580e+01,7.2547995790273490e-02
2.6401264400221407e+01,7.2385967779041493e-02
2.6342464655637741e+01,7.2224753439627420e-02
2.6283959485299420e+01,7.2064346749584729e-02
2.6225746712181717e+01,7.1904741741263933e-02
2.6167824180854950e+01,7.1745932503517906e-02
2.6110189755912870e+01,7.1587913180223950e-02
2.6052841320866719e+01,7.1430677971761725e-02
2.5995776780648157e+01,7.1274221130238402e-02
2.5938994057825767e+01,7.1118536963922452e-02
2.5882491095922887e+01,7.0963619830536118e-02
2.5826265855750535e+01,7.0809464142939760e-02
2.5770316318725236e+01,7.0656064362879079e-02
2.5714640483027324e+01,7.0503415004964154e-02
2.5659236366162077e+01,7.0351510630871417e-02
2.5604102002864238e+01,7.0200345856164859e-02
2.5549235446727835e+01,7.0049915340518965e-02
2.5494634768052492e+01,6.9900213794085175e-02
2.5440298054250889e+01,6.9751235976468706e-02
2.5386223411187530e+01,6.9602976688543094e-02
2.5332408960210159e+01,6.9455430783705197e-02
2.5278852839779574e+01,6.9308593156847564e-02
2.5225553204945754e+01,6.9162458749588041e-02
2.5172508227231447e+01,6.9017022549019202e-02
2.5119716093526222e+01,6.8872279584184071e-02
2.5067175007425249e+01,6.8728224927554038e-02
2.5014883186900988e+01,6.8584853697075232e-02
2.4962838866689708e+01,6.8442161049802053e-02
2.4911040295963176e+01,6.8300142185421464e-02
2.4859485740249511e+01,6.8158792351482589e-02
2.4808173568977509e+01,6.8018107075090484e-02
2.4757102139876224e+01,6.7878081852995820e-02
2.4706269777962007e+01,6.7738712093500908e-02
2.4655674822977744e+01,6.7599993246290069e-02
2.4605315631080884e+01,6.7461920800724329e-02
2.4555190570710693e+01,6.7324490286068794e-02
2.4505298026488163e+01,6.7187697273652702e-02
2.4455636397062335e+01,6.7051537370389269e-02
2.4406204094528221e+01,6.6916006226165337e-02
2.4356999545765575e+01,6.6781099525314858e-02
2.4308021190925501e+01,6.6646812991621118e-02
2.4259267483663280e+01,6.6513142387407242e-02
2.4210736892535351e+01,6.6380083509557153e-02
2.4162427897041198e+01,6.6247632192471428e-02
2.4114338991465047e+01,6.6115784308180992e-02
2.4066468682955019e+01,6.5984535762254382e-02
2.4018815490882844e+01,6.5853882495957805e-02
2.3971377948066220e+01,6.5723820485573015e-02
2.3924154599022586e+01,6.5594345741033067e-02
2.3877144001191482e+01,6.5465454308423432e-02
2.3830344724061433e+01,6.5337142264297654e-02
2.3783755349519197e+01,6.5209405720565883e-02
2.3737374470860232e+01,6.5082240819492654e-02
2.3691200693428982e+01,6.4955643739494917e-02
2.3645232634153217e+01,6.4829610686956585e-02
2.3599468921718653e+01,6.4704137902594994e-02
2.3553908195637632e+01,6.4579221656344998e-02
2.3508549107005820e+01,6.4454858251679070e-02
2.3463390318443999e+01,6.4331044017535532e-02
2.3418430510268081e+01,6.4207775339696127e-02
2.3373668478510808e+01,6.4085048914421350e-02
2.3329102962219622e+01,6.3962861287336636e-02
2.3284732678323053e+01,6.3841208936423754e-02
2.3240556352655403e+01,6.3720088372974715e-02
2.3196572723973077e+01,6.3599496133747380e-02
2.3152780539239757e+01,6.3479428788468795e-02
2.3109178557002451e+01,6.3359882931536049e-02
2.3065765546343755e+01,6.3240855186791123e-02
2.3022540285543073e+01,6.3122342204565030e-02
2.2979501563182566e+01,6.3004340666452663e-02
2.2936648177972529e+01,6.2886847276104163e-02
2.2893978938460350e+01,6.2769858766046127e-02
2.2851492661866359e+01,6.2653371896089993e-02
2.2809188176470343e+01,6.2537383450603556e-02
2.2767064318468329e+01,6.2421890242148947e-02
2.2725119933951646e+01,6.2306889104888796e-02
2.2683353878732305e+01,6.2192376901293756e-02
2.2641765016713180e+01,6.2078350519641390e-02
2.2600352221576031e+01,6.1964806868104461e-02
2.2559114375209901e+01,6.1851742883277439e-02
2.2518050368933473e+01,6.1739155523923728e-02
2.2477159101807047e+01,6.1627041773363089e-02
2.2436439482960850e+01,6.1515398637538965e-02
2.2395890427695122e+01,6.1404223145814285e-02
2.2355510861671064e+01,6.1293512351880963e-02
2.2315299717825837e+01,6.1183263328985049e-02
2.2275255937071051e+01,6.1073473175838444e-02
2.2235378469456919e+01,6.0964139009570317e-02
2.2195666271320079e+01,6.0855257973457810e-02
2.2156118308717851e+01,6.0746827227831091e-02
2.2116733553644735e+01,6.0638843958827238e-02
2.2077510986826383e+01,6.0531305368499488e-02
2.2038449596380815e+01,6.0424208682661629e-02
2.1999548377760220e+01,6.0317551148386883e-02
2.1960806333052460e+01,6.0211330032529986e-02
2.1922222473716829e+01,6.0105542617748142e-02
2.1883795816102065e+01,6.0000186212619155e-02
2.1845525384764187e+01,5.9895258140954866e-02
2.1807410211360548e+01,5.9790755747599178e-02
2.1769449333427474e+01,5.9686676396836447e-02
2.1731641797407065e+01,5.9583017467616628e-02
2.1693986654456239e+01,5.9479776363104975e-02
2.1656482963124290e+01,5.9376950501814463e-02
2.1619129788596183e+01,5.9274537320902709e-02
2.1581926202925388e+01,5.9172534274466670e-02
2.1544871283578686e+01,5.9070938835134257e-02
2.1507964115822688e+01,5.8969748491563223e-02
2.1471203943248838e+01,5.8868961174994183e-02
2.1434590066492092e+01,5.8768574963096398e-02
2.1398121612844989e+01,5.8668587466513600e-02
2.1361797716759611e+01,5.8568996311578303e-02
2.1325617519905791e+01,5.8469799141562362e-02
2.1289580168668181e+01,5.8370993621451817e-02
2.1253684817347676e+01,5.8272577428965633e-02
2.1217930626822636e+01,5.8174548262513781e-02
2.1182316763210110e+01,5.8076903838923499e-02
2.1146842399262823e+01,5.7979641889801314e-02
2.1111506714893039e+01,5.7882760164375213e-02
2.1076308895368129e+01,5.7786256429267269e-02
2.1041248131659813e+01,5.7690128468948387e-02
2.1006323621433694e+01,5.7594374081759270e-02
2.0971534568583593e+01,5.7498991084003137e-02
2.0936880181776360e+01,5.7403977306876186e-02
2.0902359676489141e+01,5.7309330599082386e-02
2.0867972273263149e+01,5.7215048825810300e-02
2.0833717198867816e+01,5.7121129864299292e-02
2.0799593685485888e+01,5.7027571611115491e-02
2.0765600971295498e+01,5.6934371973966336e-02
2.0731738298723940e+01,5.6841528881591330e-02
2.0698004916659556e+01,5.6749040271597551e-02
2.0664400079811458e+01,5.6656904099213534e-02
2.0630923046905082e+01,5.6565118334560793e-02
2.0597573083185125e+01,5.6473680961858008e-02
2.0564349458029028e+01,5.6382589978397846e-02
2.0531251447042450e+01,5.6291843396820695e-02
2.0498278330080211e+01,5.6201439244091489e-02
2.0465429392294027e+01,5.6111375559680710e-02
2.0432703924074303e+01,5.6021650397838130e-02
2.0400101220351644e+01,5.5932261825546448e-02
2.0367620580829680e+01,5.5843207924340277e-02
2.0335261310741771e+01,5.5754486786895541e-02
2.0303022719570436e+01,5.5666096521008512e-02
2.0270904121454805e+01,5.5578035245957835e-02
2.0238904835190624e+01,5.5490301095460381e-02
2.0207024184754118e+01,5.5402892214146959e-02
2.0175261497613974e+01,5.5315806759381303e-02
2.0143616106826812e+01,5.5229042901714820e-02
2.0112087349116337e+01,5.5142598823294975e-02
2.0080674566561356e+01,5.5056472718547411e-02
2.0049377103801817e+01,5.4970662794517011e-02
2.0018194311996922e+01,5.4885167268025725e-02
1.9987125545041636e+01,5.4799984369083177e-02
1.9956170161487535e+01,5.4715112339408734e-02
1.9925327524077147e+01,5.4630549431635700e-02
1.9894597030128352e+01,5.4546293994803818e-02
1.9863978194014635e+01,5.4462344695025422e-02
1.9833470420388039e+01,5.4378699900553329e-02
1.9803073101735208e+01,5.4295357946330114e-02
1.9772785634675529e+01,5.4212317178212288e-02
1.9742607421008870e+01,5.4129575955130349e-02
1.9712537865794729e+01,5.4047132647724538e-02
1.9682576378632803e+01,5.3964985636184792e-02
1.9652722373779397e+01,5.3883133312183418e-02
1.9622975268342998e+01,5.3801574081717263e-02
1.9593334484845400e+01,5.3720306358968628e-02
1.9563799448951613e+01,5.3639328569488498e-02
1.9534369590517599e+01,5.3558639151560783e-02
1.9505044343590271e+01,5.3478236552450653e-02
1.9475823146058246e+01,5.3398119229427721e-02
1.9446705439069774e+01,5.3318285653176645e-02
1.9417690668371506e+01,5.3238734301771728e-02
1.9388778283260763e+01,5.3159463666020201e-02
1.9359967736585531e+01,5.3080472246733734e-02
1.9331258484802675e+01,5.3001758552682077e-02
1.9302649988501798e+01,5.2923321106391086e-02
1.9274141711823177e+01,5.2845158436070960e-02
1.9245733122632373e+01,5.2767269083119572e-02
1.9217423691181466e+01,5.2689651597347620e-02
1.9189212892728392e+01,5.2612304538683929e-02
1.9161100205616094e+01,5.2535226476265962e-02
1.9133085111039691e+01,5.2458415989349305e-02
1.9105167094559874e+01,5.2381871665488688e-02
1.9077345644123852e+01,5.2305592101788534e-02
1.9049620251636952e+01,5.2229575905812453e-02
1.9021990412380546e+01,5.2153821692854763e-02
1.8994455624837428e+01,5.2078328087418413e-02
1.8967015389993321e+01,5.2003093724465543e-02
1.8939669214130845e+01,5.1928117244756322e-02
1.8912416603823658e+01,5.1853397300874349e-02
1.8885257071291562e+01,5.1778932551769685e-02
1.8858190130500589e+01,5.1704721665714715e-02
1.8831215298734605e+01,5.1630763321213635e-02
1.8804332096886355e+01,5.1557056202568674e-02
1.8777540048060473e+01,5.1483599003177005e-02
1.8750838679552544e+01,5.1410390424166508e-02
1.8724227519764099e+01,5.1337429178261118e-02
1.8697706101695076e+01,5.1264713981595378e-02
1.8671273960615508e+01,5.1192243560194584e-02
1.8644930635404307e+01,5.1120016647473676e-02
1.8618675665871706e+01,5.1048031986624665e-02
1.8592508596775588e+01,5.0976288326182839e-02
1.8566428976715542e+01,5.0904784428666972e-02
1.8540436422044877e+01,5.0833519243610681e-02
1.8514530522981659e+01,5.0762491647560637e-02
1.8488710841687862e+01,5.0691700438051157e-02
1.8462976943759713e+01,5.0621144424098929e-02
1.8437328396423254e+01,5.0550822421882913e-02
1.8411764771095477e+01,5.0480733254744337e-02
1.8386285641172435e+01,5.0410875753073014e-02
1.8360890583426226e+01,5.0341248756240020e-02
1.8335579177015461e+01,5.0271851109300769e-02
1.8310351003310643e+01,5.0202681667769866e-02
1.8285205647640396e+01,5.0133739292391510e-02
1.8260142697603442e+01,5.0065022849935303e-02
1.8235161741788033e+01,4.9996531219903773e-02
1.8210262374544982e+01,4.9928263281117324e-02
1.8185444189759437e+01,4.9860217927971462e-02
1.8160706786031369e+01,4.9792394054975375e-02
1.8136049763474148e+01,4.9724790567097443e-02
1.8111472725227941e+01,4.9657406375672508e-02
1.8086975276353769e+01,4.9590240400561925e-02
1.8062557025463320e+01,4.9523291564355532e-02
1.8038217582390644e+01,4.9456558800216044e-02
1.8013956560171209e+01,4.9390041047558952e-02
1.7989773573877756e+01,4.9323737250347222e-02
1.7965668241900858e+01,4.9257646360842955e-02
1.7941640183445998e+01,4.9191767336765224e-02
1.7917689021734986e+01,4.9126099144132240e-02
1.7893814381211996e+01,4.9060640753054940e-02
1.7870015888882335e+01,4.8995391142057088e-02
1.7846293174254242e+01,4.8930349294892039e-02
1.7822645868698601e+01,4.8865514201452243e-02
1.7799073606613092e+01,4.8800884858110294e-02
1.7775576024141628e+01,4.8736460267036819e-02
1.7752152759698220e+01,4.8672239437109965e-02
1.7728803453210276e+01,4.8608221382664851e-02
1.7705527747806627e+01,4.8544405124061996e-02
1.7682325288827997e+01,4.8480789688028381e-02
1.7659195722604636e+01,4.8417374107089017e-02
1.7636138698610011e+01,4.8354157418771138e-02
1.7613153868180234e+01,4.8291138666172628e-02
1.7590240884455852e+01,4.8228316899098900e-02
1.7567399402614683e+01,4.8165691173835512e-02
1.7544629080453888e+01,4.8103260549964943e-02
1.7521929576469120e+01,4.8041024094004570e-02
1.7499300553405192e+01,4.7978980876905553e-02
1.7476741673774086e+01,4.7917129976212891e-02
1.7454252603522036e+01,4.7855470474587491e-02
1.7431833008886315e+01,4.7794001460147228e-02
1.7409482579038013e+01,4.7732722077739709e-02
1.7387201022822410e+01,4.7671631528487524e-02
1.7364988017710857e+01,4.7610728930180812e-02
1.7342843243095558e+01,4.7550013403110825e-02
1.7320766379765701e+01,4.7489484072116284e-02
1.7298757111013401e+01,4.7429140067606568e-02
1.7276815121294931e+01,4.7368980526471205e-02
1.7254940097976942e+01,4.7309004590033510e-02
1.7233131729124580e+01,4.7249211405187452e-02
1.7211389706295449e+01,4.7189600122464981e-02
1.7189713721221779e+01,4.7130169900128749e-02
1.7168103468662594e+01,4.7070919899738328e-02
1.7146558644832112e+01,4.7011849288651320e-02
1.7125078947865404e+01,4.6952957238886484e-02
1.7103664077294525e+01,4.6894242927351115e-02
1.7082313734979834e+01,4.6835705536409478e-02
1.7061027624295093e+01,4.6777344253086994e-02
1.7039805450709537e+01,4.6719158268388128e-02
1.7018646920914762e+01,4.6661146779911178e-02
1.6997551743639633e+01,4.6603308988210301e-02
1.6976519629184622e+01,4.6545644100319805e-02
1.6955550290120300e+01,4.6488151325320359e-02
1.6934643440064974e+01,4.6430829879568591e-02
1.6913798794324975e+01,4.6373678983513855e-02
1.6893016070651356e+01,4.6316697861016110e-02
1.6872294986853376e+01,4.6259885741733342e-02
1.6851635263999924e+01,4.6203241859188893e-02
1.6831036624673288e+01,4.6146765450430394e-02
1.6810498792037833e+01,4.6090455758871940e-02
1.6790021491062362e+01,4.6034312031338231e-02
1.6769604448985774e+01,4.5978333519542502e-02
1.6749247394676786e+01,4.5922519477130663e-02
1.6728950057644397e+01,4.5866869165706703e-02
1.6708712169493083e+01,4.5811381848920973e-02
1.6688533463573549e+01,4.5756056793152311e-02
1.6668413673876785e+01,4.5700893273533438e-02
1.6648352537187748e+01,4.5645890564287583e-02
1.6628349790873472e+01,4.5591047947141305e-02
1.6608405173930805e+01,4.5536364706663335e-02
1.6588518426753581e+01,4.5481840130491946e-02
1.6568689292005729e+01,4.5427473512972938e-02
1.6548917512060143e+01,4.5373264148906856e-02
1.6529202832549345e+01,4.5319211339801768e-02
1.6509544999687932e+01,4.5265314390462663e-02
1.6489943760796450e+01,4.5211572608195638e-02
1.6470398865523748e+01,4.5157985304740578e-02
1.6450910064158961e+01,4.5104551796953274e-02
1.6431477111182176e+01,4.5051271412603455e-02
1.6412099784472957e+01,4.4998143541420177e-02
1.6392777844506782e+01,4.4945167527885133e-02
1.6373511050478555e+01,4.4892342709545119e-02
1.6354299161408562e+01,4.4839668426789103e-02
1.6335141938237939e+01,4.4787144025463022e-02
1.6316039143595845e+01,4.4734768852663365e-02
1.6296990540926345e+01,4.4682542261284652e-02
1.6277995895477943e+01,4.4630463606836202e-02
1.6259054973663297e+01,4.4578532249715863e-02
1.6240167542884592e+01,4.4526747551799417e-02
1.6221333372814115e+01,4.4475108880305925e-02
1.6202552233298775e+01,4.4423615606774547e-02
1.6183823895931710e+01,4.4372267104222374e-02
1.6165148134052288e+01,4.4321062749304474e-02
1.6146524721523747e+01,4.4270001924815006e-02
1.6127953434071969e+01,4.4219084012866006e-02
1.6109434048412368e+01,4.4168308403186529e-02
1.6090966342366301e+01,4.4117674485846692e-02
1.6072550095093902e+01,4.4067181657396759e-02
1.6054185087385122e+01,4.4016829313250128e-02
1.6035871100670192e+01,4.3966616856891960e-02
1.6017607917950954e+01,4.3916543692262167e-02
1.5999395323218778e+01,4.3866609227052322e-02
1.5981233101338148e+01,4.3816812873387789e-02
1.5963121039792895e+01,4.3767154044644485e-02
1.5945058925310150e+01,4.3717632159541608e-02
1.5927046546828933e+01,4.3668246638389974e-02
1.5909083694277797e+01,4.3618996905365748e-02
1.5891170159040485e+01,4.3569882387600956e-02
1.5873305733141024e+01,4.3520902515524540e-02
1.5855490209942218e+01,4.3472056722180241e-02
1.5837723384029232e+01,4.3423344443795031e-02
1.5820005050452892e+01,4.3374765121598102e-02
1.5802335006184876e+01,4.3326318195795466e-02
1.5784713049244601e+01,4.3278003113528030e-02
1.5767138978233561e+01,4.3229819322050389e-02
1.5749612592975609e+01,4.3181766274074107e-02
1.5732133694575168e+01,4.3133843423220242e-02
1.5714702084951568e+01,4.3086050225724648e-02
1.5697317567362916e+01,4.3038386143507523e-02
1.5679979945765808e+01,4.2990850638375377e-02
1.5662689025455620e+01,4.2943443176341134e-02
1.5645444612659048e+01,4.2896163225691453e-02
1.5628246514417697e+01,4.2849010259033093e-02
1.5611094538646284e+01,4.2801983749768624e-02
1.5593988495529629e+01,4.2755083173915409e-02
1.5576928194204811e+01,4.2708308012493035e-02
1.5559913466975559e+01,4.2661657805410869e-02
1.5542944142536726e+01,4.2615132078253737e-02
1.5526020034740213e+01,4.2568730326365767e-02
1.5509140960115474e+01,4.2522452043385783e-02
1.5492306734784506e+01,4.2476296726135843e-02
1.5475517176731955e+01,4.2430263875189667e-02
1.5458772104349919e+01,4.2384352993281027e-02
1.5442071337194648e+01,4.2338563585417432e-02
1.5425414696219377e+01,4.2292895160130684e-02
1.5408802002319135e+01,4.2247347227544196e-02
1.5392233078193385e+01,4.2201919300964619e-02
1.5375707747531123e+01,4.2156610895517588e-02
1.5359225833963137e+01,4.2111421529966719e-02
1.5342787163099274e+01,4.2066350724894619e-02
1.5326391560956836e+01,4.2021398003726063e-02
1.5310038854484446e+01,4.1976562891363756e-02
1.5293728871387430e+01,4.1931844917485250e-02
1.5277461440535262e+01,4.1887243610744918e-02
1.5261236392136198e+01,4.1842758505026723e-02
1.5245053555991035e+01,4.1798389136033620e-02
1.5228912763821427e+01,4.1754135041287554e-02
1.5212813848047517e+01,4.1709995760015772e-02
1.5196756641613320e+01,4.1665970835879307e-02
1.5180740978335962e+01,4.1622059813107626e-02
1.5164766693080310e+01,4.1578262238999741e-02
1.5148833621817175e+01,4.1534577662673655e-02
1.5132941600750200e+01,4.1491005636203226e-02
1.5117090467130765e+01,4.1447545713822365e-02
1.5101280059490819e+01,4.1404197449764979e-02
1.5085510216071270e+01,4.1360960404972502e-02
1.5069780777324922e+01,4.1317834138453691e-02
1.5054091582773253e+01,4.1274818213764775e-02
1.5038442475255579e+01,4.1231912194916731e-02
1.5022833295108285e+01,4.1189115649217456e-02
1.5007263886858709e+01,4.1146428146475955e-02
1.4991734092880506e+01,4.1103849257865477e-02
1.4976243758632336e+01,4.1061378556037198e-02
1.4960792728175875e+01,4.1019015618076082e-02
1.4945380848366767e+01,4.0976760019702851e-02
1.4930007965827826e+01,4.0934611342322569e-02
1.4914673927414697e+01,4.0892569166203430e-02
1.4899378581787460e+01,4.0850633076502163e-02
1.4884121777722612e+01,4.0808802657238630e-02
1.4868903364636935e+01,4.0767077497889659e-02
1.4853723193169571e+01,4.0725457186340464e-02
1.4838581114250701e+01,4.0683941315592165e-02
1.4823476979625411e+01,4.0642529478645884e-02
1.4808410641853698e+01,4.0601221271685972e-02
1.4793381953903008e+01,4.0560016291124157e-02
1.4778390769904945e+01,4.0518914137919637e-02
1.4763436944631394e+01,4.0477914411098936e-02
1.4748520332854241e+01,4.0437016715600294e-02
1.4733640790509526e+01,4.0396220655566140e-02
1.4718798174464609e+01,4.0355525837071582e-02
1.4703992341528647e+01,4.0314931870625514e-02
1.4689223150315229e+01,4.0274438364917842e-02
1.4674490458623040e+01,4.0234044933640689e-02
1.4659794126113411e+01,4.0193751189804061e-02
1.4645134012796916e+01,4.0153556749146446e-02
1.4630509978684131e+01,4.0113461229566383e-02
1.4615921885648277e+01,4.0073464250099278e-02
1.4601369594631251e+01,4.0033565432054274e-02
1.4586852968262974e+01,3.9993764398445819e-02
1.4572371869755443e+01,3.9954060773425226e-02
1.4557926162960939e+01,3.9914454182166992e-02
1.4543515711557120e+01,3.9874944253824651e-02
1.4529140381258912e+01,3.9835530616869619e-02
1.4514800036442466e+01,3.9796212903297601e-02
1.4500494543812238e+01,3.9756990745104304e-02
1.4486223769781645e+01,3.9717863776445483e-02
1.4471987581520807e+01,3.9678831634091694e-02
1.4457785847072955e+01,3.9639893956064043e-02
1.4443618434655946e+01,3.9601050380042579e-02
1.4429485213069711e+01,3.9562300547572704e-02
1.4415386052569374e+01,3.9523644100199817e-02
1.4401320840173867e+01,3.9485080730855771e-02
1.4387289503007196e+01,3.9446610240247537e-02
1.4373291919648182e+01,3.9408232292998946e-02
1.4359327964950353e+01,3.9369946547367363e-02
1.4345397514756769e+01,3.9331752663201769e-02
1.4331500445900019e+01,3.9293650302170136e-02
1.4317636634747032e+01,3.9255639126508868e-02
1.4303805959876627e+01,3.9217718800159673e-02
1.4290008298587054e+01,3.9179888990588552e-02
1.4276243530330248e+01,3.9142149364693068e-02
1.4262511533976067e+01,3.9104499591644526e-02
1.4248812189325690e+01,3.9066939343229024e-02
1.4235145378042944e+01,3.9029468289754732e-02
1.4221510979987215e+01,3.8992086107555224e-02
1.4207908877462614e+01,3.8954792471031396e-02
1.4194338952365797e+01,3.8917587057994751e-02
1.4180801087815780e+01,3.8880469546825225e-02
1.4167295167106204e+01,3.8843439616925934e-02
1.4153821073938161e+01,3.8806496950769542e-02
1.4140378692711238e+01,3.8769641231169771e-02
1.4126967908756342e+01,3.8732872143214081e-02
1.4113588607346173e+01,3.8696189372103618e-02
1.4100240674451925e+01,3.8659592606336446e-02
1.4086923996976111e+01,3.8623081534410630e-02
1.4073638461646624e+01,3.8586655847893780e-02
1.4060383956413716e+01,3.8550315237216637e-02
1.4047160369111225e+01,3.8514059396334233e-02
1.4033967588795349e+01,3.8477888020793216e-02
1.4020805504405871e+01,3.8441800805912862e-02
1.4007674005930312e+01,3.8405797449172496e-02
1.3994572983472608e+01,3.8369877649984119e-02
1.3981502327194903e+01,3.8334041109010286e-02
1.3968461929180194e+01,3.8298287527368302e-02
1.3955451680521946e+01,3.8262616608221833e-02
1.3942471473652404e+01,3.8227028056098789e-02
1.3929521201178432e+01,3.8191521577346066e-02
1.3916600756405387e+01,3.8156096878196877e-02
1.3903710033162497e+01,3.8120753667385543e-02
1.3890848925104365e+01,3.8085491654555881e-02
1.3878017326933332e+01,3.8050310551398070e-02
1.3865215133875608e+01,3.8015210069829664e-02
1.3852442241855897e+01,3.7980189923018770e-02
1.3839698546042200e+01,3.7945249826634608e-02
1.3826983943581581e+01,3.7910389496005337e-02
1.3814298331097234e+01,3.7875608650551840e-02
1.3801641606551129e+01,3.7840907005602276e-02
1.3789013666915707e+01,3.7806284283533387e-02
1.3776414411142468e+01,3.7771740205130300e-02
1.3763843737600837e+01,3.7737274492769757e-02
1.3751301545882598e+01,3.7702886869396934e-02
1.3738787735404912e+01,3.7668577060685493e-02
1.3726302206108812e+01,3.7634344792422780e-02
1.3713844858459197e+01,3.7600189791305638e-02
1.3701415593503043e+01,3.7566111787214140e-02
1.3689014312927611e+01,3.7532110506276695e-02
1.3676640917779878e+01,3.7498185682352414e-02
1.3664295311027672e+01,3.7464337047367735e-02
1.3651977394882124e+01,3.7430564332794347e-02
1.3639687072194647e+01,3.7396867273173484e-02
1.3627424247213639e+01,3.7363245604524309e-02
1.3615188823023345e+01,3.7329699062411237e-02
1.3602980704104993e+01,3.7296227384558733e-02
1.3590799795230851e+01,3.7262830310510253e-02
1.3578646001289599e+01,3.7229507578899756e-02
1.3566519228101242e+01,3.7196258930976001e-02
1.3554419381369371e+01,3.7163084108215116e-02
1.3542346366972197e+01,3.7129982855276467e-02
1.3530300092301331e+01,3.7096954913863556e-02
1.3518280463758856e+01,3.7064000031364230e-02
1.3506287389551289e+01,3.7031117951300985e-02
1.3494320776604582e+01,3.6998308423676463e-02
1.3482380533416290e+01,3.6965571195537450e-02
1.3470466568658594e+01,3.6932906016431843e-02
1.3458578791120090e+01,3.6900312636134913e-02
1.3446717110520694e+01,3.6867790806354606e-02
1.3434881437860895e+01,3.6835340284028462e-02
1.3423071710858494e+01,3.6802960898853598e-02
1.3411287852039095e+01,3.6770652438804063e-02
1.3399529774440452e+01,3.6738414662067953e-02
1.3387797390285414e+01,3.6706247332404018e-02
1.3376090613135602e+01,3.6674150209819345e-02
1.3364409356785472e+01,3.6642123060005360e-02
1.3352753535495140e+01,3.6610165645925008e-02
1.3341123063757550e+01,3.6578277733610776e-02
1.3329517856065650e+01,3.6546459090573080e-02
1.3317937828192953e+01,3.6514709482389662e-02
1.3306382895389106e+01,3.6483028680322604e-02
1.3294852973718662e+01,3.6451416452337071e-02
1.3283347979770042e+01,3.6419872569240397e-02
1.3271867830015253e+01,3.6388396803772594e-02
1.3260412441683002e+01,3.6356988927877865e-02
1.3248981732351240e+01,3.6325648715319403e-02
1.3237575619656127e+01,3.6294375940542523e-02
1.3226194021932315e+01,3.6263170380379961e-02
1.3214836857630871e+01,3.6232031810186527e-02
1.3203504045552108e+01,3.6200960007818139e-02
1.3192195505427662e+01,3.6169954752608646e-02
1.3180911156232469e+01,3.6139015823096088e-02
1.3169650918047410e+01,3.6108143000205928e-02
1.3158414711011574e+01,3.6077336066568932e-02
1.3147202456661034e+01,3.6046594802314758e-02
1.3136014074552804e+01,3.6015918992234219e-02
1.3124849487154279e+01,3.5985308420663387e-02
1.3113708615594078e+01,3.5954762871483581e-02
1.3102591382164974e+01,3.5924282131645668e-02
1.3091497708519455e+01,3.5893865988100515e-02
1.3080427517998032e+01,3.5863514229163229e-02
1.3069380733126309e+01,3.5833226643035232e-02
1.3058357277244795e+01,3.5803003019168500e-02
1.3047357074217871e+01,3.5772843148833999e-02
1.3036380047968123e+01,3.5742746822734262e-02
1.3025426122127101e+01,3.5712713834186616e-02
1.3014495222072583e+01,3.5682743975371523e-02
1.3003587272367440e+01,3.5652837040288432e-02
1.2992702198273037e+01,3.5622992824414723e-02
1.2981839925050735e+01,3.5593211123682522e-02
1.2971000378427561e+01,3.5563491735047137e-02
1.2960183485352900e+01,3.5533834454327007e-02
1.2949389171437360e+01,3.5504239080751177e-02
1.2938617363746744e+01,3.5474705413889751e-02
1.2927867989346851e+01,3.5445233253426522e-02
1.2917140975128859e+01,3.5415822399613717e-02
1.2906436249555554e+01,3.5386472655090984e-02
1.2895753739634529e+01,3.5357183821247418e-02
1.2885093374468852e+01,3.5327955701973224e-02
1.2874455081822816e+01,3.5298788101272294e-02
1.2863838790857699e+01,3.5269680823489580e-02
1.2853244431084022e+01,3.5240633673765842e-02
1.2842671930848155e+01,3.5211646460084012e-02
1.2832121220824774e+01,3.5182718988266970e-02
1.2821592230524402e+01,3.5153851066411335e-02
1.2811084890156053e+01,3.5125042503295845e-02
1.2800599130336195e+01,3.5096293109631915e-02
1.2790134881914128e+01,3.5067602694198285e-02
1.2779692075506318e+01,3.5038971069070612e-02
1.2769270643417258e+01,3.5010398044846625e-02
1.2758870516379829e+01,3.4981883434738847e-02
1.2748491626523901e+01,3.4953427051959807e-02
1.2738133906095754e+01,3.4925028710176775e-02
1.2727797287632711e+01,3.4896688224307582e-02
1.2717481703322846e+01,3.4868405410179548e-02
1.2707187086751219e+01,3.4840180083165251e-02
1.2696913370746188e+01,3.4812012060797315e-02
1.2686660489067435e+01,3.4783901160380992e-02
1.2676428375067189e+01,3.4755847200926837e-02
1.2666216962737963e+01,3.4727850000649596e-02
1.2656026186770760e+01,3.4699909379469318e-02
1.2645855981565546e+01,3.4672025157078679e-02
1.2635706281464081e+01,3.4644197156808332e-02
1.2625577021972276e+01,3.4616425198123579e-02
1.2615468137839343e+01,3.4588709104809823e-02
1.2605379573360551e+01,3.4561048721684529e-02
1.2595311276731081e+01,3.4533443910504502e-02
