4.2252982861886267e+01,7.0540123241562469e-01
4.6194187654065900e+01,7.2213995797858388e-01
5.0493995313881896e+01,7.4039470121829254e-01
5.5173306772601791e+01,7.6025368057582909e-01
6.0313616841624025e+01,7.8206161122318463e-01
6.5899715606530663e+01,8.0575375016644557e-01
7.1992540874285623e+01,8.3158769047372516e-01
7.8646191387786530e+01,8.5979200447809490e-01
8.5914517058816273e+01,8.9059413878180749e-01
9.3851705878332723e+01,9.2422289186561102e-01
1.0251588410150725e+02,9.6092363991112961e-01
1.1198062899243087e+02,1.0010070359326164e+00
1.2232280868903035e+02,1.0447975181834863e+00
1.3360281323094387e+02,1.0925496425610390e+00
1.4593392534588929e+02,1.1447415603079207e+00
1.5939992694731336e+02,1.2017263488442040e+00
1.7411169006541604e+02,1.2639713846954237e+00
1.9018799889320508e+02,1.3319771168412444e+00
2.0775967352557927e+02,1.4062944045294898e+00
2.2696957667986862e+02,1.4875244088974569e+00
2.4797433571802685e+02,1.5763257005686455e+00
2.7094658873463050e+02,1.6734235318452875e+00
2.9607882038009120e+02,1.7796257592005986e+00
3.2357753270905232e+02,1.8957978377997051e+00
3.5367336639598943e+02,2.0229051295057161e+00
3.8662775516713737e+02,2.1620403929363192e+00
4.2271948979323497e+02,2.3143662601238475e+00
4.6226321926887613e+02,2.4811924054089332e+00
5.0561358403827762e+02,2.6639917116273182e+00
5.5315077064401703e+02,2.8643377788789621e+00
6.0530914483143715e+02,3.0840237718929302e+00
6.6257599978969665e+02,3.3250546336664684e+00
7.2547693113808054e+02,3.5895825717270782e+00
7.9461491364130052e+02,3.8800680155613918e+00
8.7066810940764844e+02,4.1992658821905025e+00
9.5438907544285757e+02,4.5502171183038627e+00
1.0466340049469727e+03,4.9363654532561441e+00
1.1483467963652802e+03,5.3614838942299912e+00
1.2606163380870130e+03,5.8299071110769773e+00
1.3846454685158096e+03,6.3463937076191996e+00
1.5218041111681378e+03,6.9163404136081681e+00
1.6736392494959873e+03,7.5458161568678861e+00
1.8418974701427505e+03,8.2416500108123500e+00
2.0285326697076089e+03,9.0114604211139522e+00
2.2357584061385714e+03,9.8638727967581872e+00
2.4660392468693899e+03,1.0808490325247135e+01
2.7221562526372727e+03,1.1856176555572688e+01
3.0071830366557697e+03,1.3018978165538783e+01
3.3245669645304442e+03,1.4310486074129926e+01
3.6780834928778349e+03,1.5745685577782751e+01
4.0719292092302348e+03,1.7341376972234571e+01
4.5106999256798299e+03,1.9116130361359069e+01
4.9994173658296349e+03,2.1090436798886685e+01
5.5435656899359892e+03,2.3286892405365734e+01
6.1490967524787993e+03,2.5730244919323241e+01
6.8224889375977800e+03,2.8447640107155507e+01
7.5707904937452986e+03,3.1468782618804767e+01
8.4016605886534671e+03,3.4826054939526898e+01
9.3235298490417190e+03,3.8555072299599374e+01
1.0345699076111137e+04,4.2694925264054177e+01
1.1478606595397461e+04,4.7289030178236544e+01
1.2734077594834380e+04,5.2385837694637644e+01
1.4125640047844208e+04,5.8039771055514734e+01
1.5668867107531289e+04,6.4312286756960475e+01
1.7381789730235119e+04,7.1273297086720049e+01
1.9285178708075662e+04,7.9002173343950403e+01
2.1402847618545115e+04,8.7588922870904071e+01
2.3762000760301482e+04,9.7135544630662253e+01
2.6393609696573054e+04,1.0775735357481346e+02
2.9332926160248113e+04,1.1958456514575539e+02
3.2620199509645347e+04,1.3276430997734144e+02
3.6301565499561781e+04,1.4746289004091602e+02
4.0430113485686830e+04,1.6386826263767034e+02
4.5067268298673036e+04,1.8219318894572916e+02
5.0284292196229915e+04,2.0267804613818419e+02
5.6164127563324524e+04,2.2559380860479519e+02
6.2803615242808650e+04,2.5124477510118595e+02
7.0316136753202562e+04,2.7997042981046911e+02
7.8834749141958309e+04,3.1214553548294748e+02
8.8515877082173422e+04,3.4817696164328277e+02
9.9543615071279812e+04,3.8849480651325734e+02
1.1213446116213742e+05,4.3353314451789720e+02
1.2654240425955344e+05,4.8369402294945280e+02
1.4306367683647916e+05,5.3928294545706399e+02
1.6204004190080948e+05,6.0039792676411207e+02
1.8385831544796587e+05,6.6674376335151646e+02
2.0894192252298488e+05,7.3732901978275368e+02
2.3772718780506612e+05,8.0998677082667336e+02
2.7061205030088697e+05,8.8064890281157886e+02
3.0785935448309401e+05,9.4232642491464981e+02
3.4943188709550584e+05,9.8386117127003877e+02
3.9474195860427769e+05,9.8883349364335436e+02
4.4233436256569636e+05,9.3564766508433536e+02
4.8961447287511651e+05,8.0061494363838278e+02
5.3288237624857645e+05,5.6577865114407427e+02
5.6801869168212963e+05,2.3025562431509934e+02
5.9190361378997331e+05,-1.8228089128549232e+02
6.0391880399925425e+05,-6.2974126865807989e+02
6.0633253979358065e+05,-1.0704988537423737e+03
6.0302640373301134e+05,-1.4789996754189765e+03
5.9750887305653375e+05,-1.8450441149040507e+03
5.9167035181741603e+05,-2.1619001826504882e+03
5.8574495127294608e+05,-2.4164552584377852e+03
5.7891936445313971e+05,-2.5875389389411635e+03
5.6996663915185875e+05,-2.6507126757700680e+03
5.5770377299662610e+05,-2.5858659415207426e+03
5.4131402021863218e+05,-2.3848045774187030e+03
5.2056504792944668e+05,-2.0565820261939648e+03
4.9589182410284516e+05,-1.6285612396543536e+03
4.6830806958847819e+05,-1.1421644147496163e+03
4.3916690554433584e+05,-6.4433288223801480e+02
4.0985815857311449e+05,-1.7777048398879413e+02
3.8155177109862777e+05,2.2646744698471139e+02
3.5505884011075646e+05,5.5195415214550462e+02
3.3081656355150649e+05,7.9563224529584068e+02
3.0895603281521850e+05,9.6404669774937247e+02
2.8940079044558801e+05,1.0690245753367551e+03
2.7195862071990047e+05,1.1240999064422519e+03
2.5638979638040898e+05,1.1421604688214677e+03
2.4245000834942315e+05,1.1342322615247542e+03
2.2991324259243201e+05,1.1090826486751928e+03
2.1858131307178902e+05,1.0733078568905153e+03
2.0828565765250340e+05,1.0316493272384193e+03
1.9888523523076024e+05,9.8737786702464086e+02
1.9026286362901150e+05,9.4265742711843927e+02
1.8232126325707091e+05,8.9885269084539254e+02
1.7497939957995285e+05,8.5677084019561426e+02
1.6816935693795604e+05,8.1684249131501815e+02
1.6183377857704146e+05,7.7925212647258172e+02
1.5592382195943207e+05,7.4402926864306914e+02
1.5039754842806532e+05,7.1111050655487998e+02
1.4521865724111549e+05,6.8038055029511202e+02
1.4035549825618044e+05,6.5169871242955719e+02
1.3578029313432617e+05,6.2491542972871866e+02
1.3146851741348833e+05,5.9988213461628970e+02
1.2739840673608304e+05,5.7645683370722350e+02
1.2355055773168959e+05,5.5450694462128627e+02
1.1990760186664990e+05,5.3391044681671156e+02
1.1645393622257799e+05,5.1455603386444659e+02
1.1317549825575703e+05,4.9634269844620121e+02
1.1005957728438635e+05,4.7917903895500740e+02
1.0709465329186150e+05,4.6298243734437870e+02
1.0427026017816438e+05,4.4767821921385530e+02
1.0157686701575681e+05,4.3319883832263213e+02
9.9005776120626106e+04,4.1948312454552183e+02
9.6549034010549687e+04,4.0647559733218782e+02
9.4199353710141964e+04,3.9412585122565611e+02
9.1950046816365968e+04,3.8238801062595644e+02
8.9794963505885098e+04,3.7122024619901799e+02
8.7728439800688793e+04,3.6058434924071616e+02
8.5745250847209361e+04,3.5044535575281134e+02
8.3840569465233653e+04,3.4077121537222160e+02
8.2009929361215734e+04,3.3153249916980280e+02
8.0249191943444428e+04,3.2270213940507301e+02
7.8554517541431123e+04,3.1425520336325189e+02
7.6922338831104484e+04,3.0616868880274296e+02
7.5349337161390635e+04,2.9842134263861226e+02
7.3832421886326658e+04,2.9099350254707588e+02
7.2368710730438062e+04,2.8386695058543978e+02
7.0955513061268459e+04,2.7702478692959448e+02
6.9590314172342012e+04,2.7045131384091314e+02
6.8270761216388026e+04,2.6413193223397639e+02
6.6994650677777885e+04,2.5805304966319659e+02
6.5759916577468161e+04,2.5220199544103139e+02
6.4564620184413565e+04,2.4656694601297977e+02
6.3406940346209914e+04,2.4113685608118544e+02
6.2285164787309215e+04,2.3590139679546087e+02
6.1197682227553276e+04,2.3085089993904728e+02
6.0142975012028444e+04,2.2597630642404852e+02
5.9119612548409088e+04,2.2126912039895910e+02
5.8126245155171287e+04,2.1672136665881658e+02
5.7161598504206515e+04,2.1232555233406799e+02
5.6224468489484803e+04,2.0807463163962609e+02
5.5313716376459488e+04,2.0396197318476038e+02
5.4428264483156934e+04,1.9998133058309088e+02
5.3567092466310307e+04,1.9612681672434155e+02
5.2729233284387738e+04,1.9239287748664754e+02
5.1913769791365543e+04,1.8877426897073428e+02
5.1119831748569850e+04,1.8526603726298197e+02
5.0346592882488505e+04,1.8186349902988138e+02
4.9593268016536138e+04,1.7856222301644198e+02
4.8859110624584835e+04,1.7535801388769301e+02
4.8143410646637611e+04,1.7224689765981225e+02
4.7445492147311510e+04,1.6922510690208799e+02
4.6764711319239053e+04,1.6628906780966213e+02
4.6100454692248430e+04,1.6343538850582695e+02
4.5452137364861555e+04,1.6066084777028595e+02
4.4819201318554522e+04,1.5796238442354763e+02
4.4201113930541906e+04,1.5533708782256497e+02
4.3597366617275169e+04,1.5278218915471268e+02
4.3007473432942352e+04,1.5029505278108206e+02
4.2430969843045052e+04,1.4787316852349841e+02
4.1867411608282127e+04,1.4551414460500803e+02
4.1316373681769357e+04,1.4321570083163283e+02
4.0777449171237764e+04,1.4097566220478063e+02
4.0250248402883008e+04,1.3879195310550710e+02
3.9734398053708486e+04,1.3666259191011807e+02
3.9229540275687934e+04,1.3458568569678403e+02
3.8735331916233234e+04,1.3255942546621714e+02
3.8251443812067795e+04,1.3058208178163989e+02
3.7777560060674034e+04,1.2865200040880563e+02
3.7313377348761947e+04,1.2676759830030289e+02
3.6858604335541138e+04,1.2492735987770175e+02
3.6412961069221084e+04,1.2312983354108144e+02
3.5976178564559668e+04,1.2137362888100984e+02
3.5547998157106049e+04,1.1965741309238501e+02
3.5128171012033708e+04,1.1797990805983306e+02
3.4716457675993384e+04,1.1633988768770791e+02
3.4312627647894551e+04,1.1473617534867344e+02
3.3916459055102838e+04,1.1316764180727591e+02
3.3527738157949585e+04,1.1163320252270239e+02
3.3146258994025236e+04,1.1013181554543428e+02
3.2771823034772300e+04,1.0866247950961895e+02
3.2404238863867184e+04,1.0722423175087965e+02
3.2043321923148702e+04,1.0581614673292506e+02
3.1688894131677924e+04,1.0443733395270999e+02
3.1340783623006602e+04,1.0308693639763703e+02
3.0998824484969198e+04,1.0176412915169055e+02
3.0662856510496815e+04,1.0046811787006834e+02
3.0332724988394300e+04,9.9198137526879805e+01
3.0008280424251454e+04,9.7953450936709487e+01
2.9689378337014408e+04,9.6733347574819391e+01
2.9375879051441094e+04,9.5537142402483369e+01
2.9067647511025541e+04,9.4364174793683901e+01
2.8764553105720202e+04,9.3213807536517606e+01
2.8466469459327753e+04,9.2085425705378384e+01
2.8173274277167046e+04,9.0978435773506590e+01
2.7884849184744235e+04,8.9892264738759877e+01
2.7601079566903529e+04,8.8826359208166309e+01
2.7321854438139417e+04,8.7780184641570145e+01
2.7047066282734275e+04,8.6753224525023143e+01
2.6776610927054426e+04,8.5744979651962467e+01
2.6510387410146592e+04,8.4754967410630684e+01
2.6248297870597162e+04,8.3782721144838092e+01
2.5990247429436364e+04,8.2827789514025199e+01
2.5736144068708178e+04,8.1889735849159706e+01
2.5485898529268685e+04,8.0968137588473724e+01
2.5239424208418990e+04,8.0062585722056724e+01
2.4996637075953127e+04,7.9172684311759554e+01
2.4757455570327933e+04,7.8298049949528263e+01
2.4521800502190425e+04,7.7438311249139019e+01
2.4289594973205065e+04,7.6593108403207339e+01
2.4060764293004351e+04,7.5762092739287482e+01
2.3835235898933839e+04,7.4944926293934827e+01
2.3612939280842314e+04,7.4141281411320733e+01
2.3393805956840166e+04,7.3350840528496065e+01
2.3177769359542173e+04,7.2573295648521707e+01
2.2964764758037520e+04,7.1808347949957465e+01
2.2754729208626726e+04,7.1055707499132723e+01
2.2547601492659072e+04,7.0315092925651697e+01
2.2343322056965437e+04,6.9586231109992241e+01
2.2141832958414278e+04,6.8868856891827477e+01
2.1943077846150729e+04,6.8162712911857966e+01
2.1747001870083623e+04,6.7467549202768851e+01
2.1553551629596506e+04,6.6783122923934229e+01
2.1362675133957819e+04,6.6109198141459729e+01
2.1174321755378565e+04,6.5445545585991113e+01
2.0988442184176412e+04,6.4791942420145460e+01
2.0804988387818681e+04,6.4148172025254439e+01
2.0623913594794401e+04,6.3514023875139287e+01
2.0445172224366339e+04,6.2889293225311917e+01
2.0268719851562462e+04,6.2273780929106238e+01
2.0094513175070228e+04,6.1667293265923718e+01
1.9922509981916053e+04,6.1069641760248828e+01
1.9752669112779549e+04,6.0480643005526758e+01
1.9584950431448873e+04,5.9900118505371211e+01
1.9419314808502793e+04,5.9327894564958115e+01
1.9255724069741962e+04,5.8763802063810090e+01
1.9094140971209214e+04,5.8207676323462579e+01
1.8934529172886745e+04,5.7659356970753947e+01
1.8776853211609181e+04,5.7118687800438124e+01
1.8621078474193462e+04,5.6585516641994104e+01
1.8467171174179763e+04,5.6059695238523773e+01
1.8315098337125615e+04,5.5541079157170884e+01
1.8164827761696070e+04,5.5029527618889119e+01
1.8016328001318965e+04,5.4524903400513949e+01
1.7869568342931860e+04,5.4027072726971710e+01
1.7724518785814871e+04,5.3535905165619397e+01
1.7581150020680041e+04,5.3051273523740520e+01
1.7439433411948441e+04,5.2573053756445461e+01
1.7299340984418697e+04,5.2101124891165568e+01
1.7160845394049073e+04,5.1635368901482934e+01
1.7023919913821388e+04,5.1175670630586978e+01
1.6888538416764524e+04,5.0721917707100602e+01
1.6754675359075598e+04,5.0274000462780350e+01
1.6622305763879616e+04,4.9831811853027148e+01
1.6491405207360687e+04,4.9395247385466405e+01
1.6361949806815304e+04,4.8964205057015306e+01
1.6233916199031402e+04,4.8538585258961916e+01
1.6107281528712716e+04,4.8118290716911133e+01
1.5982023435051495e+04,4.7703226424861441e+01
1.5858120038203953e+04,4.7293299579676955e+01
1.5735549926393665e+04,4.6888419518738374e+01
1.5614292146513122e+04,4.6488497669603930e+01
1.5494326193622837e+04,4.6093447496939461e+01
1.5375631991063769e+04,4.5703184419224613e+01
1.5258189882880135e+04,4.5317625766729066e+01
1.5141980622941628e+04,4.4936690728243207e+01
1.5026985363969288e+04,4.4560300300268409e+01
1.4913185647083737e+04,4.4188377235970506e+01
1.4800563391515694e+04,4.3820845997260903e+01
1.4689100884649379e+04,4.3457632706918503e+01
1.4578780772156664e+04,4.3098665102808695e+01
1.4469586064612900e+04,4.2743872545133740e+01
1.4361500120569428e+04,4.2393185947063557e+01
1.4254506621480978e+04,4.2046537682418943e+01
1.4148589574136306e+04,4.1703861580471994e+01
1.4043733302534500e+04,4.1365092887417745e+01
1.3939922439855814e+04,4.1030168228164939e+01
1.3837141920629074e+04,4.0699025570952699e+01
1.3735376973024046e+04,4.0371604190750645e+01
1.3634613111714832e+04,4.0047844635338151e+01
1.3534836130777257e+04,3.9727688693247842e+01
1.3436032111515815e+04,3.9411079406740782e+01
1.3338187400240160e+04,3.9097960992421690e+01
1.3241288598910323e+04,3.8788278801772549e+01
1.3145322564006492e+04,3.8481979308278710e+01
1.3050276400401723e+04,3.8179010078507645e+01
1.2956137455429474e+04,3.7879319745542716e+01
1.2862893312925065e+04,3.7582857980626159e+01
1.2770531787543674e+04,3.7289575468189014e+01
1.2679040919524035e+04,3.6999423879751930e+01
1.2588408969832584e+04,3.6712355852402993e+01
1.2498624425630376e+04,3.6428324997768527e+01
1.2409675980486267e+04,3.6147285831551812e+01
1.2321552531805006e+04,3.5869193760312555e+01
1.2234243178235425e+04,3.5594005064979797e+01
1.2147737215268950e+04,3.5321676880994346e+01
1.2062024130347592e+04,3.5052167176405192e+01
1.1977093598825333e+04,3.4785434732873568e+01
1.1892935479378037e+04,3.4521439125214329e+01
1.1809539809868904e+04,3.4260140702886133e+01
1.1726896804958466e+04,3.4001500575885530e+01
1.1644996857306280e+04,3.3745480613448763e+01
1.1563830523729848e+04,3.3492043395611063e+01
1.1483388524694135e+04,3.3241152205981848e+01
1.1403661741554155e+04,3.2992771018359122e+01
1.1324641212863266e+04,3.2746864480217027e+01
1.1246318130950269e+04,3.2503397896682827e+01
1.1168683838565426e+04,3.2262337216175524e+01
1.1091729825490096e+04,3.2023649014880903e+01
1.1015447725483682e+04,3.1787300482877185e+01
1.0939829314744624e+04,3.1553259415226648e+01
1.0864866511086700e+04,3.1321494204475584e+01
1.0790551364607003e+04,3.1091973808555167e+01
1.0716876057637506e+04,3.0864667746429291e+01
1.0643832902212045e+04,3.0639546085954407e+01
1.0571414337089227e+04,3.0416579431479022e+01
1.0499612925249327e+04,3.0195738912215916e+01
1.0428421351200202e+04,2.9976996170529105e+01
1.0357832418383739e+04,2.9760323349987971e+01
1.0287839046781184e+04,2.9545693085460016e+01
1.0218434272485261e+04,2.9333078497472684e+01
1.0149611244827509e+04,2.9122453181053629e+01
1.0081363221118925e+04,2.8913791185926129e+01
1.0013683566228719e+04,2.8707067012202060e+01
9.9465657503548427e+03,2.8502255600951003e+01
9.8800033468601177e+03,2.8299332324644979e+01
9.8139900303276372e+03,2.8098272977069314e+01
9.7485195744333905e+03,2.7899053765988583e+01
9.6835858500730246e+03,2.7701651302579990e+01
9.6191828232681728e+03,2.7506042594342375e+01
9.5553045552082476e+03,2.7312205041494735e+01
9.4919451975688571e+03,2.7120116424381308e+01
9.4290989903376903e+03,2.6929754892727487e+01
9.3667602619330864e+03,2.6741098960761519e+01
9.3049234280582750e+03,2.6554127500044046e+01
9.2435829893283662e+03,2.6368819731483200e+01
9.1827335290732444e+03,2.6185155218407203e+01
9.1223697119738790e+03,2.6003113859222253e+01
9.0624862822263967e+03,2.5822675879881672e+01
9.0030780625029583e+03,2.5643821829155172e+01
8.9441399548899499e+03,2.5466532579052455e+01
8.8856669355895137e+03,2.5290789306914121e+01
8.8276540539995767e+03,2.5116573491278473e+01
8.7700964320932981e+03,2.4943866907137135e+01
8.7129892628851230e+03,2.4772651620320858e+01
8.6563278092276305e+03,2.4602909981836547e+01
8.6001074023468536e+03,2.4434624621744433e+01
8.5443234405718395e+03,2.4267778443275347e+01
8.4889713880365598e+03,2.4102354618422737e+01
8.4340467734642443e+03,2.3938336581852809e+01
8.3795451891057310e+03,2.3775708027496080e+01
8.3254622892422485e+03,2.3614452903187612e+01
8.2717937890631729e+03,2.3454555402260553e+01
8.2185354644010658e+03,2.3295999962268866e+01
8.1656831591387163e+03,2.3138771284655718e+01
8.1132327705090283e+03,2.2982854292297816e+01
8.0611802507746033e+03,2.2828234132167950e+01
8.0095216082158149e+03,2.2674896177289725e+01
7.9582529060904053e+03,2.2522826022368463e+01
7.9073702615865041e+03,2.2372009479064673e+01
7.8568698450190132e+03,2.2222432572409843e+01
7.8067478786606807e+03,2.2074081535807522e+01
7.7570006357774255e+03,2.1926942808022545e+01
7.7076244398818235e+03,2.1781003028163809e+01
7.6586156637253007e+03,2.1636249032987962e+01
7.6099707282996387e+03,2.1492667852268823e+01
7.5616861020182841e+03,2.1350246705085965e+01
7.5137583008371876e+03,2.1208972999665662e+01
7.4661838933667750e+03,2.1068834346824701e+01
7.4189594898205833e+03,2.0929818526436407e+01
7.3720817435517674e+03,2.0791913491612945e+01
7.3255473518247018e+03,2.0655107369667348e+01
7.2793530548359849e+03,2.0519388457907326e+01
7.2334956352011650e+03,2.0384745221348112e+01
7.1879719169351738e+03,2.0251166289748767e+01
7.1427787649597158e+03,2.0118640453622561e+01
7.0979130843767780e+03,1.9987156662435950e+01
7.0533718195796246e+03,1.9856704021022324e+01
7.0091519538352150e+03,1.9727271787049744e+01
6.9652505084028235e+03,1.9598849368073047e+01
6.9216645419292036e+03,1.9471426318779891e+01
6.8783911506261793e+03,1.9344992340744398e+01
6.8354274715855136e+03,1.9219537291132156e+01
6.7927706748160417e+03,1.9095051158976503e+01
6.7504179649092257e+03,1.8971524069418251e+01
6.7083665810127859e+03,1.8848946282330985e+01
6.6666137963899528e+03,1.8727308191247403e+01
6.6251569178105565e+03,1.8606600320405278e+01
6.5839932850011392e+03,1.8486813321638692e+01
6.5431202701769653e+03,1.8367937974121787e+01
6.5025352773036575e+03,1.8249965180117670e+01
6.4622357418081956e+03,1.8132885964392244e+01
6.4222191300009727e+03,1.8016691470982437e+01
6.3824829383887700e+03,1.7901372961790912e+01
6.3430246934249881e+03,1.7786921814166703e+01
6.3038419514934067e+03,1.7673329521007986e+01
6.2649323008103529e+03,1.7560587695219624e+01
6.2262933562874096e+03,1.7448688054709010e+01
6.1879227606185596e+03,1.7337622424486085e+01
6.1498181841662154e+03,1.7227382736371624e+01
6.1119773245730903e+03,1.7117961026946091e+01
6.0743979063167935e+03,1.7009349435772606e+01
6.0370776804012712e+03,1.6901540204346361e+01
6.0000144237346831e+03,1.6794525673404451e+01
5.9632059389112983e+03,1.6688298281663606e+01
5.9266500537192333e+03,1.6582850564710725e+01
5.8903446207116358e+03,1.6478175152674794e+01
5.8542875170161715e+03,1.6374264769151864e+01
5.8184766435668571e+03,1.6271112229253845e+01
5.7829099256379995e+03,1.6168710439496977e+01
5.7475853135822108e+03,1.6067052400712214e+01
5.7125007796674618e+03,1.5966131197792606e+01
5.6776543185085757e+03,1.5865940000987280e+01
5.6430439471269492e+03,1.5766472065373819e+01
5.6086677048066049e+03,1.5667720729568032e+01
5.5745236523176427e+03,1.5569679414702705e+01
5.5406098718721187e+03,1.5472341622300519e+01
5.5069244669429609e+03,1.5375700933537701e+01
5.4734655616599484e+03,1.5279751008126368e+01
5.4402313005484757e+03,1.5184485582528055e+01
5.4072198483787943e+03,1.5089898469116292e+01
5.3744293897852767e+03,1.4995983555276553e+01
5.3418581288842834e+03,1.4902734801348515e+01
5.3095042895346414e+03,1.4810146241020220e+01
5.2773661158520845e+03,1.4718211983270862e+01
5.2454418698381633e+03,1.4626926204412939e+01
5.2137298317987588e+03,1.4536283149670794e+01
5.1822283004305791e+03,1.4446277132240880e+01
5.1509355923842522e+03,1.4356902532696495e+01
5.1198500421031495e+03,1.4268153797399123e+01
5.0889700014260598e+03,1.4180025438111443e+01
5.0582938395827659e+03,1.4092512030574198e+01
5.0278199427528889e+03,1.4005608213224150e+01
4.9975467138497042e+03,1.3919308687469425e+01
4.9674725723827141e+03,1.3833608215252980e+01
4.9375959541291813e+03,1.3748501619174817e+01
4.9079153108972823e+03,1.3663983780634567e+01
4.8784291107349563e+03,1.3580049641041114e+01
4.8491358380438178e+03,1.3496694201426067e+01
4.8200339920946863e+03,1.3413912517985068e+01
4.7911220873041311e+03,1.3331699702329502e+01
4.7623986531604896e+03,1.3250050921891557e+01
4.7338622339869617e+03,1.3168961398306351e+01
4.7055113887708285e+03,1.3088426406870440e+01
4.6773446908796905e+03,1.3008441275575478e+01
4.6493607279526186e+03,1.2929001384556614e+01
4.6215581017773948e+03,1.2850102165278258e+01
4.5939354278325918e+03,1.2771739099874253e+01
4.5664913354282617e+03,1.2693907720284983e+01
4.5392244672778179e+03,1.2616603607025013e+01
4.5121334793842398e+03,1.2539822389925007e+01
4.4852170414979337e+03,1.2463559746862757e+01
4.4584738370256964e+03,1.2387811406065907e+01
4.4319025614717393e+03,1.2312573139245728e+01
4.4055019228335586e+03,1.2237840763613235e+01
4.3792706415974535e+03,1.2163610141657045e+01
4.3532074505540077e+03,1.2089877180203075e+01
4.3273110946905799e+03,1.2016637829914998e+01
4.3015803310112096e+03,1.1943888084903051e+01
4.2760139283169410e+03,1.1871623981543280e+01
4.2506106670916197e+03,1.1799841598363969e+01
4.2253693393948488e+03,1.1728537055411607e+01
4.2002887486416148e+03,1.1657706513173707e+01
4.1753677093976876e+03,1.1587346172905654e+01
4.1506050474884687e+03,1.1517452274860943e+01
4.1259995994935161e+03,1.1448021098915888e+01
4.1015502128428197e+03,1.1379048962937418e+01
4.0772557456137147e+03,1.1310532223344239e+01
4.0531150663456647e+03,1.1242467273553189e+01
4.0291270539730322e+03,1.1174850544046194e+01
4.0052905975782196e+03,1.1107678501226587e+01
3.9816045982748037e+03,1.1040947653222929e+01
3.9580679699783796e+03,1.0974654551261210e+01
3.9346796332125086e+03,1.0908795772639792e+01
3.9114385182660772e+03,1.0843367928628140e+01
3.8883435652130865e+03,1.0778367665424071e+01
3.8653937235535122e+03,1.0713791662639210e+01
3.8425879523826297e+03,1.0649636633466457e+01
3.8199252202171483e+03,1.0585899323744798e+01
3.7974045046867104e+03,1.0522576512500109e+01
3.7750247926238226e+03,1.0459665009783862e+01
3.7527850798947620e+03,1.0397161657982110e+01
3.7306843712322880e+03,1.0335063330691014e+01
3.7087216801900067e+03,1.0273366931947635e+01
3.6868960289957467e+03,1.0212069396361017e+01
3.6652064484797884e+03,1.0151167688150394e+01
3.6436519778582733e+03,1.0090658801401446e+01
3.6222316648202832e+03,1.0030539759365979e+01
3.6009445652420982e+03,9.9708076139847890e+00
3.5797897432211321e+03,9.9114594453269547e+00
3.5587662708036951e+03,9.8524923616482738e+00
3.5378732297806419e+03,9.7939035034321478e+00
3.5171097113032592e+03,9.7356900429604138e+00
3.4964748122009332e+03,9.6778491732280827e+00
3.4759676369656227e+03,9.6203781139060993e+00
3.4555872978061670e+03,9.5632741111757014e+00
3.4353329145450261e+03,9.5065344376465646e+00
3.4152036144649610e+03,9.4501563910013147e+00
3.3951985322674154e+03,9.3941372950694131e+00
3.3753168101251940e+03,9.3384744990511308e+00
3.3555575972463121e+03,9.2831653760530344e+00
3.3359200501880841e+03,9.2282073244954290e+00
3.3164033324448392e+03,9.1735977668863598e+00
3.2970066145863384e+03,9.1193341493100206e+00
3.2777290741085308e+03,9.0654139417405304e+00
3.2585698953626561e+03,9.0118346375604688e+00
3.2395282693312620e+03,8.9585937526273938e+00
3.2206033938023611e+03,8.9056888260965934e+00
3.2017944731107564e+03,8.8531174192605704e+00
3.1831007181403111e+03,8.8008771156478360e+00
3.1645213461516541e+03,8.7489655203794428e+00
3.1460555823090253e+03,8.6973802646233480e+00
3.1277026587080909e+03,8.6461190025354426e+00
3.1094618122471147e+03,8.5951794052808737e+00
3.0913322861600318e+03,8.5445591652605799e+00
3.0733133297904860e+03,8.4942559957356707e+00
3.0554041986235534e+03,8.4442676301766824e+00
3.0376041541503510e+03,8.3945918225730338e+00
3.0199124637932982e+03,8.3452263469149557e+00
3.0023284008984920e+03,8.2961689967606844e+00
2.9848512446899549e+03,8.2474175854633813e+00
2.9674802801091573e+03,8.1989699451893330e+00
2.9502147978850408e+03,8.1508239280024100e+00
2.9330540942943771e+03,8.1029774041679730e+00
2.9159974712412222e+03,8.0554282626400209e+00
2.8990442362463800e+03,8.0081744111441822e+00
2.8821937021728372e+03,7.9612137750337979e+00
2.8654451872931095e+03,7.9145442981057386e+00
2.8487980153684039e+03,7.8681639418797431e+00
2.8322515152834821e+03,7.8220706849899670e+00
2.8158050212488160e+03,7.7762625238307237e+00
2.7994578737947741e+03,7.7307374749387918e+00
2.7832094185812748e+03,7.6854935717889248e+00
2.7670590056392248e+03,7.6405288629338202e+00
2.7510059901209897e+03,7.5958414135392331e+00
2.7350497321380535e+03,7.5514293047847332e+00
2.7191895968091558e+03,7.5072906351120992e+00
2.7034249540967285e+03,7.4634235179755706e+00
2.6877551788736600e+03,7.4198260835985366e+00
2.6721796508000698e+03,7.3764964775255066e+00
2.6566977543270914e+03,7.3334328611804267e+00
2.6413088786125882e+03,7.2906334110396074e+00
2.6260124174261582e+03,7.2480963190480452e+00
2.6108077692706720e+03,7.2058197922027603e+00
2.5956943371432717e+03,7.1638020523656678e+00
2.5806715285188402e+03,7.1220413360623525e+00
2.5657387554686284e+03,7.0805358946220167e+00
2.5508954343878431e+03,7.0392839933507503e+00
2.5361409861864522e+03,6.9982839121257712e+00
2.5214748359825462e+03,6.9575339448424529e+00
2.5068964133126428e+03,6.9170323994416094e+00
2.4924051526568946e+03,6.8767775994591602e+00
2.4780004926574766e+03,6.8367678820953870e+00
2.4636818758002482e+03,6.7970015967428026e+00
2.4494487486013095e+03,6.7574771062792252e+00
2.4353005618717289e+03,6.7181927870876734e+00
2.4212367703050841e+03,6.6791470282204273e+00
2.4072568328106427e+03,6.6403382320226001e+00
2.3933602122808225e+03,6.6017648137642482e+00
2.3795463754826924e+03,6.5634252013910555e+00
2.3658147932152497e+03,6.5253178349498739e+00
2.3521649400531896e+03,6.4874411675732517e+00
2.3385962945651845e+03,6.4497936644489755e+00
2.3251083390209242e+03,6.4123738029226161e+00
2.3117005595205119e+03,6.3751800724451186e+00
2.2983724458875949e+03,6.3382109741395425e+00
2.2851234917258844e+03,6.3014650213588084e+00
2.2719531942140893e+03,6.2649407389897078e+00
2.2588610541842645e+03,6.2286366632047248e+00
2.2458465761192492e+03,6.1925513418694891e+00
2.2329092680736794e+03,6.1566833341884148e+00
2.2200486422749818e+03,6.1210312121780817e+00
2.2072642142623663e+03,6.0855935587161412e+00
2.1945555027567898e+03,6.0503689666427363e+00
2.1819220300380839e+03,6.0153560398632635e+00
2.1693633217210299e+03,5.9805533931172477e+00
2.1568789069183986e+03,5.9459596519168372e+00
2.1444683179712156e+03,5.9115734520556771e+00
2.1321310907190200e+03,5.8773934403436670e+00
2.1198667641888605e+03,5.8434182733844864e+00
2.1076748807051335e+03,5.8096466182713584e+00
2.0955549858888262e+03,5.7760771525863674e+00
2.0835066285572830e+03,5.7427085635373487e+00
2.0715293606302002e+03,5.7095395482073172e+00
2.0596227373231668e+03,5.6765688143342459e+00
2.0477863169101765e+03,5.6437950787618547e+00
2.0360196607505786e+03,5.6112170678511575e+00
2.0243223333067726e+03,5.5788335182212450e+00
2.0126939020258724e+03,5.5466431754134646e+00
2.0011339375924435e+03,5.5146447944988495e+00
1.9896420133673237e+03,5.4828371402446692e+00
1.9782177063950221e+03,5.4512189872102681e+00
1.9668605963685550e+03,5.4197891189608072e+00
1.9555702656825306e+03,5.3885463278556927e+00
1.9443462997940369e+03,5.3574894148400745e+00
1.9331882869874244e+03,5.3266171900265817e+00
1.9220958182888571e+03,5.2959284723756355e+00
1.9110684877063031e+03,5.2654220893925867e+00
1.9001058919842471e+03,5.2350968774185276e+00
1.8892076306687086e+03,5.2049516812751335e+00
1.8783733059941442e+03,5.1749853541468838e+00
1.8676025230242522e+03,5.1451967578368567e+00
1.8568948894658824e+03,5.1155847622710553e+00
1.8462500157064642e+03,5.0861482457472675e+00
1.8356675148540526e+03,5.0568860946054883e+00
1.8251470026310999e+03,5.0277972034790537e+00
1.8146880972968065e+03,4.9988804749832525e+00
1.8042904198792530e+03,4.9701348192567139e+00
1.7939535937437322e+03,4.9415591549163764e+00
1.7836772450363496e+03,4.9131524079137989e+00
1.7734610023512505e+03,4.8849135123134602e+00
1.7633044973955257e+03,4.8568414112755818e+00
1.7532073639833252e+03,4.8289350546554033e+00
1.7431692383408081e+03,4.8011933992203240e+00
1.7331897590145818e+03,4.7736154093410050e+00
1.7232685670722276e+03,4.7462000571048293e+00
1.7134053059926955e+03,4.7189463212222336e+00
1.7035996216537897e+03,4.6918531882696470e+00
1.6938511622548685e+03,4.6649196517473683e+00
1.6841595783737139e+03,4.6381447123709449e+00
1.6745245229356224e+03,4.6115273777862740e+00
1.6649456511631142e+03,4.5850666626996599e+00
1.6554226206077728e+03,4.5587615887387756e+00
1.6459550910248654e+03,4.5326111845616879e+00
1.6365427244689781e+03,4.5066144854641834e+00
1.6271851852267864e+03,4.4807705333506647e+00
1.6178821398091386e+03,4.4550783771333045e+00
1.6086332568753278e+03,4.4295370720111578e+00
1.5994382073442684e+03,4.4041456799380967e+00
1.5902966642316314e+03,4.3789032693546233e+00
1.5812083027447807e+03,4.3538089151494432e+00
1.5721728001768934e+03,4.3288616984150394e+00
1.5631898358679609e+03,4.3040607066772054e+00
1.5542590914262109e+03,4.2794050338004581e+00
1.5453802503087209e+03,4.2548937795004349e+00
1.5365529981908621e+03,4.2305260504220996e+00
1.5277770226646680e+03,4.2063009582246877e+00
1.5190520134693943e+03,4.1822176214704996e+00
1.5103776622070000e+03,4.1582751641660707e+00
1.5017536634287098e+03,4.1344727189359674e+00
1.4931797149208141e+03,4.1108094278807812e+00
1.4846555146154133e+03,4.0872844335386844e+00
1.4761807626189548e+03,4.0638968854055975e+00
1.4677551608181093e+03,4.0406459380395745e+00
1.4593784130772692e+03,4.0175307518798036e+00
1.4510502252624137e+03,3.9945504931167761e+00
1.4427703050173586e+03,3.9717043338680469e+00
1.4345383620013017e+03,3.9489914510536437e+00
1.4263541076091351e+03,3.9264110283086211e+00
1.4182172552743577e+03,3.9039622537350169e+00
1.4101275201523094e+03,3.8816443218213408e+00
1.4020846192290774e+03,3.8594564315292246e+00
1.3940882714132313e+03,3.8373977879490440e+00
1.3861381972663803e+03,3.8154676011357651e+00
1.3782341193414759e+03,3.7936650866151922e+00
1.3703757617292576e+03,3.7719894651114600e+00
1.3625628505091881e+03,3.7504399624417601e+00
1.3547951132653980e+03,3.7290158095862580e+00
1.3470722796400660e+03,3.7077162428134898e+00
1.3393940806956380e+03,3.6865405032940544e+00
1.3317602493992308e+03,3.6654878373241218e+00
1.3241705202248413e+03,3.6445574961502416e+00
1.3166246295279707e+03,3.6237487356706879e+00
1.3091223151814193e+03,3.6030608172878829e+00
1.3016633167846012e+03,3.5824930067173000e+00
1.2942473755953251e+03,3.5620445748564862e+00
1.2868742343962658e+03,3.5417147969823191e+00
1.2795436377630685e+03,3.5215029535759186e+00
1.2722553330219816e+03,3.5014083333244344e+00
1.2650090688125347e+03,3.4814302281763503e+00
1.2578045946181519e+03,3.4615679330074727e+00
1.2506416616386850e+03,3.4418207479774310e+00
1.2435200226432644e+03,3.4221879773791670e+00
1.2364394318700652e+03,3.4026689301326769e+00
1.2293996452155989e+03,3.3832629196658672e+00
1.2224004200827330e+03,3.3639692640543899e+00
1.2154415154383169e+03,3.3447872856237382e+00
1.2085226917149848e+03,3.3257163115387129e+00
1.2016437108679675e+03,3.3067556730077285e+00
1.1948043363813194e+03,3.2879047055905630e+00
1.1880043332789210e+03,3.2691627493987880e+00
1.1812434679012513e+03,3.2505291486836541e+00
1.1745215081765782e+03,3.2320032520948416e+00
1.1678382235192112e+03,3.2135844122909702e+00
1.1611933847093023e+03,3.1952719863378434e+00
1.1545867640060023e+03,3.1770653354342357e+00
1.1480181350504863e+03,3.1589638250071630e+00
1.1414872729920899e+03,3.1409668241324198e+00
1.1349939542707871e+03,3.1230737066325673e+00
1.1285379568038043e+03,3.1052838498579831e+00
1.1221190598499961e+03,3.0875966353081594e+00
1.1157370440423256e+03,3.0700114486503480e+00
1.1093916914281435e+03,3.0525276791398710e+00
1.1030827853420051e+03,3.0351447204352553e+00
1.0968101104862290e+03,3.0178619694465851e+00
1.0905734529584297e+03,3.0006788274790779e+00
1.0843726002902258e+03,2.9835947000813121e+00
1.0782073422714020e+03,2.9666089988184012e+00
1.0720774691971601e+03,2.9497211373324035e+00
1.0659827726344229e+03,2.9329305323234394e+00
1.0599230453302735e+03,2.9162366044229202e+00
1.0538980814510724e+03,2.8996387782036663e+00
1.0479076764310594e+03,2.8831364814482185e+00
1.0419516268746811e+03,2.8667291463546007e+00
1.0360297307916335e+03,2.8504162079345861e+00
1.0301417873774190e+03,2.8341971052800545e+00
1.0242875970990863e+03,2.8180712812095408e+00
1.0184669616562314e+03,2.8020381818231499e+00
1.0126796839739545e+03,2.7860972567240196e+00
1.0069255682331277e+03,2.7702479595094474e+00
1.0012044197720243e+03,2.7544897466256089e+00
9.9551604526262963e+02,2.7388220783174120e+00
9.8986025244952179e+02,2.7232444185598297e+00
9.8423685030452907e+02,2.7077562342299188e+00
9.7864564897760283e+02,2.6923569957257314e+00
9.7308645985869225e+02,2.6770461772006229e+00
9.6755909539764980e+02,2.6618232554729957e+00
9.6206336930656107e+02,2.6466877113433611e+00
9.5659909637924284e+02,2.6316390285533089e+00
9.5116609255602816e+02,2.6166766942026243e+00
9.4576417501433752e+02,2.6018001984756438e+00
9.4039316185406642e+02,2.5870090350358623e+00
9.3505287250777474e+02,2.5723027007221617e+00
9.2974312738189474e+02,2.5576806952087736e+00
9.2446374801557977e+02,2.5431425219228458e+00
9.1921455757453805e+02,2.5286876880481941e+00
9.1399538030527765e+02,2.5143157046511533e+00
9.0880604131583823e+02,2.5000260846441051e+00
9.0364636659331154e+02,2.4858183438320793e+00
8.9851618323946605e+02,2.4716920013989920e+00
8.9341531955671962e+02,2.4576465792092677e+00
8.8834360472892877e+02,2.4436816026448014e+00
8.8330086912744446e+02,2.4297965992562922e+00
8.7828694408584852e+02,2.4159911007122901e+00
8.7330166211706819e+02,2.4022646407690900e+00
8.6834485654777382e+02,2.3886167564007792e+00
8.6341636187530821e+02,2.3750469874421469e+00
8.5851601367420517e+02,2.3615548770389978e+00
8.5364364840486087e+02,2.3481399704737669e+00
8.4879910356196342e+02,2.3348018165715985e+00
8.4398221769061638e+02,2.3215399666529493e+00
8.3919283027196070e+02,2.3083539747963187e+00
8.3443078185117338e+02,2.2952433983587071e+00
8.2969591381802456e+02,2.2822077967283576e+00
8.2498806868295651e+02,2.2692467328708972e+00
8.2030708984879311e+02,2.2563597716483628e+00
8.1565282166464021e+02,2.2435464814374200e+00
8.1102510943677044e+02,2.2308064328160526e+00
8.0642379946052097e+02,2.2181391991986175e+00
8.0184873891121242e+02,2.2055443565479891e+00
7.9729977592814248e+02,2.1930214836381765e+00
7.9277675957494648e+02,2.1805701618675357e+00
7.8827953984786291e+02,2.1681899749909235e+00
7.8380796765600098e+02,2.1558805097101867e+00
7.7936189526261296e+02,2.1436413563687893e+00
7.7494117558380822e+02,2.1314721072451448e+00
7.7054566233378137e+02,2.1193723567954521e+00
7.6617521004664013e+02,2.1073417017960310e+00
7.6182967421767535e+02,2.0953797419822422e+00
7.5750891125749331e+02,2.0834860790128005e+00
7.5321277835813817e+02,2.0716603176375656e+00
7.4894113360601477e+02,2.0599020645850032e+00
7.4469383599003777e+02,2.0482109293725443e+00
7.4047074541589245e+02,2.0365865235097544e+00
7.3627172239974607e+02,2.0250284613617850e+00
7.3209662860416574e+02,2.0135363594154114e+00
7.2794532633980270e+02,2.0021098367172954e+00
7.2381767878972460e+02,1.9907485143799022e+00
7.1971355001057964e+02,1.9794520161869968e+00
7.1563280489982571e+02,1.9682199680366921e+00
7.1157530904299347e+02,1.9570519981297139e+00
7.0754092893667985e+02,1.9459477371513003e+00
7.0352953190356493e+02,1.9349068176296669e+00
6.9954098603781313e+02,1.9239288748875651e+00
6.9557516012684209e+02,1.9130135461352893e+00
6.9163192393718055e+02,1.9021604707841107e+00
6.8771114786725957e+02,1.8913692905140351e+00
6.8381270314881112e+02,1.8806396495183435e+00
6.7993646176997572e+02,1.8699711936689027e+00
6.7608229656371986e+02,1.8593635710202534e+00
6.7225008096435340e+02,1.8488164323126739e+00
6.6843968926282832e+02,1.8383294296760369e+00
6.6465099669096526e+02,1.8279022183014604e+00
6.6088387935003266e+02,1.8175344559498399e+00
6.5713821393949911e+02,1.8072258015325815e+00
6.5341387776256306e+02,1.7969759163064509e+00
6.4971074887231225e+02,1.7867844632777405e+00
6.4602870611927938e+02,1.7766511076474671e+00
6.4236762893787818e+02,1.7665755166218560e+00
6.3872739763755817e+02,1.7565573594489479e+00
6.3510789321013726e+02,1.7465963072343129e+00
6.3150899726647185e+02,1.7366920335317673e+00
6.2793059223564342e+02,1.7268442132248083e+00
6.2437256116059143e+02,1.7170525235048899e+00
6.2083478784089675e+02,1.7073166436887277e+00
6.1731715668790275e+02,1.6976362543904315e+00
6.1381955286674201e+02,1.6880110390848131e+00
6.1034186222386779e+02,1.6784406822050641e+00
6.0688397126283962e+02,1.6689248705664568e+00
6.0344576713128481e+02,1.6594632930009539e+00
6.0002713767706882e+02,1.6500556398766548e+00
5.9662797139363829e+02,1.6407016033925856e+00
5.9324815746914828e+02,1.6314008780107088e+00
5.8988758572540246e+02,1.6221531594179623e+00
5.8654614653938916e+02,1.6129581456284541e+00
5.8322373113979120e+02,1.6038155360613473e+00
5.7992023116262862e+02,1.5947250323672506e+00
5.7663553902588319e+02,1.5856863374015120e+00
5.7336954772472382e+02,1.5766991561839632e+00
5.7012215088139055e+02,1.5677631954074513e+00
5.6689324213750660e+02,1.5588781618356506e+00
5.6368271793035092e+02,1.5500437696175595e+00
5.6049047302344115e+02,1.5412597287677272e+00
5.5731640354945557e+02,1.5325257530062117e+00
5.5416040625231108e+02,1.5238415575287263e+00
5.5102237849764060e+02,1.5152068593423564e+00
5.4790221820218721e+02,1.5066213772560104e+00
5.4479982392612146e+02,1.4980848313437036e+00
5.4171509476233041e+02,1.4895969438388192e+00
5.3864793043996906e+02,1.4811574380011052e+00
5.3559823126194533e+02,1.4727660392741200e+00
5.3256589808739955e+02,1.4644224744471330e+00
5.2955083237442886e+02,1.4561264720261988e+00
5.2655293610924855e+02,1.4478777618818413e+00
5.2357211196841672e+02,1.4396760756819731e+00
5.2060826297249878e+02,1.4315211463990636e+00
5.1766129299276508e+02,1.4234127089547428e+00
5.1473110611952143e+02,1.4153504995247204e+00
5.1181760725611821e+02,1.4073342557956039e+00
5.0892070178157883e+02,1.3993637171349746e+00
5.0604029560706113e+02,1.3914386244166508e+00
5.0317629515682347e+02,1.3835587198886969e+00
5.0032860740181059e+02,1.3757237473245141e+00
4.9749713991879253e+02,1.3679334520970770e+00
4.9468180074996781e+02,1.3601875809794137e+00
4.9188249846658437e+02,1.3524858822148644e+00
4.8909914217697224e+02,1.3448281052607172e+00
4.8633164148451760e+02,1.3372140013900662e+00
4.8357990657462506e+02,1.3296433231616902e+00
4.8084384811244672e+02,1.3221158247278026e+00
4.7812337727518752e+02,1.3146312612955171e+00
4.7541840586945182e+02,1.3071893900358873e+00
4.7272884604719002e+02,1.2997899690992654e+00
4.7005461048847064e+02,1.2924327581820307e+00
4.6739561236603186e+02,1.2851175181218650e+00
4.6475176541123074e+02,1.2778440111135296e+00
4.6212298375816317e+02,1.2706120014344151e+00
4.5950918204843765e+02,1.2634212535501774e+00
4.5691027546767145e+02,1.2562715338838188e+00
4.5432617966522230e+02,1.2491626104301758e+00
4.5175681072304724e+02,1.2420942522710448e+00
4.4920208517514402e+02,1.2350662294984431e+00
4.4666192014946137e+02,1.2280783139783580e+00
4.4413623313751305e+02,1.2211302785698308e+00
4.4162494209466968e+02,1.2142218974736352e+00
4.3912796554021770e+02,1.2073529464444164e+00
4.3664522235747427e+02,1.2005232020076164e+00
4.3417663190065650e+02,1.1937324422732445e+00
4.3172211403195979e+02,1.1869804468251459e+00
4.2928158900450217e+02,1.1802669958919978e+00
4.2685497749352362e+02,1.1735918713695810e+00
4.2444220077345381e+02,1.1669548563612580e+00
4.2204318042146042e+02,1.1603557351673999e+00
4.1965783849189756e+02,1.1537942930557392e+00
4.1728609740693355e+02,1.1472703170167051e+00
4.1492788022215245e+02,1.1407835945628904e+00
4.1258311022061389e+02,1.1343339149266285e+00
4.1025171121599851e+02,1.1279210684558620e+00
4.0793360741477227e+02,1.1215448464402016e+00
4.0562872343463823e+02,1.1152050413976440e+00
4.0333698443137109e+02,1.1089014473843690e+00
4.0105831579968799e+02,1.1026338590778550e+00
3.9879264343937393e+02,1.0964020727033130e+00
3.9653989367809845e+02,1.0902058852268510e+00
3.9429999331344152e+02,1.0840450951628782e+00
3.9207286961848149e+02,1.0779195024555293e+00
3.8985845013090875e+02,1.0718289078398584e+00
3.8765666285221232e+02,1.0657731128790147e+00
3.8546743617195170e+02,1.0597519204877699e+00
3.8329069878783775e+02,1.0537651348241752e+00
3.8112637995468685e+02,1.0478125607718312e+00
3.7897440916596679e+02,1.0418940044706915e+00
3.7683471647504484e+02,1.0360092733586725e+00
3.7470723216520855e+02,1.0301581755775260e+00
3.7259188699809602e+02,1.0243405205635554e+00
3.7048861212003976e+02,1.0185561187138319e+00
3.6839733903220622e+02,1.0128047816988328e+00
3.6631799965113169e+02,1.0070863219368675e+00
3.6425052620557835e+02,1.0014005532007104e+00
3.6219485144602368e+02,9.9574729004507390e-01
3.6015090832178248e+02,9.9012634815539968e-01
3.5811863030312816e+02,9.8453754419995221e-01
3.5609795114892768e+02,9.7898069611426308e-01
3.5408880501106614e+02,9.7345562252780837e-01
3.5209112640382955e+02,9.6796214329617669e-01
3.5010485025506932e+02,9.6250007910919066e-01
3.4812991173187038e+02,9.5706925185288583e-01
3.4616624658770161e+02,9.5166948409962515e-01
3.4421379068505485e+02,9.4630059998621618e-01
3.4227248038724065e+02,9.4096242404623354e-01
3.4034225238783984e+02,9.3565478183802497e-01
3.3842304378072731e+02,9.3037750046948986e-01
3.3651479190221289e+02,9.2513040749838638e-01
3.3461743455554824e+02,9.1991333144483178e-01
3.3273090978019172e+02,9.1472610203777549e-01
3.3085515610151924e+02,9.0956854996125003e-01
3.2899011227395386e+02,9.0444050636403972e-01
3.2713571744033834e+02,8.9934180399166053e-01
3.2529191111255204e+02,8.9427227627288630e-01
3.2345863288640976e+02,8.8923175688842093e-01
3.2163582259468967e+02,8.8422008027441734e-01
3.1982342065568082e+02,8.7923708220967001e-01
3.1802136778412387e+02,8.7428259979753875e-01
3.1622960511624115e+02,8.6935647087818779e-01
3.1444807409204077e+02,8.6445853391523997e-01
3.1267671643331414e+02,8.5958862885127019e-01
3.1091547425033059e+02,8.5474659601175063e-01
3.0916428988199914e+02,8.4993227696747908e-01
3.0742310615873430e+02,8.4514551389054304e-01
3.0569186603371054e+02,8.4038615009615114e-01
3.0397051290888339e+02,8.3565402968292801e-01
3.0225899046444101e+02,8.3094899733794136e-01
3.0055724268226186e+02,8.2627089905747653e-01
2.9886521388619440e+02,8.2161958140977731e-01
2.9718284870160278e+02,8.1699489187928975e-01
2.9551009205327136e+02,8.1239667894863032e-01
2.9384688920981716e+02,8.0782479171489285e-01
2.9219318568141898e+02,8.0327908038361784e-01
2.9054892735881731e+02,7.9875939572275456e-01
2.8891406039689900e+02,7.9426558966792982e-01
2.8728853122441797e+02,7.8979751457927705e-01
2.8567228673159843e+02,7.8535502392355738e-01
2.8406527386227390e+02,7.8093797192798320e-01
2.8246744005737128e+02,7.7654621362341913e-01
2.8087873293366283e+02,7.7217960502298411e-01
2.7929910050437320e+02,7.6783800271903146e-01
2.7772849099495215e+02,7.6352126419067190e-01
2.7616685300623067e+02,7.5922924776693890e-01
2.7461413531174185e+02,7.5496181267953943e-01
2.7307028713932959e+02,7.5071881843791743e-01
2.7153525788063416e+02,7.4650012602921834e-01
2.7000899719737936e+02,7.4230559707064003e-01
2.6849145519733429e+02,7.3813509347405670e-01
2.6698258205637103e+02,7.3398847882435803e-01
2.6548232803895371e+02,7.2986561529410210e-01
2.6399064320512116e+02,7.2576636574228814e-01
2.6250747860781848e+02,7.2169059528482649e-01
2.6103278556611622e+02,7.1763816965244587e-01
2.5956651556893485e+02,7.1360895550060377e-01
2.5810862049361458e+02,7.0960282003306929e-01
2.5665905247465707e+02,7.0561963132604433e-01
2.5521776379557559e+02,7.0165925806554696e-01
2.5378470715659205e+02,6.9772156975204780e-01
2.5235983540787129e+02,6.9380643668876019e-01
2.5094310179771855e+02,6.8991372977973242e-01
2.4953445968590677e+02,6.8604332080417407e-01
2.4813386275491212e+02,6.8219508193715228e-01
2.4674126501148567e+02,6.7836888656574956e-01
2.4535662062634947e+02,6.7456460832943321e-01
2.4397988409048412e+02,6.7078212196656750e-01
2.4261101009050617e+02,6.6702130236535595e-01
2.4124995368596865e+02,6.6328202562954175e-01
2.3989667006384116e+02,6.5956416857170552e-01
2.3855111470579868e+02,6.5586760832309210e-01
2.3721324335190002e+02,6.5219222292171253e-01
2.3588301201048307e+02,6.4853789108281035e-01
2.3456037695490522e+02,6.4490449232982883e-01
2.3324529459123733e+02,6.4129190659900814e-01
2.3193772173364414e+02,6.3770001475700155e-01
2.3063761533057550e+02,6.3412869807848438e-01
2.2934493265312631e+02,6.3057783885233221e-01
2.2805963110347511e+02,6.2704731972326044e-01
2.2678166847187094e+02,6.2353702418647572e-01
2.2551100265438436e+02,6.2004683630550517e-01
2.2424759189382894e+02,6.1657664101346654e-01
2.2299139457399724e+02,6.1312632345413931e-01
2.2174236943514552e+02,6.0969576985883123e-01
2.2050047537323553e+02,6.0628486700954909e-01
2.1926567149831681e+02,6.0289350214361548e-01
2.1803791680198628e+02,5.9952156223073416e-01
2.1681717041810043e+02,5.9616893457109654e-01
2.1560339216620196e+02,5.9283550835209553e-01
2.1439654198841890e+02,5.8952117319893205e-01
2.1319658012018772e+02,5.8622581931615514e-01
2.1200346693058964e+02,5.8294933760782897e-01
2.1081716313498328e+02,5.7969161968048866e-01
2.0963762960419990e+02,5.7645255764361991e-01
2.0846482736075995e+02,5.7323204398312555e-01
2.0729871780384565e+02,5.7002997250310727e-01
2.0613926242041634e+02,5.6684623649687182e-01
2.0498642299347557e+02,5.6368073090857251e-01
2.0384016145847272e+02,5.6053335086835432e-01
2.0270044002908980e+02,5.5740399179831002e-01
2.0156722107500536e+02,5.5429255011949863e-01
2.0044046721718041e+02,5.5119892285142669e-01
1.9932014132459881e+02,5.4812300730384322e-01
1.9820620634307852e+02,5.4506470162118603e-01
1.9709862559573958e+02,5.4202390430111791e-01
1.9599736248247791e+02,5.3900051472339783e-01
1.9490238070831401e+02,5.3599443249299838e-01
1.9381364407634828e+02,5.3300555803446059e-01
1.9273111677326960e+02,5.3003379211816082e-01
1.9165476296091219e+02,5.2707903641692155e-01
1.9058454719284782e+02,5.2414119274635596e-01
1.8952043416316155e+02,5.2122016384089420e-01
1.8846238872257527e+02,5.1831585281024672e-01
1.8741037597064860e+02,5.1542816333108021e-01
1.8636436123930616e+02,5.1255699973398805e-01
1.8532431000331417e+02,5.0970226664492202e-01
1.8429018791561248e+02,5.0686386959660013e-01
1.8326196088548750e+02,5.0404171417380894e-01
1.8223959500197088e+02,5.0123570724758792e-01
1.8122305657726247e+02,4.9844575529243684e-01
1.8021231200615875e+02,4.9567176620314513e-01
1.7920732762088301e+02,4.9291364659484316e-01
1.7820807004888775e+02,4.9017130470224402e-01
1.7721450626716251e+02,4.8744464907338170e-01
1.7622660342568997e+02,4.8473358946080225e-01
1.7524432891909964e+02,4.8203803554781643e-01
1.7426765023748158e+02,4.7935789785583438e-01
1.7329653515253449e+02,4.7669308731087767e-01
1.7233095155376941e+02,4.7404351538182254e-01
1.7137086753395852e+02,4.7140909394931896e-01
1.7041625139600364e+02,4.6878973532159307e-01
1.6946707151399460e+02,4.6618535272591544e-01
1.6852329661051044e+02,4.6359585940194847e-01
1.6758489546348574e+02,4.6102116936685889e-01
1.6665183706814423e+02,4.5846119707425714e-01
1.6572409060481004e+02,4.5591585724775996e-01
1.6480162538291188e+02,4.5338506541577317e-01
1.6388441097433679e+02,4.5086873739217026e-01
1.6297241702472093e+02,4.4836678951537579e-01
1.6206561346998205e+02,4.4587913869531803e-01
1.6116397025797050e+02,4.4340570220799691e-01
1.6026745768130058e+02,4.4094639770469257e-01
1.5937604608247057e+02,4.3850114364397541e-01
1.5848970601154724e+02,4.3606985855922176e-01
1.5760840823384933e+02,4.3365246166877114e-01
1.5673212361778133e+02,4.3124887262956690e-01
1.5586082320741843e+02,4.2885901162708251e-01
1.5499447826243704e+02,4.2648279917818854e-01
1.5413306016038405e+02,4.2412015614502252e-01
1.5327654051338322e+02,4.2177100425840308e-01
1.5242489094135817e+02,4.1943526535851561e-01
1.5157808336149901e+02,4.1711286164058947e-01
1.5073608990793582e+02,4.1480371631030266e-01
1.4989888272463577e+02,4.1250775233083914e-01
1.4906643422163324e+02,4.1022489356441838e-01
1.4823871684836922e+02,4.0795506399763326e-01
1.4741570304834750e+02,4.0569818762799059e-01
1.4659736556059215e+02,4.0345418878519013e-01
1.4578367724188138e+02,4.0122299311008192e-01
1.4497461129870499e+02,3.9900452608719661e-01
1.4417014095664490e+02,3.9679871412897683e-01
1.4337023973080795e+02,3.9460548392230521e-01
1.4257488103472861e+02,3.9242476202173293e-01
1.4178403875243384e+02,3.9025647636765370e-01
1.4099768665694864e+02,3.8810055454609937e-01
1.4021579881716752e+02,3.8595692504941326e-01
1.3943834937241627e+02,3.8382551626193617e-01
1.3866531273862347e+02,3.8170625750353793e-01
1.3789666328422027e+02,3.7959907822562400e-01
1.3713237572950311e+02,3.7750390837857140e-01
1.3637242476217216e+02,3.7542067823335401e-01
1.3561678531672806e+02,3.7334931845543906e-01
1.3486543247097870e+02,3.7128976009068992e-01
1.3411834143224405e+02,3.6924193485424439e-01
1.3337548747553956e+02,3.6720577457981562e-01
1.3263684619811829e+02,3.6518121161850559e-01
1.3190239315031795e+02,3.6316817833403547e-01
1.3117210411943961e+02,3.6116660825121016e-01
1.3044595505163306e+02,3.5917643444975056e-01
1.2972392194130225e+02,3.5719759110338600e-01
1.2900598105770769e+02,3.5523001236583696e-01
1.2829210866690846e+02,3.5327363259546019e-01
1.2758228124660673e+02,3.5132838711842851e-01
1.2687647540285252e+02,3.4939421110721014e-01
1.2617466786684236e+02,3.4747104045391097e-01
1.2547683558519930e+02,3.4555881114852127e-01
1.2478295552375494e+02,3.4365745997001795e-01
1.2409300480916863e+02,3.4176692338508019e-01
1.2340696072636638e+02,3.3988713877295140e-01
1.2272480072529288e+02,3.3801804406789415e-01
1.2204650229000254e+02,3.3615957663198515e-01
1.2137204275222030e+02,3.3431167425055719e-01
1.2070139985630522e+02,3.3247427518381301e-01
1.2003455150156515e+02,3.3064731858780760e-01
1.1937147564365296e+02,3.2883074333881268e-01
1.1871215048263548e+02,3.2702448923703287e-01
1.1805655438476242e+02,3.2522849668941944e-01
1.1740466559596825e+02,3.2344270548242093e-01
1.1675646272994345e+02,3.2166705679640017e-01
1.1611192448233487e+02,3.1990149118598765e-01
1.1547102957853349e+02,3.1814595048206229e-01
1.1483375693863491e+02,3.1640037615500205e-01
1.1420008563116426e+02,3.1466471028886644e-01
1.1356999474187614e+02,3.1293889537869291e-01
1.1294346360687632e+02,3.1122287417315420e-01
1.1232047156553017e+02,3.0951658946378302e-01
1.1170099818479503e+02,3.0781998511054098e-01
1.1108502306969604e+02,3.0613300469406113e-01
1.1047252600878710e+02,3.0445559212785156e-01
1.0986348683392862e+02,3.0278769197036581e-01
1.0925788558099885e+02,3.0112924879722414e-01
1.0865570230141748e+02,2.9948020776646445e-01
1.0805691732786363e+02,2.9784051440356052e-01
1.0746151087677572e+02,2.9621011420488230e-01
1.0686946355068358e+02,2.9458895317748102e-01
1.0628075579949655e+02,2.9297697793674615e-01
1.0569536838756176e+02,2.9137413480498253e-01
1.0511328215891263e+02,2.8978037108288390e-01
1.0453447796573164e+02,2.8819563367915180e-01
1.0395893685310148e+02,2.8661987058012528e-01
1.0338664000487188e+02,2.8505302941073296e-01
1.0281756863294868e+02,2.8349505863548075e-01
1.0225170416472247e+02,2.8194590664179486e-01
1.0168902806803817e+02,2.8040552246193329e-01
1.0112952194036916e+02,2.7887385502538109e-01
1.0057316746033030e+02,2.7735085394294856e-01
1.0001994650915731e+02,2.7583646905952719e-01
9.9469840983685572e+01,2.7433065010143309e-01
9.8922832875046879e+01,2.7283334794833536e-01
9.8378904403944034e+01,2.7134451283211547e-01
9.7838037745794281e+01,2.6986409598862338e-01
9.7300215360708535e+01,2.6839204867553690e-01
9.6765419662115164e+01,2.6692832228116004e-01
9.6233633140625898e+01,2.6547286861762132e-01
9.5704837923578452e+01,2.6402563819340230e-01
9.5179016422072891e+01,2.6258658259655476e-01
9.4656151488481555e+01,2.6115565433235588e-01
9.4136226028669626e+01,2.5973280608309324e-01
9.3619223038142081e+01,2.5831799120146570e-01
9.3105125656933524e+01,2.5691116266568770e-01
9.2593916957906913e+01,2.5551227407993338e-01
9.2085580400424078e+01,2.5412127969968878e-01
9.1580099313636310e+01,2.5273813333592443e-01
9.1077457233914174e+01,2.5136278947059054e-01
9.0577637694659643e+01,2.4999520286939969e-01
9.0080624443362467e+01,2.4863532840265634e-01
8.9586401259934064e+01,2.4728312146328335e-01
8.9094951986509841e+01,2.4593853735552784e-01
8.8606260646483861e+01,2.4460153173004073e-01
8.8120311322389171e+01,2.4327206091129483e-01
8.7637088177842088e+01,2.4195008112815231e-01
8.7156575427565258e+01,2.4063554878330251e-01
8.6678757494024467e+01,2.3932842056910886e-01
8.6203618745261338e+01,2.3802865385653149e-01
8.5731143836223055e+01,2.3673620569661580e-01
8.5261317311378662e+01,2.3545103378262411e-01
8.4794123913452495e+01,2.3417309580429446e-01
8.4329548499721568e+01,2.3290234992759906e-01
8.3867575931537431e+01,2.3163875445322901e-01
8.3408191227004863e+01,2.3038226786479754e-01
8.2951379428559449e+01,2.2913284925061816e-01
8.2497125816938933e+01,2.2789045745196290e-01
8.2045415539469104e+01,2.2665505162854060e-01
8.1596234004478902e+01,2.2542659166731482e-01
8.1149566681240685e+01,2.2420503720502438e-01
8.0705399069644045e+01,2.2299034827631203e-01
8.0263716758403461e+01,2.2178248513853305e-01
7.9824505504919216e+01,2.2058140848128005e-01
7.9387751054076944e+01,2.1938707881997743e-01
7.8953439282311592e+01,2.1819945737843227e-01
7.8521556177816819e+01,2.1701850526847011e-01
7.8092087756842375e+01,2.1584418394490967e-01
7.7665020188083872e+01,2.1467645516474931e-01
7.7240339631447569e+01,2.1351528091020100e-01
7.6818032455106732e+01,2.1236062324862814e-01
7.6398085021297447e+01,2.1121244474363721e-01
7.5980483699240722e+01,2.1007070778534853e-01
7.5565214782836847e+01,2.0893537453036970e-01
7.5152264648175333e+01,2.0780640717441656e-01
7.4741619860404171e+01,2.0668376887817885e-01
7.4333267237932887e+01,2.0556742310816389e-01
7.3927193544222973e+01,2.0445733342887706e-01
7.3523385739943478e+01,2.0335346362060136e-01
7.3121830661431886e+01,2.0225577781729953e-01
7.2722515498637222e+01,2.0116424016941892e-01
7.2325427296513226e+01,2.0007881507785896e-01
7.1930553237791173e+01,1.9899946735120011e-01
7.1537880627438426e+01,1.9792616189295131e-01
7.1147396839922294e+01,1.9685886359059168e-01
7.0759089234983549e+01,1.9579753805101063e-01
7.0372945413400885e+01,1.9474215046398058e-01
6.9988952869898640e+01,1.9369266666387830e-01
6.9607099279295653e+01,1.9264905256716247e-01
6.9227372350695077e+01,1.9161127436370862e-01
6.8849759830278344e+01,1.9057929826499276e-01
6.8474249716091435e+01,1.8955309092427797e-01
6.8100829834234901e+01,1.8853261897140783e-01
6.7729488212324213e+01,1.8751784926087112e-01
6.7360213047591969e+01,1.8650874926481720e-01
6.6992992347863037e+01,1.8550528580419723e-01
6.6627814445528202e+01,1.8450742676782284e-01
6.6264667542884126e+01,1.8351513965626509e-01
6.5903540141880512e+01,1.8252839277158728e-01
6.5544420541205909e+01,1.8154715368348207e-01
6.5187297310330905e+01,1.8057139108339015e-01
6.4832159064011648e+01,1.7960107332964981e-01
6.4478994389704894e+01,1.7863616900467605e-01
6.4127792044135276e+01,1.7767664718610376e-01
6.3778540768427774e+01,1.7672247685277398e-01
6.3431229454115964e+01,1.7577362724637169e-01
6.3085846984991804e+01,1.7483006774546084e-01
6.2742382350319531e+01,1.7389176788583427e-01
6.2400824671203736e+01,1.7295869778536144e-01
6.2061162967875134e+01,1.7203082731703034e-01
6.1723386489786208e+01,1.7110812636212813e-01
6.1387484441627748e+01,1.7019056578783420e-01
6.1053446221339982e+01,1.6927811586253938e-01
6.0721261164930183e+01,1.6837074719603606e-01
6.0390918703633361e+01,1.6746843096495923e-01
6.0062408353143837e+01,1.6657113808980739e-01
5.9735719449818134e+01,1.6567883916923165e-01
5.9410841356439050e+01,1.6479150501641016e-01
5.9087763800460380e+01,1.6390910680490833e-01
5.8766476378776133e+01,1.6303161662642651e-01
5.8446968953765463e+01,1.6215900591646459e-01
5.8129231332160998e+01,1.6129124687017793e-01
5.7813253429601900e+01,1.6042831166055294e-01
5.7499025177385192e+01,1.5957017252867445e-01
5.7186536662338767e+01,1.5871680204429595e-01
5.6875777874025516e+01,1.5786817293439981e-01
5.6566738992813043e+01,1.5702425745109849e-01
5.6259410200000275e+01,1.5618502924303357e-01
5.5953781794290990e+01,1.5535046127502028e-01
5.5649844046274666e+01,1.5452052698333318e-01
5.5347587332304101e+01,1.5369519950218091e-01
5.5047002081468236e+01,1.5287445246804054e-01
5.4748078817385249e+01,1.5205825993427879e-01
5.4450807994755451e+01,1.5124659568368770e-01
5.4155180280969944e+01,1.5043943378907443e-01
5.3861186344933230e+01,1.4963674862087828e-01
5.3568816834478639e+01,1.4883851450281327e-01
5.3278062543773558e+01,1.4804470604099151e-01
5.2988914301153272e+01,1.4725529786539937e-01
5.2701362962194253e+01,1.4647026481145531e-01
5.2415399516117759e+01,1.4568958205143190e-01
5.2131014860526193e+01,1.4491322470644263e-01
5.1848200108797755e+01,1.4414116803754951e-01
5.1566946320177522e+01,1.4337338758252827e-01
5.1287244664388709e+01,1.4260985893861289e-01
5.1009086289559491e+01,1.4185055777295474e-01
5.0732462519430555e+01,1.4109546014105945e-01
5.0457364599162247e+01,1.4034454197621926e-01
5.0183783908432815e+01,1.3959777955017216e-01
4.9911711892404128e+01,1.3885514927187614e-01
4.9641139999264851e+01,1.3811662754324061e-01
4.9372059688845184e+01,1.3738219092249437e-01
4.9104462579649407e+01,1.3665181644910263e-01
4.8838340278482065e+01,1.3592548085773615e-01
4.8573684490169398e+01,1.3520316128665399e-01
4.8310486906266306e+01,1.3448483484080498e-01
4.8048739277583081e+01,1.3377047893857252e-01
4.7788433451030869e+01,1.3306007095695804e-01
4.7529561268456746e+01,1.3235358887402526e-01
4.7272114523511846e+01,1.3165100955700382e-01
4.7016084891336504e+01,1.3095231048362166e-01
4.6761464352603070e+01,1.3025746923153747e-01
4.6508244925236795e+01,1.2956646409895711e-01
4.6256418686883990e+01,1.2887927325004966e-01
4.6005977750755847e+01,1.2819587492663231e-01
4.5756914286466781e+01,1.2751624766042369e-01
4.5509220490232110e+01,1.2684036986581759e-01
4.5262888610421214e+01,1.2616822035909081e-01
4.5017911033588462e+01,1.2549977791707079e-01
4.4774280009733047e+01,1.2483502137854430e-01
4.4531987952650525e+01,1.2417392999350341e-01
4.4291027341212612e+01,1.2351648289507011e-01
4.4051390623266343e+01,1.2286265952866415e-01
4.3813070331467316e+01,1.2221243914780189e-01
4.3576059042185079e+01,1.2156580120108629e-01
4.3340349373931531e+01,1.2092272581332963e-01
4.3105933960352559e+01,1.2028319236196694e-01
4.2872805608378258e+01,1.1964718094691307e-01
4.2640956913877744e+01,1.1901467168536328e-01
4.2410380773653742e+01,1.1838564467439028e-01
4.2181069968501106e+01,1.1776008023082341e-01
4.1953017348423600e+01,1.1713795871992261e-01
4.1726215917209629e+01,1.1651926054946671e-01
4.1500658587785438e+01,1.1590396651297397e-01
4.1276338310388383e+01,1.1529205742522208e-01
4.1053248219657689e+01,1.1468351403448196e-01
4.0831381310883444e+01,1.1407831721987804e-01
4.0610730764572509e+01,1.1347644839042914e-01
4.0391289762803353e+01,1.1287788858260228e-01
4.0173051469551865e+01,1.1228261888231827e-01
3.9956009150890168e+01,1.1169062112253414e-01
3.9740156098036095e+01,1.1110187668282379e-01
3.9525485596037470e+01,1.1051636713602875e-01
3.9311991065973416e+01,1.0993407442640546e-01
3.9099665897898376e+01,1.0935498037031266e-01
3.8888503565452993e+01,1.0877906693735895e-01
3.8678497507411521e+01,1.0820631608225995e-01
3.8469641280244105e+01,1.0763671027439159e-01
3.8261928410327528e+01,1.0707023162581208e-01
3.8055352596275043e+01,1.0650686270344067e-01
3.7849907396943308e+01,1.0594658600803086e-01
3.7645586486905813e+01,1.0538938412400967e-01
3.7442383540445007e+01,1.0483523964921915e-01
3.7240292132017203e+01,1.0428413463796460e-01
3.7039305920829065e+01,1.0373605207428227e-01
3.6839418817369733e+01,1.0319097508192954e-01
3.6640624555584509e+01,1.0264888645485826e-01
3.6442917087173555e+01,1.0210976955602291e-01
3.6246290244103875e+01,1.0157360748280553e-01
3.6050738091056701e+01,1.0104038390204551e-01
3.5856254475365859e+01,1.0051008182824717e-01
3.5662833500653505e+01,9.9982685328654952e-02
3.5470469196327031e+01,9.9458177699830230e-02
3.5279155649710447e+01,9.8936542719457066e-02
3.5088887023739517e+01,9.8417764550958964e-02
3.4899657395610120e+01,9.7901826934844394e-02
3.4711460974998772e+01,9.7388713675968575e-02
3.4524292017798871e+01,9.6878409295300116e-02
3.4338144771871157e+01,9.6370897964106916e-02
3.4153013521397952e+01,9.5866163795903958e-02
3.3968892588221934e+01,9.5364191398971343e-02
3.3785776331787929e+01,9.4864965279384705e-02
3.3603659178537782e+01,9.4368469833170820e-02
3.3422535494144540e+01,9.3874690105849368e-02
3.3242399729206227e+01,9.3383610454225163e-02
3.3063246478443034e+01,9.2895216044212248e-02
3.2885070142569020e+01,9.2409491841976887e-02
3.2707865369331557e+01,9.1926422799701868e-02
3.2531626699026674e+01,9.1445994227569827e-02
3.2356348766945302e+01,9.0968191067645421e-02
3.2182026194815990e+01,9.0492998814170278e-02
3.2008653702156153e+01,9.0020402844743330e-02
3.1836225983512122e+01,8.9550388612451570e-02
3.1664737835293636e+01,8.9082941834590201e-02
3.1494183928938583e+01,8.8618048015746353e-02
3.1324559149798006e+01,8.8155693094449816e-02
3.1155858354642987e+01,8.7695862846885575e-02
3.0988076403737068e+01,8.7238543038097305e-02
3.0821208118752111e+01,8.6783719901063705e-02
3.0655248523107730e+01,8.6331379347825532e-02
3.0490192529745400e+01,8.5881507643648547e-02
3.0326035171921831e+01,8.5434091028560033e-02
3.0162771470961161e+01,8.4989115859912090e-02
3.0000396417453885e+01,8.4546568539394684e-02
2.9838905160722788e+01,8.4106435749390585e-02
2.9678292735305149e+01,8.3668703732655558e-02
2.9518554084759671e+01,8.3233358549136938e-02
2.9359684290539008e+01,8.2800386977510243e-02
2.9201678530254867e+01,8.2369775621941699e-02
2.9044532017316669e+01,8.1941511453123894e-02
2.8888239983178210e+01,8.1515581189023578e-02
2.8732797653996386e+01,8.1091971943351382e-02
2.8578200344578363e+01,8.0670670852214243e-02
2.8424443315423559e+01,8.0251664847196480e-02
2.8271521964226849e+01,7.9834941207650445e-02
2.8119431607949082e+01,7.9420487316156141e-02
2.7968167670536786e+01,7.9008290428873806e-02
2.7817725495493505e+01,7.8598337912126226e-02
2.7668100659910124e+01,7.8190617458744782e-02
2.7519288510666229e+01,7.7785116643667607e-02
2.7371284568624105e+01,7.7381822978964010e-02
2.7224084409477655e+01,7.6980724196118899e-02
2.7077683514915407e+01,7.6581808074820401e-02
2.6932077491888776e+01,7.6185062662943892e-02
2.6787261962948833e+01,7.5790475681174030e-02
2.6643232497037388e+01,7.5398035278681164e-02
2.6499984789756127e+01,7.5007729500725873e-02
2.6357514491537586e+01,7.4619546570261264e-02
2.6215817314048763e+01,7.4233474573475178e-02
2.6074889006908052e+01,7.3849501717745625e-02
2.5934725282073487e+01,7.3467616539119263e-02
2.5795321876648813e+01,7.3087807419142337e-02
2.5656674731755629e+01,7.2710062868623027e-02
2.5518779543694109e+01,7.2334371272518183e-02
2.5381632223492488e+01,7.1960721466211908e-02
2.5245228609419428e+01,7.1589102156394802e-02
2.5109564596961718e+01,7.1219501976884203e-02
2.4974636194412597e+01,7.0851909648581568e-02
2.4840439240913838e+01,7.0486314517552273e-02
2.4706969773513265e+01,7.0122705008657249e-02
2.4574223744508345e+01,6.9761070531626501e-02
2.4442197176860645e+01,6.9401399901380501e-02
2.4310886135383043e+01,6.9043682383608029e-02
2.4180286684131715e+01,6.8687907365074352e-02
2.4050394895311911e+01,6.8334063849420090e-02
2.3921206892468035e+01,6.7982141363131632e-02
2.3792718786513433e+01,6.7632129164508115e-02
2.3664926785218995e+01,6.7284017064935142e-02
2.3537826990010217e+01,6.6937794149566798e-02
2.3411415493232198e+01,6.6593449731044529e-02
2.3285688407719135e+01,6.6250973405431068e-02
2.3160641988739371e+01,6.5910354628840651e-02
2.3036272477474995e+01,6.5571583340897632e-02
2.2912576169066597e+01,6.5234649138915302e-02
2.2789549282053486e+01,6.4899542059606574e-02
2.2667188218387309e+01,6.4566251783617190e-02
2.2545489227632061e+01,6.4234768255232666e-02
2.2424448728677817e+01,6.3905081815960330e-02
2.2304063060320914e+01,6.3577182270705634e-02
2.2184328618459404e+01,6.3251059760887074e-02
2.2065241850155871e+01,6.2926704449637327e-02
2.1946799110563006e+01,6.2604106749063249e-02
2.1828996933356393e+01,6.2283256773071116e-02
2.1711831825552508e+01,6.1964145016645489e-02
2.1595300161221530e+01,6.1646761835504549e-02
2.1479398573341314e+01,6.1331097721335937e-02
2.1364123551582452e+01,6.1017143087042314e-02
2.1249471693299711e+01,6.0704888640316312e-02
2.1135439441422932e+01,6.0394325007564476e-02
2.1022023556113709e+01,6.0085442641934605e-02
2.0909220592002384e+01,5.9778232640837814e-02
2.0797027142136358e+01,5.9472685464925235e-02
2.0685439959750511e+01,5.9168792211153232e-02
2.0574455624970142e+01,5.8866543805379479e-02
2.0464070857211482e+01,5.8565930846953052e-02
2.0354282378801145e+01,5.8266944662022979e-02
2.0245086905022617e+01,5.7969576278651402e-02
2.0136481228517368e+01,5.7673816688406987e-02
2.0028462085523643e+01,5.7379657034289266e-02
1.9921026262803935e+01,5.7087088631078586e-02
1.9814170585537795e+01,5.6796102696466733e-02
1.9707891871279571e+01,5.6506690492483358e-02
1.9602186948875897e+01,5.6218843586862022e-02
1.9497052685997915e+01,5.5932553205025215e-02
1.9392485985939857e+01,5.5647810795676378e-02
1.9288483718642965e+01,5.5364607966453150e-02
1.9185042807657737e+01,5.5082936137750949e-02
1.9082160199119244e+01,5.4802787357516536e-02
1.8979832843295299e+01,5.4524152566273187e-02
1.8878057741327211e+01,5.4247024153028178e-02
1.8776831807394046e+01,5.3971393628557962e-02
1.8676152128959075e+01,5.3697252736924383e-02
1.8576015515543986e+01,5.3424593090653616e-02
1.8476419061364140e+01,5.3153406265550984e-02
1.8377359683159739e+01,5.2883684378116413e-02
1.8278834562981501e+01,5.2615419312587619e-02
1.8180840702436399e+01,5.2348603102245761e-02
1.8083375166577753e+01,5.2083227776506646e-02
1.7986435152124614e+01,5.1819285258375203e-02
1.7890017733850982e+01,5.1556767958459204e-02
1.7794120031234343e+01,5.1295667847966797e-02
1.7698739254556131e+01,5.1035977329775051e-02
1.7603872528881766e+01,5.0777688637481333e-02
1.7509517077647615e+01,5.0520793937380404e-02
1.7415670087561011e+01,5.0265285740351828e-02
1.7322328789043240e+01,5.0011156441428284e-02
1.7229490387020633e+01,4.9758398207814025e-02
1.7137152219074778e+01,4.9507004006954958e-02
1.7045311439374927e+01,4.9256966094162635e-02
1.6953965433523990e+01,4.9008277021698632e-02
1.6863111419021152e+01,4.8760929398440567e-02
1.6772746782517061e+01,4.8514916101453309e-02
1.6682868781441357e+01,4.8270229476202076e-02
1.6593474821012933e+01,4.8026862579490626e-02
1.6504562221409287e+01,4.7784808050437277e-02
1.6416128362237941e+01,4.7544058653670618e-02
1.6328170708322432e+01,4.7304607379373920e-02
1.6240686569421086e+01,4.7066447236716158e-02
1.6153673416585661e+01,4.6829570859358682e-02
1.6067128652241081e+01,4.6593971574111492e-02
1.5981049715133850e+01,4.6359642191418970e-02
1.5895434173522517e+01,4.6126575752737153e-02
1.5810279388213530e+01,4.5894765459706832e-02
1.5725582858256530e+01,4.5664204587865243e-02
1.5641342153656296e+01,4.5434886191173973e-02
1.5557554771832656e+01,4.5206803394762574e-02
1.5474218275747262e+01,4.4979949573757949e-02
1.5391330133192241e+01,4.4754318139212046e-02
1.5308887995139230e+01,4.4529902283102274e-02
1.5226889440615196e+01,4.4306695410909924e-02
1.5145332001440693e+01,4.4084691047714841e-02
1.5064213296456728e+01,4.3863882606956395e-02
1.4983530998462811e+01,4.3644263377018433e-02
1.4903282711515203e+01,4.3425827256669436e-02
1.4823460587591399e+01,4.3208552919850263e-02
1.4744073896901682e+01,4.2992465000338598e-02
1.4665113974828273e+01,4.2777540404927095e-02
1.4586578550166450e+01,4.2563772762605367e-02
1.4508465232793242e+01,4.2351155428718812e-02
1.4430771780549549e+01,4.2139682400147649e-02
1.4353495902556460e+01,4.1929347475615941e-02
1.4276635306829121e+01,4.1720144443729623e-02
1.4200187763315625e+01,4.1512067002145159e-02
1.4124151057272684e+01,4.1305109113409344e-02
1.4048522910743486e+01,4.1099264691524695e-02
1.3973301159392577e+01,4.0894527792488589e-02
1.3898483539116569e+01,4.0690892248335331e-02
1.3824067899957299e+01,4.0488352043553277e-02
1.3750052018091083e+01,4.0286901339868564e-02
1.3676433762186207e+01,4.0086534071406277e-02
1.3603210954868700e+01,3.9887244421947798e-02
1.3530381457007024e+01,3.9689026671339889e-02
1.3457943125395104e+01,3.9491874643886149e-02
1.3385893839527853e+01,3.9295782832141413e-02
1.3314231522846967e+01,3.9100745422160799e-02
1.3242953999841120e+01,3.8906756719029545e-02
1.3172059274918865e+01,3.8713810851959352e-02
1.3101545173267368e+01,3.8521902178445089e-02
1.3031409724033438e+01,3.8331025258912632e-02
1.2961650834826287e+01,3.8141174350357687e-02
1.2892266480368562e+01,3.7952343850975012e-02
1.2823254599934444e+01,3.7764528297770994e-02
1.2754613161552697e+01,3.7577722075297970e-02
1.2686340228130575e+01,3.7391919825495279e-02
1.2618433752562851e+01,3.7207116090826275e-02
1.2550891765044071e+01,3.7023305297566367e-02
1.2483712266141083e+01,3.6840482156094367e-02
1.2416893341229297e+01,3.6658641476037701e-02
1.2350433026906103e+01,3.6477777694585711e-02
1.2284329370188061e+01,3.6297885661497276e-02
1.2218580371933058e+01,3.6118959886948687e-02
1.2153184295573737e+01,3.5940995517421470e-02
1.2088139072875492e+01,3.5763987082077620e-02
1.2023442863370292e+01,3.5587929309599531e-02
1.1959093805402517e+01,3.5412817297697075e-02
1.1895090000471100e+01,3.5238645891013221e-02
1.1831429581041448e+01,3.5065409957155680e-02
1.1768110661476385e+01,3.4893104471507286e-02
1.1705131433263887e+01,3.4721724122618980e-02
1.1642489903897513e+01,3.4551263823232148e-02
1.1580184209800791e+01,3.4381718368877046e-02
1.1518212596711237e+01,3.4213083005283806e-02
1.1456573227071203e+01,3.4045352522298344e-02
1.1395264298131224e+01,3.3878522363124830e-02
1.1334284031647258e+01,3.3712587315562814e-02
1.1273630625335500e+01,3.3547542668543429e-02
1.1213302349846344e+01,3.3383383643581510e-02
1.1153297396667767e+01,3.3220105318264359e-02
1.1093614026962314e+01,3.3057702988344317e-02
1.1034250516910106e+01,3.2896171814627451e-02
1.0975205126625951e+01,3.2735507285792664e-02
1.0916476161393803e+01,3.2575704408031925e-02
1.0858061861363240e+01,3.2416758888416553e-02
1.0799960534495767e+01,3.2258665658332575e-02
1.0742170544457622e+01,3.2101420323215279e-02
1.0684690167719964e+01,3.1945018388569224e-02
1.0627517703687772e+01,3.1789455166972402e-02
1.0570651541987900e+01,3.1634726060588036e-02
1.0514090004784521e+01,3.1480826827646524e-02
1.0457831425883342e+01,3.1327752600759595e-02
1.0401874232687987e+01,3.1175499121104622e-02
1.0346216738456860e+01,3.1024061972971140e-02
1.0290857391082682e+01,3.0873436848196434e-02
1.0235794507723767e+01,3.0723619062086982e-02
1.0181026576727163e+01,3.0574604500543501e-02
1.0126551919325721e+01,3.0426388712498920e-02
1.0072368968976662e+01,3.0278967527351597e-02
1.0018476248544175e+01,3.0132336486417444e-02
9.9648721301928163e+00,2.9986491576096341e-02
9.9115550318383612e+00,2.9841428394320246e-02
9.8585234998026863e+00,2.9697142676354815e-02
9.8057758897193708e+00,2.9553630168379641e-02
9.7533107704366557e+00,2.9410887061771973e-02
9.7011265737237409e+00,2.9268908908420599e-02
9.6492218069615774e+00,2.9127691803751077e-02
9.5975949644926004e+00,2.8987231391624846e-02
9.5462445938610472e+00,2.8847523874674152e-02
9.4951691327150911e+00,2.8708565015108434e-02
9.4443671937333420e+00,2.8570351015673623e-02
9.3938372783595696e+00,2.8432877676664248e-02
9.3435779253486544e+00,2.8296141165469635e-02
9.2935876795090735e+00,2.8160137379359185e-02
9.2438651383854449e+00,2.8024862606002898e-02
9.1944088129675947e+00,2.7890312677527618e-02
9.1452173191937618e+00,2.7756483908774499e-02
9.0962892444222234e+00,2.7623372388575262e-02
9.0476231933571398e+00,2.7490974299325899e-02
8.9992177537642419e+00,2.7359285902093688e-02
8.9510714958887547e+00,2.7228303171114021e-02
8.9031831060419790e+00,2.7098022666336874e-02
8.8555511356680654e+00,2.6968440230007218e-02
8.8081740672932938e+00,2.6839551856710386e-02
8.7610504858312197e+00,2.6711353817404415e-02
8.7141790495952591e+00,2.6583842178297346e-02
8.6675584057811648e+00,2.6457013392700901e-02
8.6211872148560360e+00,2.6330863755219980e-02
8.5750641000340693e+00,2.6205389675851620e-02
8.5291877536801621e+00,2.6080587407136591e-02
8.4835568320122547e+00,2.5956453363846776e-02
8.4381700368830934e+00,2.5832983932218667e-02
8.3930260188644752e+00,2.5710175388439893e-02
8.3481234968639910e+00,2.5588024495277750e-02
8.3034611599869095e+00,2.5466527459911958e-02
8.2590377380256541e+00,2.5345680819555128e-02
8.2148519101901911e+00,2.5225481236816449e-02
8.1709023968433030e+00,2.5105924854074146e-02
8.1271879565902054e+00,2.4987008452399095e-02
8.0837072986760177e+00,2.4868728611295410e-02
8.0404591751284897e+00,2.4751081832164346e-02
7.9974423056701198e+00,2.4634064518409104e-02
7.9546554963453673e+00,2.4517673532272966e-02
7.9120974742691033e+00,2.4401905417562375e-02
7.8697670009569265e+00,2.4286756835522283e-02
7.8276628488092683e+00,2.4172224303924850e-02
7.7857838755589910e+00,2.4058304749587478e-02
7.7441287762485445e+00,2.3944994600810787e-02
7.7026963403914124e+00,2.3832290725863459e-02
7.6614854159415700e+00,2.3720189837376893e-02
7.6204947783844545e+00,2.3608688677882128e-02
7.5797232558834367e+00,2.3497783862239885e-02
7.5391696236329153e+00,2.3387472369449824e-02
7.4988327991450205e+00,2.3277750938746067e-02
7.4587115113390610e+00,2.3168616098473649e-02
7.4188046484487131e+00,2.3060065129925533e-02
7.3791110577876680e+00,2.2952094631477848e-02
7.3396294946433045e+00,2.2844701589974648e-02
7.3003589590662159e+00,2.2737882670867293e-02
7.2612982064019889e+00,2.2631634850654336e-02
7.2224461606238037e+00,2.2525955128799069e-02
7.1838016350520775e+00,2.2420840336053516e-02
7.1453635331708938e+00,2.2316287419585024e-02
7.1071307357051410e+00,2.2212293423990559e-02
7.0691021190723404e+00,2.2108855058263543e-02
7.0312765858252533e+00,2.2005969407587145e-02
6.9936530201230198e+00,2.1903633775195885e-02
6.9562303607817739e+00,2.1801844852006980e-02
6.9190075075603090e+00,2.1700599755490657e-02
6.8819832934532315e+00,2.1599895428835225e-02
6.8451567540760152e+00,2.1499728947333097e-02
6.8085267571150325e+00,2.1400097624223235e-02
6.7720922126318328e+00,2.1300998253423131e-02
6.7358520987327211e+00,2.1202427988782802e-02
6.6998053326387890e+00,2.1104384036334523e-02
6.6639510989189148e+00,2.1006864091418720e-02
6.6282883636304177e+00,2.0909865456701482e-02
6.5928161931224167e+00,2.0813385331166501e-02
6.5575334504828788e+00,2.0717420926303021e-02
6.5224392009549774e+00,2.0621969460080436e-02
6.4875324011081830e+00,2.0527028175024498e-02
6.4528120407485403e+00,2.0432594318208430e-02
6.4182771324412897e+00,2.0338665245844822e-02
6.3839267047587782e+00,2.0245238293341572e-02
6.3497597268433310e+00,2.0152310592266076e-02
6.3157752040424384e+00,2.0059879519749302e-02
6.2819722176645882e+00,1.9967942332073108e-02
6.2483497345237993e+00,1.9876496631241025e-02
6.2149068599101156e+00,1.9785539464919566e-02
6.1816425184952095e+00,1.9695068494002044e-02
6.1485558405402116e+00,1.9605080822088894e-02
6.1156458338373341e+00,1.9515574140314129e-02
6.0829115661326796e+00,1.9426545620376601e-02
6.0503520676866174e+00,1.9337992789928649e-02
6.0179663997259922e+00,1.9249913049407041e-02
5.9857536682393402e+00,1.9162303762414012e-02
5.9537128758965991e+00,1.9075162628382714e-02
5.9218431851477362e+00,1.8988487011370125e-02
5.8901435991283506e+00,1.8902274315223622e-02
5.8586132042109966e+00,1.8816522069982966e-02
5.8272511325776577e+00,1.8731228002252465e-02
5.7960564560489729e+00,1.8646389249170170e-02
5.7650282227550633e+00,1.8562003690021811e-02
5.7341656212811358e+00,1.8478068780154899e-02
5.7034676913754083e+00,1.8394581845996072e-02
5.6729335633572191e+00,1.8311540873924059e-02
5.6425623284303583e+00,1.8228943157055255e-02
5.6123531656339765e+00,1.8146786311604046e-02
5.5823050883482210e+00,1.8065068164901277e-02
5.5524173303274438e+00,1.7983785951173559e-02
5.5226889712503180e+00,1.7902937691246734e-02
5.4931191540672444e+00,1.7822520716663348e-02
5.4637070220196620e+00,1.7742532918873621e-02
5.4344516894780099e+00,1.7662971866570842e-02
5.4053523241309449e+00,1.7583835139703297e-02
5.3764081042027101e+00,1.7505120600276314e-02
5.3476181247388013e+00,1.7426825668508172e-02
5.3189815887599252e+00,1.7348948392054808e-02
5.2904975951532833e+00,1.7271486240019840e-02
5.2621654010144994e+00,1.7194437131479390e-02
5.2339841090142727e+00,1.7117798687877439e-02
5.2059529263060540e+00,1.7041568585909772e-02
5.1780709620798007e+00,1.6965744570484276e-02
5.1503374854801223e+00,1.6890324748942476e-02
5.1227516117505729e+00,1.6815306216017234e-02
5.0953125498490408e+00,1.6740687482638350e-02
5.0680194793967530e+00,1.6666465880234682e-02
5.0408718578983098e+00,1.6592640083217702e-02
5.0138690586900339e+00,1.6519208166528188e-02
4.9870102455024607e+00,1.6446168202946865e-02
4.9602947026141919e+00,1.6373517987403829e-02
4.9337216597050428e+00,1.6301255561529615e-02
4.9072902756161056e+00,1.6229378659090798e-02
4.8809999025543220e+00,1.6157885404027184e-02
4.8548497184528969e+00,1.6086773601955429e-02
4.8288390273228288e+00,1.6016041226407651e-02
4.8029670735122636e+00,1.5945686347777155e-02
4.7772330419393256e+00,1.5875706862857442e-02
4.7516363207250834e+00,1.5806100853410499e-02
4.7261760512483306e+00,1.5736866188262866e-02
4.7008515527704731e+00,1.5668000948608096e-02
4.6756621176609769e+00,1.5599503124235525e-02
4.6506070136092603e+00,1.5531370819871881e-02
4.6256855005049147e+00,1.5463602079762495e-02
4.6008969195536338e+00,1.5396194872323576e-02
4.5762404775014147e+00,1.5329147251918585e-02
4.5517155535053462e+00,1.5262457382391403e-02
4.5273213426116854e+00,1.5196123437021924e-02
4.5030572593677789e+00,1.5130143042028976e-02
4.4789224841515534e+00,1.5064514882965341e-02
4.4549164013587870e+00,1.4999236642211144e-02
4.4310382949188352e+00,1.4934306850477697e-02
4.4072875083656982e+00,1.4869723323954531e-02
4.3836633308674209e+00,1.4805484082899056e-02
4.3601651075878181e+00,1.4741587643698040e-02
4.3367920860182494e+00,1.4678031998755614e-02
4.3135436798329465e+00,1.4614815189020192e-02
4.2904192113783211e+00,1.4551935543863692e-02
4.2674179247696884e+00,1.4489391133452045e-02
4.2445392428780906e+00,1.4427180382767801e-02
4.2217825026600622e+00,1.4365301120278673e-02
4.1991469935746863e+00,1.4303751880561322e-02
4.1766320947790518e+00,1.4242530709452694e-02
4.1542371534160338e+00,1.4181635920635927e-02
4.1319615103420801e+00,1.4121065727522364e-02
4.1098045181715861e+00,1.4060818218695204e-02
4.0877656125812791e+00,1.4000891937257620e-02
4.0658439670223743e+00,1.3941285029773098e-02
4.0440391529700719e+00,1.3881995382462264e-02
4.0223503836314194e+00,1.3823021864709517e-02
4.0007771236123517e+00,1.3764362573283506e-02
3.9793187137693167e+00,1.3706015402135563e-02
3.9579745092778467e+00,1.3647979234860941e-02
3.9367438838235103e+00,1.3590251894470384e-02
3.9156262540491298e+00,1.3532832030023201e-02
3.8946209728019312e+00,1.3475717980782065e-02
3.8737274400773458e+00,1.3418907696745919e-02
3.8529450370115228e+00,1.3362399667357749e-02
3.8322731829248369e+00,1.3306192649906734e-02
3.8117113345069811e+00,1.3250284667606138e-02
3.7912590173073113e+00,1.3194674776514148e-02
3.7709157206700183e+00,1.3139361519279191e-02
3.7506808202015236e+00,1.3084342962770279e-02
3.7305537430802360e+00,1.3029617839265484e-02
3.7105339416302741e+00,1.2975184477227231e-02
3.6906208048458211e+00,1.2921041339495787e-02
3.6708137975656427e+00,1.2867186915059392e-02
3.6511123222880997e+00,1.2813619516464314e-02
3.6315158622455783e+00,1.2760337829831769e-02
3.6120238134171814e+00,1.2707340183624183e-02
3.5926356095587835e+00,1.2654625121967911e-02
3.5733507369877771e+00,1.2602190982988759e-02
3.5541686365613714e+00,1.2550036460197589e-02
3.5350887685199268e+00,1.2498159968345135e-02
3.5161105503211729e+00,1.2446559979252925e-02
3.4972334196208976e+00,1.2395235251233316e-02
3.4784568688482977e+00,1.2344184050107287e-02
3.4597803763463162e+00,1.2293404967635979e-02
3.4412034122506157e+00,1.2242896554880645e-02
3.4227254504221492e+00,1.2192657378818694e-02
3.4043458885280415e+00,1.2142686032007077e-02
3.3860642577637918e+00,1.2092980951138088e-02
3.3678800241323188e+00,1.2043540851095713e-02
3.3497926387353800e+00,1.1994364288852921e-02
3.3318016126286238e+00,1.1945449794552587e-02
3.3139064044225961e+00,1.1896795941083838e-02
3.2961065507261083e+00,1.1848401372731132e-02
3.2784014795906842e+00,1.1800264765156498e-02
3.2607907244819216e+00,1.1752384643614278e-02
3.2432737383642234e+00,1.1704759526764974e-02
3.2258500212337822e+00,1.1657388343451203e-02
3.2085190690122545e+00,1.1610269326411071e-02
3.1912804463645443e+00,1.1563401335592971e-02
3.1741335457772948e+00,1.1516782991748187e-02
3.1570779651519842e+00,1.1470413001120505e-02
3.1401131546008401e+00,1.1424290052787001e-02
3.1232386550982483e+00,1.1378412593444409e-02
3.1064539817161858e+00,1.1332779473377741e-02
3.0897585850907490e+00,1.1287389223980426e-02
3.0731520186527632e+00,1.1242240665865211e-02
3.0566338376956992e+00,1.1197332433766860e-02
3.0402035375591367e+00,1.1152663225288961e-02
3.0238606133498251e+00,1.1108231702451121e-02
3.0076045948080719e+00,1.1064036588777526e-02
2.9914349854807369e+00,1.1020076676913959e-02
2.9753513996256515e+00,1.0976350337386975e-02
2.9593532988219522e+00,1.0932856842941874e-02
2.9434401902835816e+00,1.0889594441664485e-02
2.9276116813998669e+00,1.0846562204505972e-02
2.9118672537151724e+00,1.0803758580209433e-02
2.8962064803927206e+00,1.0761182453961737e-02
2.8806288894265890e+00,1.0718832711859250e-02
2.8651342581724748e+00,1.0676708535129364e-02
2.8497220974531956e+00,1.0634808689587771e-02
2.8343920120387338e+00,1.0593132052349574e-02
2.8191435360931791e+00,1.0551677493367606e-02
2.8039762481930666e+00,1.0510443634530020e-02
2.7888897432130761e+00,1.0469429611362102e-02
2.7738835492054932e+00,1.0428633922174413e-02
2.7589572676224634e+00,1.0388055676230579e-02
2.7441104364697821e+00,1.0347693453468310e-02
2.7293426684336737e+00,1.0307546373496734e-02
2.7146535242791288e+00,1.0267612958273276e-02
2.7000425840378739e+00,1.0227892465422883e-02
2.6855094449711032e+00,1.0188383436116055e-02
2.6710536665050313e+00,1.0149084895488159e-02
2.6566748728509992e+00,1.0109995638458713e-02
2.6423726435168646e+00,1.0071114615243459e-02
2.6281465361244045e+00,1.0032440736949866e-02
2.6139961418812163e+00,9.9939728326035038e-03
2.5999210965819657e+00,9.9557098185414361e-03
2.5859209998161532e+00,9.9176505789273506e-03
2.5719954118249007e+00,9.8797939543828761e-03
2.5581439487286843e+00,9.8421391006695558e-03
2.5443662265897729e+00,9.8046847031127982e-03
2.5306618543108925e+00,9.7674298268657367e-03
2.5170303889899515e+00,9.7303732026148282e-03
2.5034715306828730e+00,9.6935140898040117e-03
2.4899847916676663e+00,9.6568511957002556e-03
2.4765698631526902e+00,9.6203833850267984e-03
2.4632262951345183e+00,9.5841097992206414e-03
2.4499537144438364e+00,9.5480294505705388e-03
2.4367518309736624e+00,9.5121409932517054e-03
2.4236201538005844e+00,9.4764437653793721e-03
2.4105583108030260e+00,9.4409365283354418e-03
2.3975659949355759e+00,9.4056181603718869e-03
2.3846427505486645e+00,9.3704878266862579e-03
2.3717883090139367e+00,9.3355444652161168e-03
2.3590021988493390e+00,9.3007870824521888e-03
2.3462840949068777e+00,9.2662145528947804e-03
2.3336336307111196e+00,9.2318260276442743e-03
2.3210504109156318e+00,9.1976204004140527e-03
2.3085341383703053e+00,9.1635968045693517e-03
2.2960843337932602e+00,9.1297539504466840e-03
2.2837007598136552e+00,9.0960912762056978e-03
2.2713829767308198e+00,9.0626076529360944e-03
2.2591306788381189e+00,9.0293018670308811e-03
2.2469434476224706e+00,8.9961732486472101e-03
2.2348210034542717e+00,8.9632206671694803e-03
2.2227629091357812e+00,8.9304432664221167e-03
2.2107688413234428e+00,8.8978399364805227e-03
2.1988385230652057e+00,8.8654098583447194e-03
2.1869714778149500e+00,8.8331520323663426e-03
2.1751674643601291e+00,8.8010655714469976e-03
2.1634262618026696e+00,8.7691499422817287e-03
2.1517475844011642e+00,8.7374043537238322e-03
2.1401311137015000e+00,8.7058279090115320e-03
2.1285765058710240e+00,8.6744195705250604e-03
2.1170834013610147e+00,8.6431786698994983e-03
2.1056515167001635e+00,8.6121042295417283e-03
2.0942804873920977e+00,8.5811953767915838e-03
2.0829700570320711e+00,8.5504511328053923e-03
2.0717198352795094e+00,8.5198708483176233e-03
2.0605295324930921e+00,8.4894534880959327e-03
2.0493988301604986e+00,8.4591980844379577e-03
2.0383274151827209e+00,8.4291038632500204e-03
2.0273149229469709e+00,8.3991700681735892e-03
2.0163611221942119e+00,8.3693957673176556e-03
2.0054656296269968e+00,8.3397802325180237e-03
1.9946282019955106e+00,8.3103222619911321e-03
1.9838484582724050e+00,8.2810214113351321e-03
1.9731261425768025e+00,8.2518766738530758e-03
1.9624609291786328e+00,8.2228870920744157e-03
1.9518524990417063e+00,8.1940521794194865e-03
1.9413005664828233e+00,8.1653708095927868e-03
1.9308048260281794e+00,8.1368422268042195e-03
1.9203649702831171e+00,8.1084656370649100e-03
1.9099806786398403e+00,8.0802402042081667e-03
1.8996517172199674e+00,8.0521651345861756e-03
1.8893777492921799e+00,8.0242396400080906e-03
1.8791584842256270e+00,7.9964630818949445e-03
1.8689936003065668e+00,7.9688342106010168e-03
1.8588828403153457e+00,7.9413527630549652e-03
1.8488259165314957e+00,7.9140174595977442e-03
1.8388225259841420e+00,7.8868277868195946e-03
1.8288723522564396e+00,7.8597828781994394e-03
1.8189751384197734e+00,7.8328820551405443e-03
1.8091306120622903e+00,7.8061243510774148e-03
1.7993384524015710e+00,7.7795092270207533e-03
1.7895983995986171e+00,7.7530357527848537e-03
1.7799101885175332e+00,7.7267032153258697e-03
1.7702734792837873e+00,7.7005106063552375e-03
1.7606880104285665e+00,7.6744576548435361e-03
1.7511535441153683e+00,7.6485431919763869e-03
1.7416697692242451e+00,7.6227667029797885e-03
1.7322364082792774e+00,7.5971271243133742e-03
1.7228531926521100e+00,7.5716241442478349e-03
1.7135198465548456e+00,7.5462566545638765e-03
1.7042361319763586e+00,7.5210240158867236e-03
1.6950016829068772e+00,7.4959255706517069e-03
1.6858163268771023e+00,7.4709604390363893e-03
1.6766797410091385e+00,7.4461278976514222e-03
1.6675916543463245e+00,7.4214274668520375e-03
1.6585517813800834e+00,7.3968580732071132e-03
1.6495599413756281e+00,7.3724193177895359e-03
1.6406157900928520e+00,7.3481100725985016e-03
1.6317190788686275e+00,7.3239300041905153e-03
1.6228695645113476e+00,7.2998781608930585e-03
1.6140669152955525e+00,7.2759539788194161e-03
1.6053109748754650e+00,7.2521565219858530e-03
1.5966014104778878e+00,7.2284853936253057e-03
1.5879379551042803e+00,7.2049395664635085e-03
1.5793203890207224e+00,7.1815185025343453e-03
1.5707484191516414e+00,7.1582214412728717e-03
1.5622218058560975e+00,7.1350477520581990e-03
1.5537402807967737e+00,7.1119967504955639e-03
1.5453036301187240e+00,7.0890675572172768e-03
1.5369115237263031e+00,7.0662597345290123e-03
1.5285637551569380e+00,7.0435722607271600e-03
1.5202601889031939e+00,7.0210051170533916e-03
1.5120008070953190e+00,6.9985580972797834e-03
1.5037853448302485e+00,6.9762305804488278e-03
1.4956135607790202e+00,6.9540216600216809e-03
1.4874852599459700e+00,6.9319310844093707e-03
1.4794001597329043e+00,6.9099580346119183e-03
1.4713580925599672e+00,6.8881019972195645e-03
1.4633587878779508e+00,6.8663622047324679e-03
1.4554020438226871e+00,6.8447380870111374e-03
1.4474876014282927e+00,6.8232291002914280e-03
1.4396152832196094e+00,6.8018346624967307e-03
1.4317848411737941e+00,6.7805539924847835e-03
1.4239960397826508e+00,6.7593866336892461e-03
1.4162486637360416e+00,6.7383319204736836e-03
1.4085425002849661e+00,6.7173892256278123e-03
1.4008773587411270e+00,6.6965580529085855e-03
1.3932529414305463e+00,6.6758378588929190e-03
1.3856691553373821e+00,6.6552278005929111e-03
1.3781256617512554e+00,6.6347274325835315e-03
1.3706222899490967e+00,6.6143361509602983e-03
1.3631588640273549e+00,6.5940535538402401e-03
1.3557351097697392e+00,6.5738788881617438e-03
1.3483508680365048e+00,6.5538115616163850e-03
1.3410058525623754e+00,6.5338511429899881e-03
1.3336999887251295e+00,6.5139967974801039e-03
1.3264329507946968e+00,6.4942482722472050e-03
1.3192045546020381e+00,6.4746046831487547e-03
1.3120146318105981e+00,6.4550657020845392e-03
1.3048628836404532e+00,6.4356307958632897e-03
1.2977492173085921e+00,6.4162991483271981e-03
1.2906733998679556e+00,6.3970706349891771e-03
1.2836351838777773e+00,6.3779442398299580e-03
1.2766344390693121e+00,6.3589197254714236e-03
1.2696708700968884e+00,6.3399963187293906e-03
1.2627443520468660e+00,6.3211736593302703e-03
1.2558546706568450e+00,6.3024511136973160e-03
1.2490016192896292e+00,6.2838282028678805e-03
1.2421849633101374e+00,6.2653043263480868e-03
1.2354045657557435e+00,6.2468791497849452e-03
1.2286602110252716e+00,6.2285518114322258e-03
1.2219516800832935e+00,6.2103218913307501e-03
1.2152788193197921e+00,6.1921889189306967e-03
1.2086414395016618e+00,6.1741524732497055e-03
1.2020393224665895e+00,6.1562117587072862e-03
1.1954722260124981e+00,6.1383666248957525e-03
1.1889400560758077e+00,6.1206161778954993e-03
1.1824425349477679e+00,6.1029601727113914e-03
1.1759795735124499e+00,6.0853978504837869e-03
1.1695509043056518e+00,6.0679288300207190e-03
1.1631563206319697e+00,6.0505526661245312e-03
1.1567957460647449e+00,6.0332688818789393e-03
1.1504688956774771e+00,6.0160768870218817e-03
1.1441756089334376e+00,5.9989761589349655e-03
1.1379157210467383e+00,5.9819660527864471e-03
1.1316890380694531e+00,5.9650463143725574e-03
1.1254953342722729e+00,5.9482163150050837e-03
1.1193344708881341e+00,5.9314756645107991e-03
1.1132062831311487e+00,5.9148237844510732e-03
1.1071105607552454e+00,5.8982601851766958e-03
1.1010471531189978e+00,5.8817843319047824e-03
1.0950158079504035e+00,5.8653957879641894e-03
1.0890164276352152e+00,5.8490940708679773e-03
1.0830487808561884e+00,5.8328788420567435e-03
1.0771127390326001e+00,5.8167493140217630e-03
1.0712080670637079e+00,5.8007051992490233e-03
1.0653346171020530e+00,5.7847460681159646e-03
1.0594923933967948e+00,5.7688717587325300e-03
1.0536812687059864e+00,5.7530820630518065e-03
1.0479010075214319e+00,5.7373761886765351e-03
1.0421515309135430e+00,5.7217539798557482e-03
1.0364326128037646e+00,5.7062149782041161e-03
1.0307441208278760e+00,5.6907586670149612e-03
1.0250859009684063e+00,5.6753845626644761e-03
1.0194577514776029e+00,5.6600923459200203e-03
