2.1763610623660497e+01,2.2889378363754531e-01
2.4198438364488538e+01,2.3919293267874764e-01
2.7953691918577533e+01,2.4994949378356068e-01
3.0463437436032109e+01,2.6159136855937959e-01
3.3825372662802693e+01,2.7339555084165568e-01
3.6803354284260422e+01,2.8882951917569244e-01
3.9472300077090040e+01,3.0326013201579372e-01
4.4014190285932273e+01,3.2174843251539187e-01
4.8443703829834703e+01,3.3902680433106980e-01
5.3556842085556127e+01,3.6229579865494088e-01
5.8173650071024895e+01,3.8346955062377219e-01
6.4110883869812824e+01,4.0999945030307572e-01
7.1640120422176551e+01,4.3651459475461252e-01
7.7830201717093587e+01,4.6813504804322292e-01
8.6005604093021248e+01,4.9985878792688254e-01
9.4564960074261762e+01,5.3863552672407877e-01
1.0451029492326779e+02,5.7696960868577207e-01
1.1439944143983303e+02,6.2076312495287311e-01
1.2632073264778592e+02,6.7104894147530558e-01
1.3842931829736335e+02,7.2437433493541903e-01
1.5270115474739578e+02,7.8398545546087917e-01
1.6698235591955017e+02,8.4763950841795577e-01
1.8289301873359364e+02,9.1946795760554778e-01
2.0180975733540254e+02,9.9615087675670111e-01
2.2355464200535789e+02,1.0818787505816090e+00
2.4353895892424043e+02,1.1777877316250169e+00
2.6841166076896479e+02,1.2817088013924831e+00
2.9389306954888161e+02,1.3955158738212958e+00
3.2375716826226562e+02,1.5218058690136331e+00
3.5658988387504360e+02,1.6589262014499582e+00
3.9171695639746031e+02,1.8106542094606084e+00
4.3079594163765432e+02,1.9802065327174887e+00
4.7445427597500384e+02,2.1627729669404516e+00
5.2210198191850213e+02,2.3657311260560618e+00
5.7350494141608942e+02,2.5869267467978716e+00
6.3180033636465669e+02,2.8319077948383438e+00
6.9364496098156087e+02,3.1007037806333528e+00
7.6300945742876502e+02,3.3976674963993219e+00
8.3975335487502161e+02,3.7225923689463798e+00
9.2405458304000786e+02,4.0816903492006986e+00
1.0157539416481741e+03,4.4773665393021247e+00
1.1189719084149110e+03,4.9136491164545077e+00
1.2318355389240896e+03,5.3911430449998079e+00
1.3579689806207898e+03,5.9197048171438382e+00
1.4952183474265621e+03,6.5005738720260524e+00
1.6454191248690477e+03,7.1409212503830304e+00
1.8122048251153901e+03,7.8503083398634317e+00
1.9980383700726670e+03,8.6292810838976948e+00
2.2014963219846250e+03,9.4876664642359856e+00
2.4279727607694222e+03,1.0435999713565025e+01
2.6772616625413066e+03,1.1483237255191625e+01
2.9525751269737957e+03,1.2637907610814523e+01
3.2594477048161789e+03,1.3917259641793976e+01
3.5971957713565789e+03,1.5327652851334278e+01
3.9720375020561623e+03,1.6887118127871759e+01
4.3875595854716958e+03,1.8613302723918309e+01
4.8482477234795224e+03,2.0521788160086544e+01
5.3600016909900005e+03,2.2636330353219478e+01
5.9282623915317236e+03,2.4977202986387056e+01
6.5593978361191694e+03,2.7572514768648603e+01
7.2619205571230850e+03,3.0450153080646260e+01
8.0422547538905055e+03,3.3638861106237187e+01
8.9123404470733949e+03,3.7183553759005463e+01
9.8782272471356555e+03,4.1117710650949107e+01
1.0954870615239022e+04,4.5484800683322533e+01
1.2153704877043434e+04,5.0340598617409455e+01
1.3487522242910170e+04,5.5735508311555122e+01
1.4975445475326793e+04,6.1736031577692188e+01
1.6630304243543069e+04,6.8407784914082299e+01
1.8474676892494026e+04,7.5830682634776281e+01
2.0527021289399592e+04,8.4085804716825351e+01
2.2811957288608246e+04,9.3271479998640871e+01
2.5356726866650977e+04,1.0349134920066103e+02
2.8191016192521725e+04,1.1487040385802720e+02
3.1352396531205683e+04,1.2753874081471770e+02
3.4880536845434166e+04,1.4164839793852798e+02
3.8823646724475431e+04,1.5737672569063534e+02
4.3241435636312177e+04,1.7492286062614130e+02
4.8201900827967795e+04,1.9451480052582781e+02
5.3790298729259521e+04,2.1642125284412271e+02
6.0103095342334243e+04,2.4093955755510228e+02
6.7254193781852082e+04,2.6840713720930512e+02
7.5373595119728794e+04,2.9919765319687576e+02
8.4605132122392446e+04,3.3370943764892968e+02
9.5114494817605999e+04,3.7235222848771173e+02
1.0708794752754239e+05,4.1554064761588643e+02
1.2075437810692203e+05,4.6367566835035427e+02
1.3639413355829543e+05,5.1710565424310676e+02
1.5435228047850865e+05,5.7604950647695432e+02
1.7502442218711277e+05,6.4043802672207426e+02
1.9881846724847227e+05,7.0959541078757934e+02
2.2612905909812512e+05,7.8182821592802816e+02
2.5735870285579551e+05,8.5387077084934981e+02
2.9288936680568598e+05,9.2007636420528274e+02
3.3284597516975470e+05,9.7109079387909060e+02
3.7681264181101520e+05,9.9251204819549753e+02
4.2375056035033846e+05,9.6465297730269322e+02
4.7155454477589182e+05,8.6403069324941089e+02
5.1684525786611874e+05,6.6913092476285942e+02
5.5560767862642021e+05,3.7122788750294035e+02
5.8407313210005523e+05,-1.5787427889003879e+01
6.0057170046040765e+05,-4.5512012228387886e+02
6.0628240924090194e+05,-9.0254174025472696e+02
6.0471831570026651e+05,-1.3253528146659301e+03
5.9972904140436929e+05,-1.7085208145983574e+03
5.9390817525172303e+05,-2.0454949913420844e+03
5.8807125928234565e+05,-2.3263036431806963e+03
5.8172998813435808e+05,-2.5326076590317689e+03
5.7375493879285164e+05,-2.6404105854402251e+03
5.6289970925602550e+05,-2.6269780439934530e+03
5.4817512083095731e+05,-2.4786894238021187e+03
5.2910321771006589e+05,-2.1975107493508808e+03
5.0586068907984521e+05,-1.8039146387635444e+03
4.7925934682128736e+05,-1.3346923632275557e+03
4.5055359022594476e+05,-8.3581904941995322e+02
4.2115668293790764e+05,-3.5271045186011565e+02
3.9234485059916414e+05,7.8442795895278323e+01
3.6507835034856870e+05,4.3548867243218956e+02
3.3993416901517520e+05,7.1054027678891339e+02
3.1715037627105613e+05,9.0693617223786623e+02
2.9671992457755102e+05,1.0349383139255372e+03
2.7848577061817632e+05,1.1077661736585956e+03
2.6221982890467288e+05,1.1387574673745412e+03
2.4767636905649735e+05,1.1397444711941921e+03
2.3462103502601539e+05,1.1203804289875798e+03
2.2284407902378129e+05,1.0880734989249750e+03
2.1216503422220869e+05,1.0482392544461106e+03
2.0243244255675387e+05,1.0046731060959123e+03
1.9352062707019542e+05,9.5992863242551971e+02
1.8532537115424150e+05,9.1564866926473292e+02
1.7775981655433745e+05,8.7283207865074337e+02
1.7075114432559791e+05,8.3203729898312940e+02
1.6423798728876299e+05,7.9353130282429402e+02
1.5816834016077491e+05,7.5739489233801396e+02
1.5249779696592965e+05,7.2359493310393032e+02
1.4718810036360667e+05,6.9203259270384387e+02
1.4220597391132274e+05,6.6257472973118524e+02
1.3752223203203443e+05,6.3507376957285283e+02
1.3311112245334993e+05,6.0937985046897120e+02
1.2894981354386662e+05,5.8534791233357919e+02
1.2501799431882118e+05,5.6284147478461091e+02
1.2129753416413331e+05,5.4173436346232666e+02
1.1777219006080748e+05,5.2191117211002279e+02
1.1442734868926622e+05,5.0326701194769612e+02
1.1124982014939777e+05,4.8570688541781169e+02
1.0822764748357219e+05,4.6914487887332643e+02
1.0534997103449499e+05,4.5350333706303832e+02
1.0260690052164029e+05,4.3871202488982885e+02
9.9989412011017441e+04,4.2470737065767980e+02
9.7489262535243965e+04,4.1143175115998793e+02
9.5098909395979485e+04,3.9883285293958670e+02
9.2811439068857901e+04,3.8686310875863796e+02
9.0620503698965797e+04,3.7547918035152816e+02
8.8520262296972331e+04,3.6464151442795651e+02
8.6505333330223715e+04,3.5431394203391687e+02
8.4570744826333423e+04,3.4446332621299598e+02
8.2711897856253112e+04,3.3505925678641438e+02
8.0924532093312446e+04,3.2607378331798645e+02
7.9204692222765647e+04,3.1748116450579641e+02
7.7548705462800543e+04,3.0925766982236769e+02
7.5953156387702649e+04,3.0138138213467232e+02
7.4414865427404351e+04,2.9383203868196688e+02
7.2930868665657821e+04,2.8659087274528292e+02
7.1498401652966422e+04,2.7964048670059219e+02
7.0114883420711558e+04,2.7296472939479395e+02
6.8777899745370058e+04,2.6654858905503875e+02
6.7485192430297000e+04,2.6037809812903583e+02
6.6234645953680709e+04,2.5444024005622055e+02
6.5024273915302329e+04,2.4872287067887487e+02
6.3852211875815672e+04,2.4321465645461149e+02
6.2716707022630173e+04,2.3790499364844527e+02
6.1616111000045494e+04,2.3278396844756867e+02
6.0548870562819880e+04,2.2784228912188587e+02
5.9513521842107031e+04,2.2307124792555317e+02
5.8508683715159597e+04,2.1846267077934715e+02
5.7533052043830365e+04,2.1400888242872941e+02
5.6585396290834644e+04,2.0970266762491758e+02
5.5664552688258816e+04,2.0553723314170088e+02
5.4769418466916017e+04,2.0150618944668065e+02
5.3898952002670063e+04,1.9760351260281061e+02
5.3052166112977080e+04,1.9382352222201189e+02
5.2228123484267329e+04,1.9016085728619601e+02
5.1425937366983097e+04,1.8661045182419389e+02
5.0644764707506227e+04,1.8316752326895903e+02
4.9883804529451416e+04,1.7982754116034562e+02
4.9142296945980401e+04,1.7658622547361813e+02
4.8419518111631565e+04,1.7343951618679387e+02
4.7714779536427290e+04,1.7038357218552858e+02
4.7027424702136486e+04,1.6741474088809605e+02
4.6356828998257872e+04,1.6452956297167248e+02
4.5702397856391617e+04,1.6172475317901262e+02
4.5063562168476230e+04,1.5899719124052672e+02
4.4439779192166694e+04,1.5634390613921244e+02
4.3830532121008378e+04,1.5376207763805269e+02
4.3235325548400055e+04,1.5124901607803258e+02
4.2653686656474194e+04,1.4880216502947030e+02
4.2085163460211887e+04,1.4641908918811885e+02
4.1529322822926450e+04,1.4409746218481177e+02
4.0985751974372717e+04,1.4183507030308908e+02
4.0454053233945568e+04,1.3962980095167552e+02
3.9933847229803097e+04,1.3747963528686637e+02
3.9424770237602992e+04,1.3538264662749350e+02
3.8926472918459738e+04,1.3333699221274708e+02
3.8438621635858784e+04,1.3134091642988199e+02
3.7960894724400074e+04,1.2939273245663901e+02
3.7492983797566616e+04,1.2749083177145053e+02
3.7034593610546377e+04,1.2563367421095302e+02
3.6585440240329830e+04,1.2381978237913893e+02
3.6145250262638903e+04,1.2204774248310196e+02
3.5713760578167450e+04,1.2031620130706278e+02
3.5290719409411948e+04,1.1862385871947959e+02
3.4875883694279182e+04,1.1696946951745201e+02
3.4469019689671870e+04,1.1535183806642294e+02
3.4069902221579221e+04,1.1376981850191066e+02
3.3678314300976926e+04,1.1222230795708970e+02
3.3294047160408460e+04,1.1070824794609314e+02
3.2916898351775366e+04,1.0922661643884169e+02
3.2546675038622809e+04,1.0777644322146648e+02
3.2183192267689737e+04,1.0635679565981968e+02
3.1826266951343277e+04,1.0496676005370750e+02
3.1475725375817914e+04,1.0360546751617744e+02
3.1131398527999583e+04,1.0227208025576670e+02
3.0793125680358498e+04,1.0096579396846346e+02
3.0460748437400034e+04,9.9685834004805201e+01
3.0134115582640225e+04,9.8431447387070762e+01
2.9813080481358629e+04,9.7201915460734654e+01
2.9497502004266891e+04,9.5996542799228109e+01
2.9187243375209335e+04,9.4814661959041018e+01
2.8882171732191578e+04,9.3655625093450567e+01
2.8582159480875125e+04,9.2518809485731140e+01
2.8287083059970930e+04,9.1403614292630095e+01
2.7996822310217947e+04,9.0309457864217961e+01
2.7711261398051749e+04,8.9235778147352562e+01
2.7430287114590872e+04,8.8182033723155769e+01
2.7153790750410175e+04,8.7147702423710484e+01
2.6881667318195745e+04,8.6132277124515781e+01
2.6613814308992645e+04,8.5135268972192648e+01
2.6350132634164474e+04,8.4156205078979724e+01
2.6090526076678943e+04,8.3194628090450919e+01
2.5834902159905527e+04,8.2250096560160728e+01
2.5583169852161023e+04,8.1322184315629556e+01
2.5335242054213944e+04,8.0410473311280839e+01
2.5091033441008592e+04,7.9514564060847761e+01
2.4850461979774409e+04,7.8634069124324355e+01
2.4613446899783448e+04,7.7768612012849530e+01
2.4379910786609515e+04,7.6917828860199279e+01
2.4149778109745181e+04,7.6081365656180083e+01
2.3922975826187234e+04,7.5258882742363426e+01
2.3699432209846505e+04,7.4450046022349966e+01
2.3479078122735780e+04,7.3654533878282336e+01
2.3261845615748607e+04,7.2872039620444411e+01
2.3047665185088234e+04,7.2102231717310133e+01
2.2836487446478102e+04,7.1344879560806930e+01
2.2628238049146254e+04,7.0599653694362701e+01
2.2422859103746188e+04,6.9866278235562959e+01
2.2220292675205332e+04,6.9144492057221100e+01
2.2020480901612842e+04,6.8434032908216977e+01
2.1823369158471760e+04,6.7734649949677305e+01
2.1628904915544088e+04,6.7046103380330464e+01
2.1437034755504050e+04,6.6368144003974862e+01
2.1247706797425519e+04,6.5700547869681486e+01
2.1060871885662724e+04,6.5043084254102382e+01
2.0876480901150964e+04,6.4395538831789167e+01
2.0694487450106011e+04,6.3757694453050817e+01
2.0514844809514936e+04,6.3129349069249429e+01
2.0337508844466996e+04,6.2510296453020942e+01
2.0162434368349030e+04,6.1900343835382614e+01
1.9989579870932968e+04,6.1299297064049256e+01
1.9818903229259944e+04,6.0706974551734220e+01
1.9650364414630225e+04,6.0123193644855405e+01
1.9483923142277403e+04,5.9547779874370917e+01
1.9319541797844169e+04,5.8980561278474738e+01
1.9157182904151734e+04,5.8421374886828289e+01
1.8996808801116538e+04,5.7870054760755465e+01
1.8838384407611797e+04,5.7326444241235890e+01
1.8681875026610505e+04,5.6790394018043798e+01
1.8527245613566833e+04,5.6261749132467912e+01
1.8374463931522390e+04,5.5740364741197368e+01
1.8223496911302325e+04,5.5226099603271791e+01
1.8074312837226840e+04,5.4718813688120576e+01
1.7926880213101686e+04,5.4218372786571763e+01
1.7781169600410911e+04,5.3724645427239466e+01
1.7637151341152785e+04,5.3237502617155315e+01
1.7494796106554277e+04,5.2756819109795401e+01
1.7354075217153935e+04,5.2282473577993187e+01
1.7214962398687552e+04,5.1814347000086400e+01
1.7077429831345973e+04,5.1352320267956657e+01
1.6941451487786486e+04,5.0896283466683713e+01
1.6807000910840055e+04,5.0446124202930719e+01
1.6674054085115902e+04,5.0001734838462880e+01
1.6542585504549730e+04,4.9563010847477017e+01
1.6412571080588794e+04,4.9129846522598314e+01
1.6283987511170795e+04,4.8702143245878119e+01
1.6156811713718984e+04,4.8279803782670569e+01
1.6031020889159001e+04,4.7862730264315815e+01
1.5906593591911544e+04,4.7450830124814161e+01
1.5783507608197280e+04,4.7044011432179559e+01
1.5661742096022528e+04,4.6642185712682362e+01
1.5541276195103012e+04,4.6245263109290704e+01
1.5422089950532885e+04,4.5853162295338393e+01
1.5304163334244397e+04,4.5465796612680606e+01
1.5187476729705464e+04,4.5083086031497487e+01
1.5072011864733824e+04,4.4704949772680493e+01
1.4957749205104366e+04,4.4331310976478221e+01
1.4844671082220506e+04,4.3962092956051947e+01
1.4732759800049709e+04,4.3597222828645613e+01
1.4621997543671459e+04,4.3236625031354038e+01
1.4512366946281865e+04,4.2880229073381429e+01
1.4403851326969685e+04,4.2527964925033416e+01
1.4296434855330735e+04,4.2179765524951904e+01
1.4190100768146629e+04,4.1835565050987839e+01
1.4084833646548854e+04,4.1495295634856689e+01
1.3980617413211730e+04,4.1158894048101729e+01
1.3877437829002214e+04,4.0826297523366975e+01
1.3775279264711251e+04,4.0497448682412710e+01
1.3674127371462993e+04,4.0172282394741160e+01
1.3573967882688565e+04,3.9850741944945185e+01
1.3474786778740643e+04,3.9532770876987001e+01
1.3376569948519405e+04,3.9218310544599603e+01
1.3279304323481978e+04,3.8907309160391492e+01
1.3182976194919087e+04,3.8599709778405327e+01
1.3087573070437706e+04,3.8295461446994636e+01
1.2993082229014079e+04,3.7994510995465589e+01
1.2899491223981429e+04,3.7696809086024814e+01
1.2806786639277881e+04,3.7402303931281040e+01
1.2714957957881677e+04,3.7110949997523107e+01
1.2623992403897457e+04,3.6822697053575098e+01
1.2533879121929698e+04,3.6537499306356722e+01
1.2444605518987752e+04,3.6255310155861252e+01
1.2356161864540249e+04,3.5976084817666788e+01
1.2268536050294002e+04,3.5699781072224710e+01
1.2181718053070072e+04,3.5426353846925053e+01
1.2095697026617941e+04,3.5155760489937279e+01
1.2010462234430190e+04,3.4887959386907824e+01
1.1926003945975215e+04,3.4622912324102117e+01
1.1842311699102574e+04,3.4360576707327141e+01
1.1759376238833007e+04,3.4100912824270495e+01
1.1677187651730317e+04,3.3843887072206144e+01
1.1595735841453425e+04,3.3589456856941410e+01
1.1515011863961176e+04,3.3337586731346619e+01
1.1435007058714691e+04,3.3088240729554173e+01
1.1355711905522912e+04,3.2841381732943660e+01
1.1277117323165992e+04,3.2596977118628843e+01
1.1199214870590775e+04,3.2354991151291983e+01
1.1121996042727376e+04,3.2115390631670607e+01
1.1045452791767835e+04,3.1878142245226741e+01
1.0969575826151937e+04,3.1643213138523379e+01
1.0894357692511927e+04,3.1410574031655301e+01
1.0819790553380270e+04,3.1180188958754457e+01
1.0745865967703809e+04,3.0952031320064634e+01
1.0672576555276639e+04,3.0726069731907614e+01
1.0599914771278854e+04,3.0502274568552593e+01
1.0527872961147514e+04,3.0280616146631019e+01
1.0456443991598266e+04,3.0061065906707654e+01
1.0385620390972879e+04,2.9843596960838113e+01
1.0315395208891772e+04,2.9628182392259077e+01
1.0245761174891959e+04,2.9414792085319846e+01
1.0176711740984232e+04,2.9203401284667507e+01
1.0108239563543641e+04,2.8993983909284111e+01
1.0040338469535694e+04,2.8786515146178886e+01
9.9730017372116563e+03,2.8580968885515404e+01
9.9062227545655333e+03,2.8377318786906017e+01
9.8399957692436874e+03,2.8175542486958875e+01
9.7743138948830310e+03,2.7975616700079854e+01
9.7091712785323616e+03,2.7777516123358623e+01
9.6445614727999200e+03,2.7581216548999578e+01
9.5804784692654503e+03,2.7386698783679094e+01
9.5169170094180154e+03,2.7193937668580702e+01
9.4538709293682477e+03,2.7002911848970484e+01
9.3913346688124002e+03,2.6813600805859664e+01
9.3293021736040246e+03,2.6625982925144967e+01
9.2677684412987437e+03,2.6440034517769277e+01
9.2067275732191629e+03,2.6255739848665144e+01
9.1461744663232821e+03,2.6073073355553220e+01
9.0861042004739284e+03,2.5892019678010797e+01
9.0265103099889820e+03,2.5712558008860924e+01
8.9673894842928858e+03,2.5534665408335513e+01
8.9087349742011866e+03,2.5358329772536649e+01
8.8505430393120623e+03,2.5183527470044623e+01
8.7928080187243759e+03,2.5010240345012789e+01
8.7355252209316823e+03,2.4838452691192629e+01
8.6786900733158109e+03,2.4668144767703211e+01
8.6222980306943646e+03,2.4499299340899483e+01
8.5663439717348665e+03,2.4331901309727982e+01
8.5108236439024331e+03,2.4165930731576054e+01
8.4557325385954464e+03,2.4001373254678924e+01
8.4010658088386990e+03,2.3838211011378235e+01
8.3468199154256145e+03,2.3676427747867933e+01
8.2929899473643745e+03,2.3516009371752830e+01
8.2395717435722472e+03,2.3356938476475079e+01
8.1865611886929837e+03,2.3199201315465075e+01
8.1339537649797276e+03,2.3042779704057011e+01
8.0817464636497316e+03,2.2887661941816418e+01
8.0299342548229033e+03,2.2733831659662428e+01
7.9785133249358041e+03,2.2581275024568868e+01
7.9274803725579404e+03,2.2429977454220762e+01
7.8768308890878689e+03,2.2279924020477438e+01
7.8265612713024020e+03,2.2131101293775941e+01
7.7766678153807879e+03,2.1983498236514379e+01
7.7271471650213352e+03,2.1837097701503922e+01
7.6779948847842752e+03,2.1691889688619540e+01
7.6292083042606246e+03,2.1547858289881219e+01
7.5807829239941202e+03,2.1404991430209975e+01
7.5327160004137550e+03,2.1263276573425742e+01
7.4850033998727449e+03,2.1122702134369206e+01
7.4376424153810367e+03,2.0983255490404190e+01
7.3906293339727563e+03,2.0844924191806967e+01
7.3439608816531836e+03,2.0707695846491674e+01
7.2976340953657636e+03,2.0571560252601785e+01
7.2516451889825985e+03,2.0436503490654445e+01
7.2059910165424226e+03,2.0302515243517973e+01
7.1606686698599951e+03,2.0169586029805600e+01
7.1156752773310873e+03,2.0037701785940726e+01
7.0710071991516161e+03,1.9906853635731636e+01
7.0266616551697371e+03,1.9777029590555685e+01
6.9826358835240244e+03,1.9648219189186875e+01
6.9389264273151639e+03,1.9520413180789092e+01
6.8955312745911069e+03,1.9393598942725930e+01
6.8524465294811525e+03,1.9267768261638025e+01
6.8096695307214977e+03,1.9142910388111545e+01
6.7671980743101449e+03,1.9019015322021232e+01
6.7250287399287918e+03,1.8896072659778838e+01
6.6831592321229400e+03,1.8774073467554786e+01
6.6415863866409054e+03,1.8653008494512960e+01
6.6003080817878363e+03,1.8532867798165967e+01
6.5593211258762167e+03,1.8413642761690994e+01
6.5186234246468521e+03,1.8295323298506787e+01
6.4782125363216619e+03,1.8177901224072798e+01
6.4380848759679939e+03,1.8061366768814423e+01
6.3982389986384660e+03,1.7945711229452513e+01
6.3586718040979467e+03,1.7830926940185236e+01
6.3193808505682973e+03,1.7717005226552487e+01
6.2803640986618120e+03,1.7603936664805133e+01
6.2416193352313712e+03,1.7491713531503706e+01
6.2031435057678609e+03,1.7380327642107773e+01
6.1649348909669206e+03,1.7269769947512600e+01
6.1269902717053192e+03,1.7160034338131823e+01
6.0893084682475892e+03,1.7051111188484583e+01
6.0518866730060545e+03,1.6942993351507539e+01
6.0147224442027509e+03,1.6835673737774869e+01
5.9778143551806570e+03,1.6729144623846764e+01
5.9411592508333270e+03,1.6623397508176140e+01
5.9047554484371794e+03,1.6518425387793400e+01
5.8686007897164673e+03,1.6414220625715416e+01
5.8326936102380860e+03,1.6310776218972705e+01
5.7970302976337844e+03,1.6208086461442008e+01
5.7616109342105919e+03,1.6106142275200000e+01
5.7264322185381898e+03,1.6004937925304489e+01
5.6914921935360180e+03,1.5904466639336647e+01
5.6567888381067896e+03,1.5804720780313005e+01
5.6223207987555070e+03,1.5705693921640432e+01
5.5880854965255712e+03,1.5607378829798790e+01
5.5540813675815007e+03,1.5509771326061696e+01
5.5203059975809301e+03,1.5412863110613443e+01
5.4867577952526626e+03,1.5316646719383471e+01
5.4534356082968879e+03,1.5221117944826574e+01
5.4203364004952600e+03,1.5126271426644962e+01
5.3874591110002366e+03,1.5032097337626510e+01
5.3548016546979197e+03,1.4938592997622322e+01
5.3223620013459004e+03,1.4845750913743132e+01
5.2901393095823587e+03,1.4753564803489780e+01
5.2581308724173578e+03,1.4662030632229516e+01
5.2263350619988050e+03,1.4571140532428899e+01
5.1947506528649828e+03,1.4480889028514866e+01
5.1633758708401001e+03,1.4391271480660066e+01
5.1322088777316385e+03,1.4302282269197576e+01
5.1012476341517759e+03,1.4213915918554562e+01
5.0704914724983391e+03,1.4126166261507024e+01
5.0399378961218172e+03,1.4039028139488778e+01
5.0095856795604923e+03,1.3952496883853541e+01
4.9794328565885080e+03,1.3866565866276460e+01
4.9494785218274919e+03,1.3781231080943485e+01
4.9197208736658795e+03,1.3696486879369218e+01
4.8901579092968605e+03,1.3612329313377245e+01
4.8607888422301039e+03,1.3528750803622074e+01
4.8316115782065317e+03,1.3445749707431901e+01
4.8026248277478153e+03,1.3363318330185848e+01
4.7738270818898454e+03,1.3281452666070209e+01
4.7452170237186947e+03,1.3200148190532673e+01
4.7167928058964899e+03,1.3119400494296087e+01
4.6885536053520627e+03,1.3039205052808256e+01
4.6604977027809364e+03,1.2959555036012489e+01
4.6326237538333517e+03,1.2880448138404404e+01
4.6049302129643620e+03,1.2801879230236977e+01
4.5774158089860575e+03,1.2723844536246588e+01
4.5500791609677835e+03,1.2646337687477626e+01
4.5229186136217904e+03,1.2569355513861638e+01
4.4959338011385989e+03,1.2492893750215444e+01
4.4691218702043989e+03,1.2416948650094582e+01
4.4424827659477596e+03,1.2341515054932984e+01
4.4160149611143279e+03,1.2266587834983511e+01
4.3897170016113669e+03,1.2192165318755428e+01
4.3635873967654770e+03,1.2118240935561516e+01
4.3376254606838338e+03,1.2044812495172437e+01
4.3118294191905879e+03,1.1971874291465042e+01
4.2861983943430241e+03,1.1899425056411928e+01
4.2607307582891663e+03,1.1827456720747819e+01
4.2354257153933286e+03,1.1755969659117113e+01
4.2102818847249146e+03,1.1684956955006896e+01
4.1852978579174378e+03,1.1614416994564067e+01
4.1604727387377061e+03,1.1544344244578156e+01
4.1358058595835464e+03,1.1474734900967064e+01
4.1112942665435839e+03,1.1405586139487809e+01
4.0869387826891034e+03,1.1336896000461820e+01
4.0627378076036694e+03,1.1268657884382833e+01
4.0386894482233911e+03,1.1200869399290013e+01
4.0147933021578356e+03,1.1133527634484381e+01
3.9910482536882046e+03,1.1066627719587700e+01
3.9674526566719287e+03,1.1000166887994851e+01
3.9440059075234458e+03,1.0934141911999745e+01
3.9207068447976490e+03,1.0868549390983503e+01
3.8975541241447791e+03,1.0803385146219398e+01
3.8745471602698090e+03,1.0738647016297136e+01
3.8516847917276318e+03,1.0674330534302158e+01
3.8289655735709821e+03,1.0610433020085452e+01
3.8063890485379379e+03,1.0546952081686413e+01
3.7839537259549834e+03,1.0483883079277462e+01
3.7616587370246998e+03,1.0421223246253362e+01
3.7395036153400433e+03,1.0358970363566186e+01
3.7174864129655762e+03,1.0297119618475563e+01
3.6956067000753246e+03,1.0235669858229471e+01
3.6738635712907417e+03,1.0174617307564404e+01
3.6522560937977978e+03,1.0113958104760513e+01
3.6307829506823909e+03,1.0053689800219558e+01
3.6094434011804406e+03,9.9938095696986693e+00
3.5882366222206037e+03,9.9343151653310997e+00
3.5671612420175225e+03,9.8752026677593676e+00
3.5462171051020268e+03,9.8164692239218994e+00
3.5254025836221408e+03,9.7581121536700266e+00
3.5047170282661100e+03,9.7001289497675316e+00
3.4841595976720564e+03,9.6425163268708047e+00
3.4637293315902934e+03,9.5852724405764320e+00
3.4434254252399551e+03,9.5283938326277848e+00
3.4232468269187957e+03,9.4718766989427650e+00
3.4031931891079294e+03,9.4157210395213724e+00
3.3832624998553074e+03,9.3599219839854868e+00
3.3634551158251707e+03,9.3044788406840553e+00
3.3437699212986627e+03,9.2493860187688597e+00
3.3242057639759732e+03,9.1946429418638900e+00
3.3047617110430147e+03,9.1402474773776703e+00
3.2854371954951202e+03,9.0861963687850675e+00
3.2662315588752390e+03,9.0324876564076249e+00
3.2471438134979107e+03,8.9791170750622769e+00
3.2281731088560773e+03,8.9260835296342975e+00
3.2093185304261860e+03,8.8733845417066277e+00
3.1905794288963662e+03,8.8210179498688603e+00
3.1719546885478194e+03,8.7689817368047898e+00
3.1534446843352052e+03,8.7172711474116795e+00
3.1350473037089687e+03,8.6658870750723054e+00
3.1167624094904750e+03,8.6148247070465231e+00
3.0985890139942640e+03,8.5640835534145481e+00
3.0805268977346714e+03,8.5136581674224772e+00
3.0625746249095537e+03,8.4635503646547932e+00
3.0447313815928646e+03,8.4137558222909092e+00
3.0269971769298427e+03,8.3642718601821571e+00
3.0093709592183004e+03,8.3150964610119900e+00
2.9918519602584420e+03,8.2662288178540848e+00
2.9744389728789101e+03,8.2176653859954740e+00
2.9571320062251179e+03,8.1694049550462751e+00
2.9399303378232871e+03,8.1214437209243897e+00
2.9228327330665197e+03,8.0737813378040073e+00
2.9058386066596722e+03,8.0264149814425991e+00
2.8889480409098906e+03,7.9793431532619934e+00
2.8721593622389482e+03,7.9325623373683811e+00
2.8554720493683126e+03,7.8860713810092875e+00
2.8388858279408887e+03,7.8398700536345132e+00
2.8224004418901168e+03,7.7939521303821948e+00
2.8060144096876029e+03,7.7483192827429548e+00
2.7897271003121859e+03,7.7029681389167308e+00
2.7735379193233675e+03,7.6578973156009624e+00
2.7574467112521525e+03,7.6131043343783631e+00
2.7414526164463605e+03,7.5685876102147631e+00
2.7255548758513178e+03,7.5243451257937295e+00
2.7097523737482261e+03,7.4803735381342449e+00
2.6940452198798885e+03,7.4366740576257371e+00
2.6784330484368838e+03,7.3932435430187979e+00
2.6629143778909347e+03,7.3500779308618576e+00
2.6474889247396495e+03,7.3071786332764077e+00
2.6321563048830722e+03,7.2645413274417479e+00
2.6169154757643701e+03,7.2221657251698161e+00
2.6017666019977187e+03,7.1800492904059183e+00
2.5867080374406069e+03,7.1381911297670513e+00
2.5717398644000641e+03,7.0965887360171109e+00
2.5568615250167786e+03,7.0552408411289207e+00
2.5420722602361348e+03,7.0141451684169169e+00
2.5273711829700624e+03,6.9732995564705789e+00
2.5127584121067775e+03,6.9327040917464728e+00
2.4982332343177986e+03,6.8923554024444229e+00
2.4837944790128968e+03,6.8522530851012107e+00
2.4694420638848678e+03,6.8123941425611747e+00
2.4551754310743418e+03,6.7727776814413119e+00
2.4409938215266448e+03,6.7334018573382082e+00
2.4268971712252242e+03,6.6942655751372513e+00
2.4128842912892578e+03,6.6553666446094439e+00
2.3989550262497505e+03,6.6167044893784350e+00
2.3851084341473179e+03,6.5782762563828783e+00
2.3713447436129791e+03,6.5400801300378362e+00
2.3576629943968146e+03,6.5021161967998751e+00
2.3440626560751116e+03,6.4643827275407375e+00
2.3305428964314051e+03,6.4268760622722994e+00
2.3171036697395029e+03,6.3895963450884210e+00
2.3037443083971157e+03,6.3525415874917144e+00
2.2904643185615423e+03,6.3157114148376650e+00
2.2772633069875301e+03,6.2791041268168328e+00
2.2641406426538015e+03,6.2427157176155106e+00
2.2510957402652712e+03,6.2065480604558161e+00
2.2381280876886449e+03,6.1705976394437130e+00
2.2252373739859322e+03,6.1348634747398592e+00
2.2124232699285494e+03,6.0993450764244699e+00
2.1996847603953211e+03,6.0640399372616685e+00
2.1870218819672009e+03,6.0289462416667448e+00
2.1744338298633229e+03,5.9940645660158225e+00
2.1619205492123147e+03,5.9593915961463608e+00
2.1494810889096116e+03,5.9249270726891154e+00
2.1371150831456762e+03,5.8906690359654021e+00
2.1248222575634718e+03,5.8566174283375858e+00
2.1126019628512440e+03,5.8227673506089559e+00
2.1004540252494044e+03,5.7891227509556984e+00
2.0883780057867407e+03,5.7556778656169172e+00
2.0763722674658056e+03,5.7224330115994917e+00
2.0644382826696965e+03,5.6893868920573141e+00
2.0525743320940528e+03,5.6565396799029486e+00
2.0407806077887071e+03,5.6238873981416191e+00
2.0290560854873038e+03,5.5914310266125540e+00
2.0174008109159186e+03,5.5591677987106323e+00
2.0058142170699430e+03,5.5270965328647890e+00
1.9942957095090533e+03,5.4952184106460891e+00
1.9828448766975780e+03,5.4635274089242785e+00
1.9714617826521280e+03,5.4320276776072660e+00
1.9601452933634282e+03,5.4007138852163052e+00
1.9488952990886755e+03,5.3695870692282597e+00
1.9377119644420454e+03,5.3386456446089596e+00
1.9265936249905499e+03,5.3078876228607896e+00
1.9155407105603372e+03,5.2773135803599871e+00
1.9045530382466386e+03,5.2469198571182005e+00
1.8936297301067971e+03,5.2167075194314521e+00
1.8827702008456108e+03,5.1866735701438529e+00
1.8719748711439897e+03,5.1568181821683083e+00
1.8612425155402743e+03,5.1271392229133426e+00
1.8505734998439439e+03,5.0976366635601380e+00
1.8399663791075582e+03,5.0683098989136397e+00
1.8294222324690782e+03,5.0391563352817457e+00
1.8189388925075182e+03,5.0101752521941307e+00
1.8085175663939444e+03,4.9813656409926352e+00
1.7981570103763370e+03,4.9527264930192132e+00
1.7878572518904111e+03,4.9242559638703369e+00
1.7776174861552427e+03,4.8959545434656775e+00
1.7674376948804129e+03,4.8678198974820361e+00
1.7573177957588341e+03,4.8398523717452235e+00
1.7472566456359345e+03,4.8120486809112890e+00
1.7372544914330938e+03,4.7844103235582907e+00
1.7273103454647935e+03,4.7569336108791731e+00
1.7174248753332649e+03,4.7296198109013403e+00
1.7075970384815591e+03,4.7024677708725449e+00
1.6978262679050094e+03,4.6754734849790793e+00
1.6881128013798152e+03,4.6486409013970160e+00
1.6784557792536798e+03,4.6219646598289046e+00
1.6688549911862356e+03,4.5954451061003283e+00
1.6593103091442026e+03,4.5690816061975283e+00
1.6498215044965036e+03,4.5428742177581398e+00
1.6403877358815516e+03,4.5168212404728365e+00
1.6310091038969113e+03,4.4909208875756121e+00
1.6216851238450035e+03,4.4651726691466820e+00
1.6124150823974633e+03,4.4395756918033840e+00
1.6031995739945560e+03,4.4141287451557218e+00
1.5940373823199188e+03,4.3888311375525291e+00
1.5849285256640287e+03,4.3636826960807866e+00
1.5758725742007373e+03,4.3386810575988193e+00
1.5668692627181881e+03,4.3138262509251035e+00
1.5579185546354274e+03,4.2891169215761238e+00
1.5490197732050437e+03,4.2645527237260694e+00
1.5401727995388210e+03,4.2401325046228067e+00
1.5313771397941164e+03,4.2158547945073224e+00
1.5226323824352585e+03,4.1917197662922945e+00
1.5139388932717266e+03,4.1677256332121715e+00
1.5052956114559784e+03,4.1438725105418825e+00
1.4967027107476606e+03,4.1201583233275869e+00
1.4881594320920412e+03,4.0965833597573464e+00
1.4796656657463755e+03,4.0731444785815256e+00
1.4712212379510747e+03,4.0498447634121248e+00
1.4628259292205330e+03,4.0266800931600528e+00
1.4544791268238914e+03,4.0036515053025141e+00
1.4461813154586707e+03,3.9807562908716818e+00
1.4379310410323087e+03,3.9579946804179826e+00
1.4297285779019003e+03,3.9353672503176540e+00
1.4215737157269032e+03,3.9128705999517024e+00
1.4134664636527305e+03,3.8905061702603234e+00
1.4054055596365943e+03,3.8682714540075267e+00
1.3973915981189930e+03,3.8461663070992245e+00
1.3894241126927664e+03,3.8241895767835103e+00
1.3815026552413474e+03,3.8023417529797143e+00
1.3736266496149474e+03,3.7806198385324024e+00
1.3657970834989683e+03,3.7590259083955289e+00
1.3580123930580448e+03,3.7375568213192309e+00
1.3502727154706954e+03,3.7162139606061828e+00
1.3425778678322094e+03,3.6949946172887849e+00
1.3349273380093509e+03,3.6738971198764148e+00
1.3273212265997427e+03,3.6529239179674278e+00
1.3197588842915720e+03,3.6320724178693808e+00
1.3122402927943622e+03,3.6113418126558372e+00
1.3047652143319719e+03,3.5907319005951877e+00
1.2973333745473064e+03,3.5702420764923772e+00
1.2899441881452221e+03,3.5498702942123828e+00
1.2825978197400109e+03,3.5296172742254157e+00
1.2752942144602421e+03,3.5094827859808220e+00
1.2680322108609253e+03,3.4894640628735942e+00
1.2608122296227957e+03,3.4695608455343745e+00
1.2536343530531740e+03,3.4497740273461659e+00
1.2464971636402770e+03,3.4301023691002683e+00
1.2394019234267762e+03,3.4105436805676845e+00
1.2323472880629706e+03,3.3910996332389232e+00
1.2253331478058826e+03,3.3717671723208014e+00
1.2183596489794436e+03,3.3525467589142863e+00
1.2114262428694055e+03,3.3334385082944209e+00
1.2045328563138610e+03,3.3144403455073643e+00
1.1976789680343936e+03,3.2955523858283868e+00
1.1908649072594708e+03,3.2767738223308243e+00
1.1840899332248955e+03,3.2581036175379268e+00
1.1773537624284509e+03,3.2395414256237700e+00
1.1706567149533075e+03,3.2210867854877279e+00
1.1639985347329057e+03,3.2027393801229209e+00
1.1573782980983960e+03,3.1844978550453789e+00
1.1507959410330513e+03,3.1663609998654465e+00
1.1442515824249131e+03,3.1483297944224660e+00
1.1377449479170609e+03,3.1304021349436653e+00
1.1312758180236560e+03,3.1125791165436567e+00
1.1248438635162311e+03,3.0948580590735446e+00
1.1184489197805524e+03,3.0772397118223580e+00
1.1120906210071407e+03,3.0597228644003280e+00
1.1057692415531492e+03,3.0423074879885235e+00
1.0994839400566998e+03,3.0249925739288983e+00
1.0932347988250549e+03,3.0077777763957556e+00
1.0870212782892049e+03,2.9906624613754502e+00
1.0808437716943445e+03,2.9736456490284127e+00
1.0747019863929017e+03,2.9567267629788603e+00
1.0685951724754414e+03,2.9399058896831320e+00
1.0625236134442966e+03,2.9231804642674888e+00
1.0564867148592020e+03,2.9065537720756538e+00
1.0504848150937469e+03,2.8900217208375807e+00
1.0445168075744878e+03,2.8735847428351917e+00
1.0385833050321671e+03,2.8572429245249396e+00
1.0326838410597411e+03,2.8409951707922119e+00
1.0268185254000709e+03,2.8248406747105719e+00
1.0209866081437794e+03,2.8087792057294791e+00
1.0151883087764727e+03,2.7928107350302298e+00
1.0094234078125446e+03,2.7769337352160619e+00
1.0036911919235135e+03,2.7611484944752647e+00
9.9799206349981250e+02,2.7454540617869725e+00
9.9232548297249014e+02,2.7298493420369141e+00
9.8669140461535426e+02,2.7143345657752889e+00
9.8108978270221269e+02,2.6989099923714548e+00
9.7552030629501678e+02,2.6835734027774834e+00
9.6998274676292203e+02,2.6683243647112249e+00
9.6447678402258316e+02,2.6531636562805261e+00
9.5900261012400733e+02,2.6380911910288205e+00
9.5355941114114830e+02,2.6231033377869153e+00
9.4814766262628837e+02,2.6082024020589643e+00
9.4276665125100408e+02,2.5933871446366084e+00
9.3741663308185525e+02,2.5786575078820988e+00
9.3209758068318479e+02,2.5640121949492141e+00
9.2680828688381007e+02,2.5494498801731424e+00
9.2154973936924944e+02,2.5349727537827675e+00
9.1632144429668551e+02,2.5205777898037240e+00
9.1112277979007922e+02,2.5062658816189014e+00
9.0595391960896086e+02,2.4920349254557550e+00
9.0081452537950827e+02,2.4778875438253181e+00
8.9570478915167041e+02,2.4638203649275283e+00
8.9062435426138109e+02,2.4498341956889362e+00
8.8557273601094494e+02,2.4359275663505287e+00
8.8055016303132288e+02,2.4221019466712050e+00
8.7555623293219833e+02,2.4083549158715414e+00
8.7059094571345486e+02,2.3946866756830332e+00
8.6565404530847445e+02,2.3810963327229047e+00
8.6074547684594290e+02,2.3675844633670522e+00
8.5586468246631557e+02,2.3541503759644229e+00
8.5101188165537314e+02,2.3407920243796525e+00
8.4618654398940271e+02,2.3275107054590762e+00
8.4138960228237556e+02,2.3143061310145185e+00
8.3661938295618165e+02,2.3011767448307410e+00
8.3187675480823964e+02,2.2881231232837536e+00
8.2716089476726484e+02,2.2751431049631492e+00
8.2247246129019186e+02,2.2622381308092372e+00
8.1781058557971846e+02,2.2494074227141709e+00
8.1317533165239729e+02,2.2366496261943212e+00
8.0856640686071478e+02,2.2239649718001147e+00
8.0398417701409198e+02,2.2113535171689591e+00
7.9942772758885985e+02,2.1988129567967007e+00
7.9489741524931742e+02,2.1863454232747017e+00
7.9039294734783471e+02,2.1739484958235380e+00
7.8591438790113898e+02,2.1616228949133074e+00
7.8146105101640569e+02,2.1493674389729449e+00
7.7703336651984137e+02,2.1371824450093300e+00
7.7263087714952417e+02,2.1250665009010845e+00
7.6825354632455856e+02,2.1130201542054010e+00
7.6390133746404899e+02,2.1010423386265984e+00
7.5957372014416615e+02,2.0891337169972530e+00
7.5527087726979516e+02,2.0772927619206030e+00
7.5099250704795122e+02,2.0655188970205245e+00
7.4673878323828103e+02,2.0538140819758155e+00
7.4250910225510597e+02,2.0421747432548045e+00
7.3830361042224104e+02,2.0306024082539125e+00
7.3412238090159371e+02,2.0190960106774583e+00
7.2996449916943675e+02,2.0076558387136174e+00
7.2583054137573345e+02,1.9962802785091753e+00
7.2172010513005080e+02,1.9849696182523076e+00
7.1763338248239597e+02,1.9737226475531315e+00
7.1356932173058158e+02,1.9625418160100025e+00
7.0952943183854222e+02,1.9514242705613469e+00
7.0551171914482256e+02,1.9403704434893143e+00
7.0151699757541064e+02,1.9293786921218725e+00
6.9754513909696834e+02,1.9184499386608422e+00
6.9359606140246615e+02,1.9075845289319204e+00
6.8966952671570471e+02,1.8967802438871786e+00
6.8576506862964015e+02,1.8860378616342359e+00
6.8188303466321668e+02,1.8753570651662130e+00
6.7802308644272853e+02,1.8647359812609920e+00
6.7418466610868927e+02,1.8541758491270457e+00
6.7036863331345376e+02,1.8436783978927451e+00
6.6657472284504911e+02,1.8332378926158981e+00
6.6280168180610053e+02,1.8228575898214103e+00
6.5905052531789988e+02,1.8125367114016626e+00
6.5532072295673424e+02,1.8022752573565413e+00
6.5161195463925833e+02,1.7920708645441437e+00
6.4792445814167149e+02,1.7819258961063724e+00
6.4425790423544822e+02,1.7718385364586311e+00
6.4061221061350079e+02,1.7618086415068319e+00
6.3698711206391454e+02,1.7518354331433557e+00
6.3338271832955070e+02,1.7419201217578575e+00
6.2979923060565488e+02,1.7320601712956432e+00
6.2623575265897671e+02,1.7222573108849701e+00
6.2269261371804168e+02,1.7125093502966138e+00
6.1916955771629000e+02,1.7028172981888474e+00
6.1566643832990667e+02,1.6931805205479122e+00
6.1218334701121785e+02,1.6835978646216745e+00
6.0872052153642289e+02,1.6740718088271933e+00
6.0527706567238783e+02,1.6645984914448491e+00
6.0185323548561428e+02,1.6551795839651504e+00
5.9844864687626250e+02,1.6458141353676865e+00
5.9506357420142740e+02,1.6365020303770734e+00
5.9169768823252525e+02,1.6272430096241806e+00
5.8835083350061905e+02,1.6180369290150338e+00
5.8502347641269444e+02,1.6088824340656629e+00
5.8171453783096513e+02,1.5997805334344548e+00
5.7842454817902762e+02,1.5907300455502309e+00
5.7515349831164349e+02,1.5817319214335157e+00
5.7190084865997778e+02,1.5727839132177905e+00
5.6866658093343722e+02,1.5638878364875382e+00
5.6545084145589499e+02,1.5550416162889178e+00
5.6225341074162861e+02,1.5462464630116983e+00
5.5907386810972821e+02,1.5375005898899872e+00
5.5591294517921051e+02,1.5288049191254913e+00
5.5276939819782274e+02,1.5201590472549924e+00
5.4964396792982006e+02,1.5115613604255032e+00
5.4653649890603265e+02,1.5030129825703398e+00
5.4344636925053783e+02,1.4945135102262839e+00
5.4037398135365220e+02,1.4860616177281827e+00
5.3731891453452408e+02,1.4776581120028141e+00
5.3428144315019017e+02,1.4693031371439247e+00
5.3126116481039207e+02,1.4609952522115464e+00
5.2825779601262184e+02,1.4527345148430868e+00
5.2527112641657004e+02,1.4445208097633895e+00
5.2230229003151180e+02,1.4363539352408452e+00
5.1934988763625734e+02,1.4282313840394636e+00
5.1641433991171652e+02,1.4201578536244597e+00
5.1349538164603291e+02,1.4121297416451171e+00
5.1059290309634525e+02,1.4041458953493020e+00
5.0770710545784095e+02,1.3962078133149589e+00
5.0483723882120103e+02,1.3883161871932543e+00
5.0198434574325802e+02,1.3804677604593962e+00
4.9914742024813313e+02,1.3726641181475543e+00
4.9632644404529128e+02,1.3649054908081553e+00
4.9352150858711684e+02,1.3571907833265868e+00
4.9073260472831316e+02,1.3495200533407115e+00
4.8795920204528375e+02,1.3418923786484811e+00
4.8520208702824311e+02,1.3343084797202209e+00
4.8246019882988185e+02,1.3267675208104492e+00
4.7973396727617364e+02,1.3192689255431560e+00
4.7702332835056586e+02,1.3118128091934977e+00
4.7432761445082724e+02,1.3044002380573829e+00
4.7164806932897773e+02,1.2970291083619259e+00
4.6898272675927728e+02,1.2896992760132662e+00
4.6633308656053850e+02,1.2824115191189094e+00
4.6369854514708277e+02,1.2751654630345683e+00
4.6107877329038456e+02,1.2679599838269269e+00
4.5847381671669427e+02,1.2607951391333927e+00
4.5588359311886597e+02,1.2536715341489071e+00
4.5330809335166123e+02,1.2465876702957530e+00
4.5074748202931369e+02,1.2395452190645528e+00
4.4820099095196929e+02,1.2325414714875933e+00
4.4566930601233616e+02,1.2255787907068907e+00
4.4315195165819023e+02,1.2186544677549591e+00
4.4064828772295732e+02,1.2117694536520958e+00
4.3815923787548672e+02,1.2049246129625999e+00
4.3568432656349614e+02,1.1981172655376895e+00
4.3322351720603183e+02,1.1913498033380847e+00
4.3077648971980670e+02,1.1846194021208021e+00
4.2834337213821709e+02,1.1779280792023883e+00
4.2592421018733876e+02,1.1712745089178043e+00
4.2351861976733198e+02,1.1646585183540310e+00
4.2112659173290012e+02,1.1580800498736608e+00
4.1874832727923058e+02,1.1515390746577623e+00
4.1638326854695333e+02,1.1450347569610813e+00
4.1403177220025100e+02,1.1385683648110216e+00
4.1169371020584367e+02,1.1321373045151404e+00
4.0936878077092115e+02,1.1257434492956691e+00
4.0705704791215248e+02,1.1193862515954152e+00
4.0475839274137979e+02,1.1130634635477463e+00
4.0247291585634230e+02,1.1067775059319729e+00
4.0020022401178721e+02,1.1005279752849901e+00
3.9794017088389955e+02,1.0943134306664888e+00
3.9569343322026543e+02,1.0881336703449733e+00
3.9345908735191915e+02,1.0819898182537599e+00
3.9123738934553694e+02,1.0758791942439530e+00
3.8902860441297526e+02,1.0698040173635945e+00
3.8683179059484974e+02,1.0637628466724891e+00
3.8464791728626005e+02,1.0577564890970734e+00
3.8247623457782902e+02,1.0517846564492856e+00
3.8031684306706302e+02,1.0458460230642004e+00
3.7816952326841420e+02,1.0399412517741666e+00
3.7603445808647666e+02,1.0340694780153399e+00
3.7391180299042026e+02,1.0282313358011379e+00
3.7180089037783910e+02,1.0224265657624301e+00
3.6970201289642137e+02,1.0166533523146200e+00
3.6761494191520615e+02,1.0109141162371316e+00
3.6553952196514001e+02,1.0052075606838571e+00
3.6347621030808659e+02,9.9953207180169557e-01
3.6142454968224047e+02,9.9388975336341900e-01
3.5938424743997166e+02,9.8827893387840504e-01
3.5735542246937985e+02,9.8270027617900269e-01
3.5533826682047220e+02,9.7715259869448801e-01
3.5333275305753341e+02,9.7163748645880332e-01
3.5133861596864881e+02,9.6615251869252461e-01
3.4935527940397151e+02,9.6069971271197119e-01
3.4738332865864504e+02,9.5527607136148163e-01
3.4542254424694693e+02,9.4988464943435247e-01
3.4347312736406457e+02,9.4452334315781172e-01
3.4153448356973240e+02,9.3919212371304184e-01
3.3960705183516257e+02,9.3389139456337489e-01
3.3769047549628885e+02,9.2862006059408486e-01
3.3578426985547412e+02,9.2337938983280310e-01
3.3388944088871358e+02,9.1816817188953337e-01
3.3200503749150084e+02,9.1298577275063053e-01
3.3013159008743241e+02,9.0783397918210085e-01
3.2826851338153938e+02,9.0271028394784025e-01
3.2641574335703626e+02,8.9761563806837330e-01
3.2457392932573566e+02,8.9254992626854346e-01
3.2274233966873726e+02,8.8751320618587215e-01
3.2092115729075158e+02,8.8250490144446303e-01
3.1910992493003141e+02,8.7752440684926114e-01
3.1730932847922668e+02,8.7257270223960859e-01
3.1551886495033978e+02,8.6764857722573652e-01
3.1373852519819047e+02,8.6275358802322444e-01
3.1196805315610254e+02,8.5788505448306296e-01
3.1020798839302734e+02,8.5304435990803995e-01
3.0845766330679180e+02,8.4823046682106451e-01
3.0671720593055943e+02,8.4344504671275899e-01
3.0498652481206227e+02,8.3868602462939634e-01
3.0326585772749968e+02,8.3395357348365451e-01
3.0155481143156067e+02,8.2924792382596024e-01
2.9985344079573406e+02,8.2456959439491584e-01
2.9816186470817775e+02,8.1991717306891587e-01
2.9647965334262699e+02,8.1529178378150391e-01
2.9480675182776758e+02,8.1069077520260180e-01
2.9314348939206684e+02,8.0611809550850921e-01
2.9148990261647850e+02,8.0157017116732732e-01
2.8984526902734069e+02,7.9704812611248599e-01
2.8821050314832246e+02,7.9255051940378962e-01
2.8658424233912956e+02,7.8807957008916674e-01
2.8496746514010010e+02,7.8363415423530114e-01
2.8336006180837285e+02,7.7921323436510193e-01
2.8176149277499644e+02,7.7481741567351037e-01
2.8017215128516546e+02,7.7044632351612563e-01
2.7859177212702343e+02,7.6610067836304552e-01
2.7702009008871391e+02,7.6177961565008445e-01
2.7545728807494743e+02,7.5748192498758726e-01
2.7390359471662669e+02,7.5320898967788708e-01
2.7235867164004594e+02,7.4896057917089820e-01
2.7082221705233678e+02,7.4473562717059849e-01
2.6929490770108532e+02,7.4053525761053152e-01
2.6777563701261533e+02,7.3635811600672696e-01
2.6626521891297307e+02,7.3220483637305733e-01
2.6476357109507080e+02,7.2807472705801501e-01
2.6327009911846835e+02,7.2396816270622821e-01
2.6178511392127257e+02,7.1988459576039077e-01
2.6030872524634469e+02,7.1582463141533026e-01
2.5884037523414008e+02,7.1178743392567867e-01
2.5738077721325681e+02,7.0777291683521071e-01
2.5592906238610158e+02,7.0378136833176086e-01
2.5448538622178603e+02,6.9981183739491826e-01
2.5305020598205738e+02,6.9586515976993724e-01
2.5162324730987893e+02,6.9194021152338792e-01
2.5020406208862551e+02,6.8803817422644897e-01
2.4879303441825323e+02,6.8415792394557684e-01
2.4738992652262095e+02,6.8029943186206765e-01
2.4599483899929328e+02,6.7646255388194731e-01
2.4460752492689062e+02,6.7264844275712221e-01
2.4322792028886033e+02,6.6885433188269872e-01
2.4185636345879175e+02,6.6508261321916962e-01
2.4049244290112983e+02,6.6133227810860262e-01
2.3913632323016645e+02,6.5760231789272439e-01
2.3778757461975329e+02,6.5389402941775643e-01
2.3644710244820453e+02,6.5020689394521014e-01
2.3511341604217887e+02,6.4654073856229388e-01
2.3378772257268429e+02,6.4289498689277025e-01
2.3246940930897836e+02,6.3927027295062544e-01
2.3115859513916075e+02,6.3566527107059301e-01
2.2985492339899065e+02,6.3208026944084850e-01
2.2855898852879182e+02,6.2851647845104708e-01
2.2727015036204830e+02,6.2497271653046482e-01
2.2598883872485021e+02,6.2144912777284844e-01
2.2471420311025577e+02,6.1794453060736032e-01
2.2344736838230165e+02,6.1446076943752814e-01
2.2218754805065691e+02,6.1099582694680521e-01
2.2093490672961343e+02,6.0755137462615494e-01
2.1968912433588412e+02,6.0412530870269165e-01
2.1845037462894106e+02,6.0071878192854911e-01
2.1721858444687678e+02,5.9733239949866856e-01
2.1599420190631645e+02,5.9396463401651545e-01
2.1477614786935737e+02,5.9061623477089142e-01
2.1356531856919173e+02,5.8728553027117414e-01
2.1236132990580518e+02,5.8397482602163109e-01
2.1116396239359165e+02,5.8068204706853521e-01
2.0997341722773854e+02,5.7740877844594252e-01
2.0878968526300741e+02,5.7415378094538028e-01
2.0761262932087993e+02,5.7091616118384536e-01
2.0644194760848768e+02,5.6769782120250056e-01
2.0527817969484022e+02,5.6449708951060984e-01
2.0412108780379640e+02,5.6131477303472366e-01
2.0297011407586979e+02,5.5815046831162363e-01
2.0182607243710663e+02,5.5500403124722197e-01
2.0068803921871586e+02,5.5187517365345684e-01
1.9955666373245185e+02,5.4876421253732133e-01
1.9843183623539517e+02,5.4567080207300478e-01
1.9731295314204181e+02,5.4259456761610636e-01
1.9620067290932639e+02,5.3953594144877570e-01
1.9509483092307346e+02,5.3649538467175262e-01
1.9399482359766262e+02,5.3347015949861998e-01
1.9290134597104043e+02,5.3046274434666429e-01
1.9181408710515825e+02,5.2747316803458943e-01
1.9073276349768275e+02,5.2449970143425162e-01
1.8965754890820244e+02,5.2154323792842661e-01
1.8858843419130426e+02,5.1860374869841053e-01
1.8752533704001689e+02,5.1568013862970474e-01
1.8646834890666651e+02,5.1277361811185074e-01
1.8541737833886873e+02,5.0988306321175969e-01
1.8437233388423920e+02,5.0700850274802178e-01
1.8333281315240311e+02,5.0415120474826836e-01
1.8229969408601755e+02,5.0130938244637946e-01
1.8127199814486085e+02,4.9848404450051476e-01
1.8024991737888195e+02,4.9567395170231521e-01
1.7923425656883046e+02,4.9288094845508112e-01
1.7822419264342170e+02,4.9010223933487396e-01
1.7721957013371866e+02,4.8734007220832609e-01
1.7622069083247334e+02,4.8459352487373053e-01
1.7522721636597998e+02,4.8186155985422374e-01
1.7423986920784228e+02,4.7914630974128158e-01
1.7325759765587281e+02,4.7644610304416801e-01
1.7228105102194240e+02,4.7376065157493485e-01
1.7131033904885408e+02,4.7109015706530499e-01
1.7034452892246190e+02,4.6843533998514886e-01
1.6938466319971485e+02,4.6579542222684722e-01
1.6842987308319425e+02,4.6317014442126947e-01
1.6748053352755960e+02,4.6055942011184925e-01
1.6653659880661871e+02,4.5796414268158969e-01
1.6559812379186042e+02,4.5538295764663417e-01
1.6466464207612444e+02,4.5281670075246439e-01
1.6373675724508939e+02,4.5026450743478108e-01
1.6281381998700090e+02,4.4772741517067516e-01
1.6189615953026805e+02,4.4520473230863900e-01
1.6098432458913885e+02,4.4269565192234950e-01
1.6007662329485174e+02,4.4020040456223342e-01
1.5917440914246254e+02,4.3771939369139545e-01
1.5827730717713712e+02,4.3525204293393926e-01
1.5738558261090657e+02,4.3279996614273841e-01
1.5649834835570073e+02,4.3036134773319645e-01
1.5561667440424208e+02,4.2793569778564233e-01
1.5473974683048436e+02,4.2552434196511513e-01
1.5386773939389968e+02,4.2312653098258579e-01
1.5300061551353429e+02,4.2074197665010615e-01
1.5213846664183075e+02,4.1837131298132135e-01
1.5128096355014713e+02,4.1601370423097705e-01
1.5042841717664851e+02,4.1366903512380304e-01
1.4958096469985321e+02,4.1133825668032387e-01
1.4873804826027481e+02,4.0901969740991717e-01
1.4789992392453132e+02,4.0671583572975578e-01
1.4706639964279020e+02,4.0442327102095987e-01
1.4623758515773807e+02,4.0214453933822369e-01
1.4541369995515561e+02,3.9987886257392802e-01
1.4459406728745671e+02,3.9762563553313157e-01
1.4377955595217645e+02,3.9538491585335578e-01
1.4296937945892569e+02,3.9315713581686396e-01
1.4216355609823950e+02,3.9094163259096604e-01
1.4136257056758041e+02,3.8873904018953453e-01
1.4056597475038143e+02,3.8654843641063508e-01
1.3977381437289296e+02,3.8436996534846912e-01
1.3898656498728087e+02,3.8220483739269184e-01
1.3820317489153240e+02,3.8005152514665497e-01
1.3742443972104229e+02,3.7790945223446215e-01
1.3665024058782728e+02,3.7578060715338779e-01
1.3588028484431561e+02,3.7366366423862019e-01
1.3511455419997219e+02,3.7155833530198379e-01
1.3435324985010084e+02,3.6946343877252730e-01
1.3359613401850220e+02,3.6738220235633889e-01
1.3284340790036367e+02,3.6531301220043133e-01
1.3209459594340296e+02,3.6325408153879835e-01
1.3135056694509694e+02,3.6120716831874233e-01
1.3061042467225343e+02,3.5917201317079162e-01
1.2987479100096971e+02,3.5714881782666907e-01
1.2914296174806077e+02,3.5513640071542341e-01
1.2841537588479696e+02,3.5313597222682347e-01
1.2769162187556503e+02,3.5114637960862183e-01
1.2697225757985143e+02,3.4916785341135892e-01
1.2625678915483877e+02,3.4720019190331186e-01
1.2554556411952944e+02,3.4524423082996236e-01
1.2483817093825201e+02,3.4329907680807992e-01
1.2413496627524728e+02,3.4136539267046828e-01
1.2343549286870984e+02,3.3944199684606247e-01
1.2274000678525772e+02,3.3752984035527334e-01
1.2204870922007831e+02,3.3562791454005492e-01
1.2136103316850495e+02,3.3373693987061870e-01
1.2067728956858627e+02,3.3185685870910220e-01
1.1999718577275053e+02,3.2998764223691524e-01
1.1932151741656708e+02,3.2812862762148143e-01
1.1864915049076080e+02,3.2627932494312972e-01
1.1798060627374798e+02,3.2444143451130003e-01
1.1731584818457486e+02,3.2261397648676393e-01
1.1665500425663777e+02,3.2079602866758705e-01
1.1599801961844787e+02,3.1898914726923522e-01
1.1534443700819975e+02,3.1719180489528753e-01
1.1469444847584236e+02,3.1540541366689467e-01
1.1404822778090602e+02,3.1362786981151203e-01
1.1340615902328864e+02,3.1186173820265140e-01
1.1276687041751575e+02,3.1010471333604528e-01
1.1213173374912003e+02,3.0835823615177560e-01
1.1150003568961984e+02,3.0662092334728186e-01
1.1087183111038757e+02,3.0489375476201985e-01
1.1024702855909709e+02,3.0317600992577809e-01
1.0962624991184566e+02,3.0146832285220171e-01
1.0900898303533904e+02,2.9977000189012415e-01
1.0839436827739701e+02,2.9808127758985847e-01
1.0778374084259849e+02,2.9640232286431001e-01
1.0717689953558147e+02,2.9473241724338095e-01
1.0657302128523588e+02,2.9307199300910725e-01
1.0597256335325073e+02,2.9142148244341115e-01
1.0537558061111486e+02,2.8977921405589768e-01
1.0478224681830034e+02,2.8814732043792901e-01
1.0419182121066842e+02,2.8652433183060566e-01
1.0360484335717047e+02,2.8491027705251781e-01
1.0302110291738063e+02,2.8330527137904937e-01
1.0244091082928935e+02,2.8170937244783545e-01
1.0186380068585277e+02,2.8012301254079830e-01
1.0128983650373993e+02,2.7854454898624681e-01
1.0071944810909918e+02,2.7697565327468965e-01
1.0015194960910594e+02,2.7541494210356632e-01
9.9588036041823216e+01,2.7386414460124797e-01
9.9027103821630590e+01,2.7232164691451999e-01
9.8469335853180382e+01,2.7078791014434955e-01
9.7914594958012458e+01,2.6926276137783134e-01
9.7363073186075781e+01,2.6774530723218959e-01
9.6814304130268283e+01,2.6623765147996892e-01
9.6269010264310054e+01,2.6473826672463474e-01
9.5726898940629326e+01,2.6324666304651601e-01
9.5187695802072994e+01,2.6176410847301668e-01
9.4651501446322072e+01,2.6028927733898399e-01
9.4118434761476237e+01,2.5882343767193561e-01
9.3588340278423857e+01,2.5736624364628824e-01
9.3061062528169714e+01,2.5591573558324399e-01
9.2537214241572656e+01,2.5447433426234056e-01
9.2015624828345608e+01,2.5304183795208246e-01
9.1497666074021254e+01,2.5161631579237564e-01
9.0982167388254311e+01,2.5019857470999796e-01
9.0469704921008088e+01,2.4878930635600227e-01
8.9959894572268240e+01,2.4738747325352506e-01
8.9453303346817847e+01,2.4599520799415586e-01
8.8949382530350704e+01,2.4460913877771873e-01
8.8448625965684187e+01,2.4323165756504750e-01
8.7950219726772048e+01,2.4186178451668638e-01
8.7454685092088766e+01,2.4049963490790560e-01
8.6962204966403078e+01,2.3914417126172793e-01
8.6472642171080224e+01,2.3779769908253456e-01
8.5985319958708715e+01,2.3645883506776499e-01
8.5501061400515027e+01,2.3512674347193752e-01
8.5019528122735210e+01,2.3380277877902245e-01
8.4540409187437035e+01,2.3248575941795480e-01
8.4064564246742520e+01,2.3117565656991701e-01
8.3591014760371763e+01,2.2987402645037491e-01
8.3119989359285682e+01,2.2857931284386268e-01
8.2651981886185240e+01,2.2729209212661772e-01
8.2186571660218760e+01,2.2601173028465382e-01
8.1723548340960406e+01,2.2473889015077475e-01
8.1263341754558496e+01,2.2347348526841415e-01
8.0805695834278595e+01,2.2221462225456889e-01
8.0350418530288152e+01,2.2096359795557419e-01
7.9897884797188453e+01,2.1971931725681770e-01
7.9448204377840739e+01,2.1848178015818576e-01
7.9000170101062395e+01,2.1725087138463550e-01
7.8555656740267295e+01,2.1602745550035252e-01
7.8113173621997703e+01,2.1481055266565363e-01
7.7673141427105293e+01,2.1360076807582118e-01
7.7235733915003948e+01,2.1239807291181023e-01
7.6800740745326038e+01,2.1120163142825277e-01
7.6368244225217495e+01,2.1001245228353582e-01
7.5938107176043559e+01,2.0882932508766316e-01
7.5510603955015540e+01,2.0765383487503186e-01
7.5085240719257854e+01,2.0648390669157379e-01
7.4662136356928386e+01,2.0532150021608686e-01
7.4241720694117248e+01,2.0416471340752196e-01
7.3823847407009453e+01,2.0301495838714345e-01
7.3407821457658429e+01,2.0187217751742992e-01
7.2994484207767528e+01,2.0073507395227352e-01
7.2583268652786501e+01,1.9960459871208514e-01
7.2174686925834976e+01,1.9848083825331742e-01
7.1768135441408958e+01,1.9736197699126024e-01
7.1364144623163156e+01,1.9625141554490710e-01
7.0961982852197252e+01,1.9514656022181498e-01
7.0562189697462600e+01,1.9404700755876547e-01
7.0165030370757449e+01,1.9295431377111072e-01
6.9769901286636014e+01,1.9186718201274289e-01
6.9376985349634197e+01,1.9078719731783167e-01
6.8986364867014345e+01,1.8971219827608365e-01
6.8597975822107401e+01,1.8864408692866164e-01
6.8211534712521825e+01,1.8758156642923041e-01
6.7827306750114076e+01,1.8652564543594963e-01
6.7445346806372982e+01,1.8547471009594574e-01
6.7065490267006680e+01,1.8443051835606639e-01
6.6687883455771953e+01,1.8339266675320687e-01
6.6312325177539606e+01,1.8235905151459519e-01
6.5938778851297684e+01,1.8133212223858663e-01
6.5567683448374737e+01,1.8031173483120710e-01
6.5198106154741254e+01,1.7929613134538158e-01
6.4831107817764860e+01,1.7828577288184988e-01
6.4465920237533282e+01,1.7728247502554950e-01
6.4102772045123857e+01,1.7628413400348109e-01
6.3742029049841221e+01,1.7529086509102854e-01
6.3383032794692554e+01,1.7430410922838746e-01
6.3025947893969715e+01,1.7332239665654470e-01
6.2671085285663139e+01,1.7234633257021414e-01
6.2318271210358944e+01,1.7137571523812767e-01
6.1967313618049957e+01,1.7041057347876176e-01
6.1618349687254522e+01,1.6945177185630200e-01
6.1271507451310754e+01,1.6849723541702133e-01
6.0926192469836678e+01,1.6754788636239937e-01
6.0583218668878544e+01,1.6660447398157885e-01
6.0242037334246561e+01,1.6566647953595748e-01
5.9902730773144867e+01,1.6473378775037872e-01
5.9565683085354976e+01,1.6380541878538679e-01
5.9230409573472571e+01,1.6288373578311166e-01
5.8896452975634020e+01,1.6196628914508437e-01
5.8565175932017155e+01,1.6105426044214255e-01
5.8234932300169021e+01,1.6014675629162411e-01
5.7907276770216413e+01,1.5924582282843858e-01
5.7580910718592349e+01,1.5834901045434435e-01
5.7256803540338296e+01,1.5745732782738742e-01
5.6934251052269246e+01,1.5657011211510508e-01
5.6613865985244047e+01,1.5568961118435709e-01
5.6295026463165414e+01,1.5481279906043710e-01
5.5977897100325208e+01,1.5394033857603517e-01
5.5662733963283245e+01,1.5307372830898203e-01
5.5349308421195019e+01,1.5221184432573409e-01
5.5037830814428162e+01,1.5135408143157747e-01
5.4727917043084744e+01,1.5050311977529418e-01
5.4419567107164767e+01,1.4965509763692353e-01
5.4113082799478434e+01,1.4881260870913593e-01
5.3808482410502620e+01,1.4797478842763212e-01
5.3505555599753279e+01,1.4714131978553269e-01
5.3203899976913817e+01,1.4631298089068423e-01
5.2904567244113423e+01,1.4548936827975467e-01
5.2606432537257206e+01,1.4466979030146376e-01
5.2310373799060471e+01,1.4385493860697807e-01
5.2015997784386855e+01,1.4304521665974335e-01
5.1722819795657415e+01,1.4224007690245344e-01
5.1431946406548377e+01,1.4143851067683499e-01
5.1142060702899471e+01,1.4064193010449344e-01
5.0854260113206692e+01,1.3984993172186932e-01
5.0567492935224436e+01,1.3906205442845021e-01
5.0283286423422396e+01,1.3827956625141269e-01
4.9999985289992765e+01,1.3750128561969177e-01
4.9718202265852597e+01,1.3672654970105214e-01
4.9438339741376694e+01,1.3595700116718490e-01
4.9160013616550714e+01,1.3519160254111284e-01
4.8883242181967944e+01,1.3443064201089783e-01
4.8607769370952155e+01,1.3367368729450391e-01
4.8334079881024081e+01,1.3292056547913944e-01
4.8061862774135079e+01,1.3217289041779168e-01
4.7791648474056274e+01,1.3142798196167860e-01
4.7522284680919256e+01,1.3068811679625014e-01
4.7254777370777447e+01,1.2995231508239158e-01
4.6988751588971354e+01,1.2922000044375181e-01
4.6724179899727460e+01,1.2849373775407003e-01
4.6461162900668569e+01,1.2776963647468165e-01
4.6199435379996430e+01,1.2705063612372669e-01
4.5939152806648053e+01,1.2633431592155375e-01
4.5680434068664908e+01,1.2562358656748529e-01
4.5423434635216836e+01,1.2491643074508829e-01
4.5167642372893170e+01,1.2421270436038867e-01
4.4913386510335840e+01,1.2351304142725894e-01
4.4660401835630182e+01,1.2281839296599628e-01
4.4409017577301711e+01,1.2212691457318670e-01
4.4158950233017094e+01,1.2143849097367365e-01
4.3910318690817803e+01,1.2075479365807951e-01
4.3663086369808298e+01,1.2007527506909810e-01
4.3416988058132119e+01,1.1939944528717206e-01
4.3172755374631379e+01,1.1872684321122051e-01
4.2929537812422495e+01,1.1805810285511598e-01
4.2687618873780593e+01,1.1739354122562418e-01
4.2447300351457670e+01,1.1673312950404124e-01
4.2208847457426600e+01,1.1607588785091139e-01
4.1970833534724079e+01,1.1542198917902624e-01
4.1734785837819800e+01,1.1477247096547671e-01
4.1499670955061447e+01,1.1412574817597942e-01
4.1265726662531961e+01,1.1348300238137199e-01
4.1033629707817454e+01,1.1284443531349098e-01
4.0802355824329425e+01,1.1220898067654161e-01
4.0573002440505661e+01,1.1157658083277511e-01
4.0344371530343778e+01,1.1094899372938016e-01
4.0117158131790347e+01,1.1032440378153296e-01
3.9891444552049506e+01,1.0970390610407321e-01
3.9666416865016799e+01,1.0908600211882913e-01
3.9443145063414704e+01,1.0847106647054261e-01
3.9221427951997612e+01,1.0786103001908032e-01
3.9000277845188975e+01,1.0725260742060527e-01
3.8780856188095640e+01,1.0664948748205916e-01
3.8562824606953654e+01,1.0604945115562714e-01
3.8345442337566055e+01,1.0545166269594120e-01
3.8129559886932839e+01,1.0485796650652901e-01
3.7914848026586697e+01,1.0426778621126687e-01
3.7701407354150433e+01,1.0368094889724944e-01
3.7489146417123266e+01,1.0309745456459041e-01
3.7277790858526714e+01,1.0251640983028665e-01
3.7068392380548175e+01,1.0193934209098643e-01
3.6859615778608713e+01,1.0136544442013928e-01
3.6651954895525705e+01,1.0079454390495357e-01
3.6445674943155609e+01,1.0022715928391790e-01
3.6240336950111669e+01,9.9663146463058183e-02
3.6036416468734387e+01,9.9102188435381322e-02
3.5833337349118665e+01,9.8544314019818557e-02
3.5631630014919210e+01,9.7989436759917226e-02
3.5430901221057866e+01,9.7437383742771999e-02
3.5231580793566536e+01,9.6889336539447868e-02
3.5033037711167708e+01,9.6343393108895725e-02
3.4835793252394069e+01,9.5801397854643255e-02
3.4639710238610860e+01,9.5261736923362150e-02
3.4444742943625897e+01,9.4725332517100469e-02
3.4250662736652885e+01,9.4191982904021643e-02
3.4058027476945426e+01,9.3661860997144686e-02
3.3866178707627114e+01,9.3134332782597085e-02
3.3675591980922036e+01,9.2609830542528471e-02
3.3485983794496860e+01,9.2088873015313766e-02
3.3297537053120323e+01,9.1569615797652659e-02
3.3110077997262124e+01,9.1054220299838562e-02
3.2923615772160701e+01,9.0541908414024874e-02
3.2738287556392606e+01,9.0032334314628315e-02
3.2553782411909197e+01,8.9525642095622970e-02
3.2370402131462470e+01,8.9021024830572060e-02
3.2188274748448748e+01,8.8520182828915495e-02
3.2006869839096908e+01,8.8021444599917231e-02
3.1826919022307266e+01,8.7526164627547587e-02
3.1647873583948240e+01,8.7033708897934048e-02
3.1469523183593992e+01,8.6543990954737637e-02
3.1291940983035602e+01,8.6056232690339129e-02
3.1116132958384696e+01,8.5572624333622116e-02
3.0941138859721832e+01,8.5089909359908233e-02
3.0766638603876345e+01,8.4611286656468110e-02
3.0593693038157653e+01,8.4134623631712202e-02
3.0421405929489993e+01,8.3660986581435282e-02
3.0249969327822328e+01,8.3190231411549576e-02
3.0079904511629138e+01,8.2721637651957280e-02
2.9910507297667209e+01,8.2256098685661527e-02
2.9741951445466839e+01,8.1792577035685099e-02
2.9574465585930739e+01,8.1332225454275431e-02
2.9407976557151414e+01,8.0874582840351650e-02
2.9242475213890430e+01,8.0419361006079271e-02
2.9077806087152567e+01,7.9965983575220889e-02
2.8914389857847709e+01,7.9517159515489766e-02
2.8751229695102666e+01,7.9068508368663970e-02
2.8589724820165429e+01,7.8622854377385920e-02
2.8428640626079869e+01,7.8180975649502216e-02
2.8268708731804509e+01,7.7740739593537000e-02
2.8109563327860087e+01,7.7303039592266032e-02
2.7951222704723477e+01,7.6868480840744269e-02
2.7793869767163415e+01,7.6434930747268481e-02
2.7637486224586610e+01,7.6005040642030508e-02
2.7481880027160514e+01,7.5576822027528578e-02
2.7327042029530276e+01,7.5151283561694981e-02
2.7173127700807527e+01,7.4729088077219785e-02
2.7020237638556864e+01,7.4307757156930165e-02
2.6868070050026290e+01,7.3888702922204175e-02
2.6716899292194284e+01,7.3473625682368038e-02
2.6566194941464346e+01,7.3060191114450390e-02
2.6416661181021482e+01,7.2648889138122286e-02
2.6268096815561876e+01,7.2239575659182265e-02
2.6119962276250590e+01,7.1833374611173895e-02
2.5973290974798147e+01,7.1428700959813796e-02
2.5826967192289885e+01,7.1026159899929553e-02
2.5681676821492147e+01,7.0626529539254079e-02
2.5537081488699187e+01,7.0229031770168149e-02
2.5393318372371141e+01,6.9834041237072597e-02
2.5250177132140379e+01,6.9440635738260426e-02
2.5108041867904831e+01,6.9049506924898196e-02
2.4966501044051256e+01,6.8660798891187369e-02
2.4826039358100388e+01,6.8274713368623452e-02
2.4686556212429423e+01,6.7889780598193283e-02
2.4547530328563880e+01,6.7508017896329875e-02
2.4409144611272495e+01,6.7128445423577432e-02
2.4271902048494667e+01,6.6750112159411401e-02
2.4135299652290996e+01,6.6374833688541912e-02
2.3999346567899920e+01,6.6000880882597812e-02
2.3864216554735322e+01,6.5629492950392887e-02
2.3729955339047592e+01,6.5259459501817219e-02
2.3596398306603078e+01,6.4892567302990756e-02
2.3463435714482330e+01,6.4526943131568260e-02
2.3331579695979599e+01,6.4163653283344502e-02
2.3200052906002384e+01,6.3802899489814990e-02
2.3069477220589761e+01,6.3443384904985578e-02
2.2939541701693088e+01,6.3086464012485521e-02
2.2810438399377745e+01,6.2730868785024541e-02
2.2681993554055225e+01,6.2377492605378393e-02
2.2554307763348334e+01,6.2026652480653865e-02
2.2427362736780196e+01,6.1677685578160890e-02
2.2301195055304561e+01,6.1330476622742935e-02
2.2175566942780279e+01,6.0984737426338143e-02
2.2050643013499212e+01,6.0641966566890915e-02
2.1926615317352116e+01,6.0301126567196661e-02
2.1803099754441064e+01,5.9960776487287148e-02
2.1680370681860950e+01,5.9623164193681077e-02
2.1558281775854994e+01,5.9288116773700494e-02
2.1436979360179976e+01,5.8953905099087933e-02
2.1316417708585504e+01,5.8622287116918415e-02
2.1196075542713515e+01,5.8292110074830816e-02
2.1076858240936417e+01,5.7963863892723566e-02
2.0958372558059637e+01,5.7637980852632609e-02
2.0840234394185245e+01,5.7313164108222736e-02
2.0722955882491078e+01,5.6990739324533024e-02
2.0606427280174103e+01,5.6669640205996075e-02
2.0490319358767010e+01,5.6350587222482318e-02
2.0375034508644603e+01,5.6033753286897081e-02
2.0260499567899387e+01,5.5718590841934201e-02
2.0146257274725940e+01,5.5404523511583648e-02
2.0032783181406558e+01,5.5092646410344059e-02
1.9919994980795309e+01,5.4782411981022960e-02
1.9808578565658536e+01,5.4475117069728185e-02
1.9696595145855099e+01,5.4167101688221919e-02
1.9585773171100300e+01,5.3862486925709163e-02
1.9475307860528119e+01,5.3559169009417928e-02
1.9365647330763750e+01,5.3257580221384160e-02
1.9256599531858228e+01,5.2958498669340770e-02
1.9148146173334680e+01,5.2660224043847847e-02
1.9040470159845427e+01,5.2363851459404032e-02
1.8933342860604171e+01,5.2069179184400127e-02
1.8826636242214590e+01,5.1775486748738331e-02
1.8720697823679075e+01,5.1484560918311217e-02
1.8615298974094912e+01,5.1194672564861321e-02
1.8510522000608034e+01,5.0906311608059696e-02
1.8406366903160233e+01,5.0619910329828599e-02
1.8302669067576062e+01,5.0334373615896766e-02
1.8199620543746278e+01,5.0051084768597320e-02
1.8097267057863064e+01,4.9769784418913332e-02
1.7995297671935987e+01,4.9489348633301233e-02
1.7893831274006516e+01,4.9210728432285578e-02
1.7793270254507661e+01,4.8934096728885379e-02
1.7693193932471331e+01,4.8658560139983820e-02
1.7593529146106448e+01,4.8384320397303782e-02
1.7494705721503124e+01,4.8112040333421646e-02
1.7396193234948441e+01,4.7841085934464900e-02
1.7298073993530124e+01,4.7571975938922151e-02
1.7200741242500953e+01,4.7304306883688696e-02
1.7104048657929525e+01,4.7037992312198185e-02
1.7007529832946602e+01,4.6772916949294085e-02
1.6911779207759537e+01,4.6509887721526866e-02
1.6816751056234352e+01,4.6247924789554418e-02
1.6722061278531328e+01,4.5987921536266185e-02
1.6627645857864991e+01,4.5728898122320061e-02
1.6534309575101361e+01,4.5471920843510816e-02
1.6441265939909499e+01,4.5215923404043679e-02
1.6348661276046187e+01,4.4960588797039236e-02
1.6256788231083192e+01,4.4708020795269476e-02
1.6164924331416842e+01,4.4456230901232630e-02
1.6074020681495313e+01,4.4205997222661608e-02
1.5983565148198977e+01,4.3956945114928203e-02
1.5893521150574088e+01,4.3709795048471278e-02
1.5804263643221930e+01,4.3463624821242774e-02
1.5715061007300392e+01,4.3219068447115205e-02
1.5626535118906759e+01,4.2975549549964853e-02
1.5538905463647097e+01,4.2734105606655248e-02
1.5451184356061276e+01,4.2493814415593079e-02
1.5364377772086300e+01,4.2253696137322549e-02
1.5277735802403186e+01,4.2016517377078344e-02
1.5191642546851654e+01,4.1779828536618879e-02
1.5106098005489912e+01,4.1544609455058890e-02
1.5021266792609822e+01,4.1311061864234944e-02
1.4936463015386835e+01,4.1078407656300442e-02
1.4852665214217268e+01,4.0846819744160712e-02
1.4768995446327608e+01,4.0616672772216589e-02
1.4685636616486590e+01,4.0388254928529932e-02
1.4603183165017981e+01,4.0161364481491546e-02
1.4521022361179348e+01,3.9934935135306660e-02
1.4438888992997818e+01,3.9710234917379239e-02
1.4357834762718994e+01,3.9486514538793926e-02
1.4276945146732032e+01,3.9264206281700353e-02
1.4196558518684469e+01,3.9043021957922974e-02
1.4116693169169594e+01,3.8823537943585507e-02
1.4037257645744830e+01,3.8604687943006866e-02
1.3958443998417351e+01,3.8386673687682560e-02
1.3880124193790834e+01,3.8171397218889069e-02
1.3801475160697009e+01,3.7956553032017837e-02
1.3723960136936512e+01,3.7743553248674289e-02
1.3646399386983830e+01,3.7530697559418513e-02
1.3569954355829395e+01,3.7319916824003485e-02
1.3493683084205259e+01,3.7109366639128893e-02
1.3417484974488616e+01,3.6900862589277494e-02
1.3341853869438637e+01,3.6692819640279595e-02
1.3266881221323274e+01,3.6486563457174270e-02
1.3192237801791634e+01,3.6280537824495696e-02
1.3117960191739257e+01,3.6076241320188274e-02
1.3044194714864716e+01,3.5873558668868100e-02
1.2970740176038817e+01,3.5671827037958792e-02
1.2897669737169053e+01,3.5470931152531193e-02
1.2824946817243472e+01,3.5270669280748734e-02
1.2752946371037979e+01,3.5073116376565849e-02
1.2680945924774278e+01,3.4874410720249216e-02
1.2609722823661286e+01,3.4678327575079493e-02
1.2538646046305075e+01,3.4483800645375595e-02
1.2468099692661781e+01,3.4289734816638884e-02
1.2397736243787222e+01,3.4096158907459539e-02
1.2327994670951739e+01,3.3904859683843824e-02
1.2258628052775748e+01,3.3713704554202195e-02
1.2189791858370882e+01,3.3524048002504969e-02
1.2120928228192497e+01,3.3335544202941492e-02
1.2052631602738984e+01,3.3147847329814795e-02
1.1984655060514342e+01,3.2961043839691229e-02
1.1917437572963536e+01,3.2775306645362434e-02
1.1850293247262016e+01,3.2590779840802497e-02
1.1783761652419344e+01,3.2407434607193863e-02
1.1717211767041590e+01,3.2225645589051055e-02
1.1651174014958087e+01,3.2043943027360910e-02
1.1585840446059592e+01,3.1863422036508382e-02
1.1520781234314200e+01,3.1683996160381867e-02
1.1455593989172485e+01,3.1506184137242599e-02
1.1391394429607317e+01,3.1328775577321721e-02
1.1326883931993507e+01,3.1152289219221529e-02
1.1263516588951461e+01,3.0976667425193227e-02
1.1199884034052957e+01,3.0801794920080283e-02
1.1137065405142494e+01,3.0628882093651555e-02
1.1074292502482422e+01,3.0457294932261902e-02
1.1011803102097474e+01,3.0285678952054695e-02
1.0949935577809811e+01,3.0114639347971206e-02
1.0888333265378606e+01,2.9944723677203910e-02
1.0826877276704181e+01,2.9776104852658136e-02
1.0765896840370260e+01,2.9608523505089579e-02
1.0705556570552289e+01,2.9442786560935019e-02
1.0645124848408159e+01,2.9276703791197178e-02
1.0585534487967379e+01,2.9111716136071664e-02
1.0525486865721177e+01,2.8947910051783765e-02
1.0466170862375293e+01,2.8784968531681443e-02
1.0407586477987934e+01,2.8622632206520393e-02
1.0349166707776021e+01,2.8462111466069473e-02
1.0290481725765858e+01,2.8301071987016257e-02
1.0232766138797160e+01,2.8142338012457913e-02
1.0175260892312508e+01,2.7983604037785881e-02
1.0117865388630889e+01,2.7826656829006424e-02
1.0060771677701268e+01,2.7669940170653717e-02
1.0004272407211829e+01,2.7514318626913337e-02
9.9479651866713539e+00,2.7358783539625620e-02
9.8920329207903706e+00,2.7204891124029018e-02
9.8363201406318694e+00,2.7051315715425517e-02
9.7809548794175498e+00,2.6899930535932981e-02
9.7256902158260345e+00,2.6748660631596977e-02
9.6710108473198488e+00,2.6597333089739550e-02
9.6165326740592718e+00,2.6447907588931230e-02
9.5623654388473369e+00,2.6299144920585604e-02
9.5087011915748008e+00,2.6151246816425555e-02
9.4549912181682885e+00,2.6003896269457982e-02
9.4016470542410389e+00,2.5857669656033977e-02
9.3489339115913026e+00,2.5712019418506316e-02
9.2964402546058409e+00,2.5567204926460363e-02
9.2438551452360116e+00,2.5423543186548159e-02
9.1920290905400179e+00,2.5280400185010876e-02
9.1402304715593345e+00,2.5137747103258334e-02
9.0888342429534532e+00,2.4996794330945704e-02
9.0375843381043524e+00,2.4855928015085738e-02
8.9867185332113877e+00,2.4716300907698496e-02
8.9361179401748814e+00,2.4576472068815747e-02
8.8858740113792010e+00,2.4438718183773744e-02
8.8359227300970815e+00,2.4301137211523383e-02
8.7857611084473319e+00,2.4164190253031848e-02
8.7368340936372988e+00,2.4027675576576257e-02
8.6877333194133826e+00,2.3892947666013242e-02
8.6387971593649127e+00,2.3758738493938836e-02
8.5899615969974548e+00,2.3624442865411766e-02
8.5418119272799231e+00,2.3491962821594825e-02
8.4935799504746683e+00,2.3359511596595439e-02
8.4457595093408599e+00,2.3228270761364911e-02
8.3981036823824979e+00,2.3097692758597077e-02
8.3510605863411911e+00,2.2967201212281907e-02
8.3038711664848961e+00,2.2837775961761508e-02
8.2572304608183913e+00,2.2709186456495445e-02
8.2108458217699081e+00,2.2581086870900435e-02
8.1644611827214248e+00,2.2454284131526947e-02
8.1183417554711923e+00,2.2327625486241232e-02
8.0728259138995782e+00,2.2202263687063351e-02
8.0272643461357802e+00,2.2077478264009187e-02
7.9820685877930373e+00,2.1953182760626078e-02
7.9371106056496501e+00,2.1829924734220185e-02
7.8924818519735709e+00,2.1707041352215128e-02
7.8483012148644775e+00,2.1584676708812367e-02
7.8038645111955702e+00,2.1462946079054745e-02
7.7600954097579233e+00,2.1341907100577373e-02
7.7162988726049662e+00,2.1222049693051304e-02
7.6728772901697084e+00,2.1102307560795452e-02
7.6297392100095749e+00,2.0983862274647436e-02
7.5867931798566133e+00,2.0865733995378832e-02
7.5438105687499046e+00,2.0748268548686610e-02
7.5016327384510078e+00,2.0631581209613614e-02
7.4594366176752374e+00,2.0515326152690250e-02
7.4173776754178107e+00,2.0399791565864689e-02
7.3756113807321526e+00,2.0285092724407150e-02
7.3341834598104469e+00,2.0170826164871869e-02
7.2927189579932019e+00,2.0057337713183188e-02
7.2517757345922291e+00,1.9944771463201505e-02
7.2107410588068888e+00,1.9832608676438213e-02
7.1705385996028781e+00,1.9720647621397802e-02
7.1299154594889842e+00,1.9610358056979749e-02
7.0897678716573864e+00,1.9499348022350205e-02
7.0498763504438102e+00,1.9389692471690978e-02
7.0101402982254513e+00,1.9280152196188283e-02
6.9708249269169755e+00,1.9172369867646921e-02
6.9314272485207766e+00,1.9062109122046422e-02
6.8927154627745040e+00,1.8956517022729713e-02
6.8537384652299806e+00,1.8849628077191483e-02
6.8150815509143285e+00,1.8743949521422110e-02
6.7768910437007435e+00,1.8638126871678651e-02
6.7387096817255951e+00,1.8533687524609377e-02
6.7006289173150435e+00,1.8429305815061525e-02
6.6630054147099145e+00,1.8325529300341259e-02
6.6255282359197736e+00,1.8222703806259233e-02
6.5880967833218165e+00,1.8119993587447425e-02
6.5510677210986614e+00,1.8018003838619734e-02
6.5142581445979886e+00,1.7916676922368424e-02
6.4775674561387859e+00,1.7815580556543864e-02
6.4410779628669843e+00,1.7715031748025467e-02
6.4049085528822616e+00,1.7615578054005709e-02
6.3687025619437918e+00,1.7516499004500474e-02
6.3326886209542863e+00,1.7417938693370161e-02
6.2971045061131008e+00,1.7319810664389479e-02
6.2620325245079584e+00,1.7222806568838678e-02
6.2263112310902216e+00,1.7124966727919855e-02
6.1915593327721581e+00,1.7029691760512833e-02
6.1566062392084859e+00,1.6932802940118563e-02
6.1221652788808569e+00,1.6837758523251978e-02
6.0875597043195739e+00,1.6743693945613813e-02
6.0533565201913007e+00,1.6648995354444196e-02
6.0192264979123138e+00,1.6554930776806032e-02
5.9852793804020621e+00,1.6462076589050412e-02
5.9516797818359919e+00,1.6369683502148291e-02
5.9182722332188860e+00,1.6277578603308029e-02
5.8846634894143790e+00,1.6185531342102877e-02
5.8517040574224666e+00,1.6094463920126145e-02
5.8188452229951508e+00,1.6003627048689850e-02
5.7860138243413530e+00,1.5913654741325445e-02
5.7533378946245648e+00,1.5823970622022898e-02
5.7212381148710847e+00,1.5735237523244905e-02
5.6891200445825234e+00,1.5646072142430967e-02
5.6566636005882174e+00,1.5558520614717963e-02
5.6250210826401599e+00,1.5470709717760656e-02
5.5934151455876417e+00,1.5383244646386629e-02
5.5618000633548945e+00,1.5297278152843319e-02
5.5306513881660067e+00,1.5211225202847345e-02
5.4995575843495317e+00,1.5124941702538308e-02
5.4683448924915865e+00,1.5040156779946301e-02
5.4377906576846726e+00,1.4955804139503925e-02
5.4071358252549544e+00,1.4871739687009722e-02
5.3768285117694177e+00,1.4788251610752923e-02
5.3465120531036519e+00,1.4704705896747328e-02
5.3163236277177930e+00,1.4621707740047896e-02
5.2863455427577719e+00,1.4539747060325681e-02
5.2567424125154503e+00,1.4457901655873684e-02
5.2269746680394746e+00,1.4376056251421687e-02
5.1975727329845540e+00,1.4295767062321829e-02
5.1680244741728529e+00,1.4214901497211940e-02
5.1391712533077225e+00,1.4135131046600691e-02
5.1104643561993726e+00,1.4055821696842941e-02
5.0815836996189319e+00,1.3975935971075160e-02
5.0531420144252479e+00,1.3897721735929736e-02
5.0242613578448072e+00,1.3819392225627780e-02
4.9961946273106150e+00,1.3741062715212138e-02
4.9681370420148596e+00,1.3664404695532539e-02
4.9400886019575410e+00,1.3587343212520864e-02
4.9122779380413704e+00,1.3511088656059655e-02
4.8846318884170614e+00,1.3434690005624361e-02
4.8576351505471393e+00,1.3359472926140370e-02
4.8299616651493125e+00,1.3284457578265574e-02
4.8026174082770012e+00,1.3209442230504465e-02
4.7756572513608262e+00,1.3134859164665613e-02
4.7488251277827658e+00,1.3061428851074197e-02
4.7219381327158771e+00,1.2987566255333149e-02
4.6956272876122966e+00,1.2914366492168483e-02
4.6690329401171766e+00,1.2841714286309980e-02
4.6427220949553885e+00,1.2770099557428694e-02
4.6167770592728630e+00,1.2697821995971026e-02
4.5906033926876262e+00,1.2626697186647107e-02
4.5648504069540650e+00,1.2554996001313157e-02
4.5391157117555849e+00,1.2484937487784009e-02
4.5134541783481836e+00,1.2414706061463221e-02
4.4881401640013792e+00,1.2344244084715683e-02
4.4626889710780233e+00,1.2275338323433971e-02
4.4377773471060209e+00,1.2206317286882040e-02
4.4126919636619277e+00,1.2136719874320079e-02
4.3878992277313955e+00,1.2069572059999700e-02
4.3633076870464720e+00,1.2000752755170652e-02
4.3386978558846749e+00,1.1933835491277023e-02
4.3144263984868303e+00,1.1866630039435222e-02
4.2899628910818137e+00,1.1799251674801781e-02
4.2656457074917853e+00,1.1733544800677009e-02
4.2417583499918692e+00,1.1667693832691839e-02
4.2181270591099747e+00,1.1601958139863200e-02
4.1945140587049536e+00,1.1536308903373538e-02
4.1708370416308753e+00,1.1471408955912921e-02
4.1473429293255322e+00,1.1406451370817194e-02
4.1241689002490602e+00,1.1342704175490326e-02
4.1007845307467505e+00,1.1278668792101598e-02
4.0776196469669230e+00,1.1215152147201479e-02
4.0545919417054392e+00,1.1152067784337305e-02
4.0318020125851035e+00,1.1089329247170099e-02
4.0091035357909277e+00,1.1026677166341869e-02
3.9866062542423606e+00,1.0965235475396184e-02
3.9640358107862994e+00,1.0903620871658859e-02
3.9419409196125343e+00,1.0841545166954347e-02
3.9196448332513683e+00,1.0781198590507302e-02
3.8976413944619708e+00,1.0720592644815952e-02
3.8754459057236090e+00,1.0659410323114571e-02
3.8540186168393120e+00,1.0600216498914961e-02
3.8321432113298215e+00,1.0540215748164883e-02
3.8106244700611569e+00,1.0481166017939358e-02
3.7889594050357118e+00,1.0421655186860335e-02
3.7677607470541261e+00,1.0363297107915059e-02
3.7465255081187934e+00,1.0305111941875111e-02
3.7253451406140812e+00,1.0246869138086367e-02
3.7044025491923094e+00,1.0188856884838060e-02
3.6834782483056188e+00,1.0131449826531025e-02
3.6628374497522600e+00,1.0074561506598911e-02
3.6421600702451542e+00,1.0017903737207234e-02
3.6217296121176332e+00,9.9621105318874470e-03
3.6014820587006398e+00,9.9060291385058008e-03
3.5810150196193717e+00,9.8498612886714909e-03
3.5609503709711134e+00,9.7947885535631940e-03
3.5410503364983015e+00,9.7391682610350472e-03
3.5212051735143177e+00,9.6842972574222586e-03
3.5011588153429329e+00,9.6298008983239924e-03
3.4813868142082356e+00,9.5758809152357571e-03
3.4619257511221804e+00,9.5212980997985142e-03
3.4424281071405858e+00,9.4681562244431916e-03
3.4232048201956786e+00,9.4148414362962285e-03
3.4039815332507715e+00,9.3617283797584605e-03
3.3844473083154298e+00,9.3088746924649968e-03
3.3655715403729118e+00,9.2576636770900222e-03
3.3465128676616587e+00,9.2044929830308320e-03
3.3278291497263126e+00,9.1529361419588895e-03
3.3088893651147373e+00,9.1015522136785876e-03
3.2903519709361717e+00,9.0504564734601445e-03
3.2720157719450071e+00,8.9998218340952008e-03
3.2534783777082339e+00,8.9490719195737256e-03
3.2352153406245634e+00,8.8986966494530861e-03
3.2167419630568475e+00,8.8484654734202195e-03
3.1987898640218191e+00,8.7984648478141025e-03
3.1805542625952512e+00,8.7489253230614850e-03
3.1630411348887719e+00,8.6995010734653988e-03
3.1448512597125955e+00,8.6511143008465297e-03
3.1272283891448751e+00,8.6018341453382163e-03
3.1098341494798660e+00,8.5536202856246746e-03
3.0921655527781695e+00,8.5057810703119685e-03
3.0744695203029551e+00,8.4584894123054255e-03
3.0575416877400130e+00,8.4098144516246975e-03
3.0401931742671877e+00,8.3635602705953715e-03
3.0230641464586370e+00,8.3153464108818298e-03
3.0061271686572582e+00,8.2686599477028722e-03
2.9893456598510966e+00,8.2222616725857733e-03
2.9725275700911880e+00,8.1763244984358607e-03
2.9557734970003366e+00,8.1300991361104025e-03
2.9389828429557383e+00,8.0842772371170213e-03
2.9225854340475053e+00,8.0384265193060855e-03
2.9061240085284226e+00,7.9936709161074759e-03
2.8896168568171561e+00,7.9483965744202578e-03
2.8735029503004625e+00,7.9041020720751476e-03
2.8572152842534706e+00,7.8594329252155148e-03
2.8409184729680419e+00,7.8151384228704046e-03
2.8251429401570931e+00,7.7706133700985447e-03
2.8094039882998914e+00,7.7273851634345192e-03
2.7932809365447611e+00,7.6837534935521035e-03
2.7775877108797431e+00,7.6409863878552642e-03
2.7620316637330689e+00,7.5971818051812079e-03
2.7466402308782563e+00,7.5546740687286729e-03
2.7308189718751237e+00,7.5129732587129183e-03
2.7156470246845856e+00,7.4700044214068839e-03
2.7003104632021859e+00,7.4284188866613476e-03
2.6852574041113257e+00,7.3858246937561489e-03
2.6699391331057996e+00,7.3452478170565882e-03
2.6550415430101566e+00,7.3032876379102163e-03
2.6401256624376401e+00,7.2625666672365696e-03
2.6250085866195150e+00,7.2214998709796419e-03
2.6105408226721920e+00,7.1805771688104869e-03
2.5957987015717663e+00,7.1406343058697530e-03
2.5812760661356151e+00,7.1002303420755197e-03
2.5665522355120629e+00,7.0598840159163956e-03
2.5520296001341194e+00,7.0207768983436836e-03
2.5379642265615985e+00,6.9810357671258316e-03
2.5235330435098149e+00,6.9420151058920965e-03
2.5092939104069956e+00,6.9026486191887670e-03
2.4951096487347968e+00,6.8640026024695544e-03
2.4813643583911471e+00,6.8246649344700927e-03
2.4670886443927884e+00,6.7862782869951843e-03
2.4532336112461053e+00,6.7485832908005250e-03
2.4395797732868232e+00,6.7099372740813124e-03
2.4264197780867107e+00,6.6731356608897840e-03
2.4122172259376384e+00,6.6352389330859296e-03
2.3984627904137596e+00,6.5973998429171843e-03
2.3850558738340624e+00,6.5606270485432105e-03
2.3714477620669641e+00,6.5242865362051816e-03
2.3580408454872668e+00,6.4866779964631860e-03
2.3447893979027867e+00,6.4505968533694613e-03
2.3318671789020300e+00,6.4143427973704092e-03
2.3185242789913900e+00,6.3783769295469028e-03
2.3055563337402418e+00,6.3425839744013501e-03
2.2924877909244969e+00,6.3062146432457666e-03
2.2797942027682438e+00,6.2711709771292590e-03
2.2668994194245897e+00,6.2354932972539245e-03
2.2540777979884297e+00,6.2009107319909162e-03
2.2415488241240382e+00,6.1659823410309400e-03
2.2286631860188209e+00,6.1311115877060729e-03
2.2161433573928662e+00,6.0969036669575871e-03
2.2037149810930714e+00,6.0623499203984466e-03
2.1912500238977373e+00,6.0281996371713831e-03
2.1791417308850214e+00,5.9938188036312567e-03
2.1669328403077088e+00,5.9609077289906054e-03
2.1545227544847876e+00,5.9270168150078462e-03
2.1424967686180025e+00,5.8934140890869458e-03
2.1304342017974705e+00,5.8601571887493265e-03
2.1183807802153751e+00,5.8273037517437842e-03
2.1064736823900603e+00,5.7947096839825463e-03
2.0945757298613898e+00,5.7618850657945586e-03
2.0827875201357529e+00,5.7293774543722975e-03
2.0712279413128272e+00,5.6971292123080275e-03
2.0594946030178107e+00,5.6651115205568203e-03
2.0475234885234386e+00,5.6336413862254631e-03
2.0361925406032242e+00,5.6016525132918105e-03
2.0249164641136304e+00,5.5705858421788434e-03
2.0134391924366355e+00,5.5388851573070497e-03
2.0018979040905833e+00,5.5072421100703650e-03
1.9908596037421376e+00,5.4762907141139294e-03
1.9796749796369113e+00,5.4455986875154849e-03
1.9683806126704440e+00,5.4157712248752432e-03
1.9573148766066879e+00,5.3848486478500490e-03
1.9465052071609534e+00,5.3543583527471128e-03
1.9353297282941639e+00,5.3245308902205579e-03
1.9244743327144533e+00,5.2942135079092623e-03
1.9136920989840291e+00,5.2647606898972299e-03
1.9031750771100633e+00,5.2349044085531204e-03
1.8920087434235029e+00,5.2054804092449558e-03
1.8815374477417208e+00,5.1764022355200723e-03
1.8708009402034804e+00,5.1472952430913210e-03
1.8604210969060659e+00,5.1183323447503426e-03
1.8498674940783530e+00,5.0885337009276554e-03
1.8396248292992823e+00,5.0607235547204255e-03
1.8292084050481208e+00,5.0325387639986729e-03
1.8188377069309354e+00,5.0035758655440077e-03
1.8085218803025782e+00,4.9756216253626917e-03
1.7983249417156912e+00,4.9473791970058301e-03
1.7887132982141338e+00,4.9196266883200224e-03
1.7783243096782826e+00,4.8917877232952378e-03
1.7684291639016010e+00,4.8642369463323121e-03
1.7584334205021150e+00,4.8374066394671900e-03
1.7484376771026291e+00,4.8101728692699908e-03
1.7385974027565680e+00,4.7826220923070650e-03
1.7289583235397004e+00,4.7563393426344192e-03
1.7189351444831118e+00,4.7301142305968824e-03
1.7094789700349793e+00,4.7031398297576743e-03
1.7004434764385223e+00,4.6770011741728013e-03
1.6904751687543467e+00,4.6498826791321335e-03
1.6805068610701710e+00,4.6235134731205108e-03
1.6711970104370266e+00,4.5977782808677148e-03
1.6617042550351471e+00,4.5719278132310137e-03
1.6524858567281626e+00,4.5462502586133269e-03
1.6431942965136841e+00,4.5207456166735938e-03
1.6339576077880338e+00,4.4952697935514152e-03
1.6247209190041758e+00,4.4703991653705089e-03
1.6155208111740649e+00,4.4450674363361031e-03
1.6063572842977010e+00,4.4200238952498694e-03
1.5974406788009219e+00,4.3957584620102352e-03
1.5885789447347634e+00,4.3701385449139707e-03
1.5794428535737097e+00,4.3455561046812363e-03
1.5705994099262170e+00,4.3214635842332427e-03
1.5618565639597364e+00,4.2971693321760540e-03
1.5532417512731627e+00,4.2727309860310925e-03
1.5440782243385911e+00,4.2487825595571849e-03
1.5355914449901320e+00,4.2246900391091913e-03
1.5267388561624102e+00,4.2010298006971425e-03
1.5185447243275121e+00,4.1775424750767343e-03
1.5096006831154227e+00,4.1534211358111861e-03
1.5014980036648922e+00,4.1303372734091681e-03
1.4928283195476979e+00,4.1071669546681733e-03
1.4844421377638355e+00,4.0837660855004287e-03
1.4759553583571687e+00,4.0608839548212927e-03
1.4680813098093495e+00,4.0381747369337972e-03
1.4595762399840169e+00,4.0159266200134880e-03
1.4514918510103598e+00,3.9929292140641337e-03
1.4431971215526573e+00,3.9698165329582480e-03
1.4349389731069095e+00,3.9484906177449375e-03
1.4269460364594124e+00,3.9258102186749966e-03
1.4187793403398246e+00,3.9036773767975319e-03
1.4110607608454302e+00,3.8816886291215269e-03
1.4028026123414747e+00,3.8601033445502253e-03
1.3947730947984383e+00,3.8380569592391112e-03
1.3871459676302038e+00,3.8162987618761690e-03
1.3792444833670743e+00,3.7950593031155222e-03
1.3715990657219663e+00,3.7740215758503837e-03
1.3637067266972736e+00,3.7522633784874415e-03
1.3561984876287170e+00,3.7313697453100758e-03
1.3486445223679766e+00,3.7098132796700156e-03
1.3407704738201573e+00,3.6898994858347578e-03
1.3334268489852548e+00,3.6689482150222830e-03
1.3261015146272257e+00,3.6486597766725026e-03
1.3185566946049221e+00,3.6276220495210509e-03
1.3108198245754465e+00,3.6069013291353258e-03
1.3036133783170953e+00,3.5868722600298497e-03
1.2962423177668825e+00,3.5669584661945919e-03
1.2889627096010372e+00,3.5465547526882801e-03
1.2816831013769843e+00,3.5264680460613818e-03
1.2742846051696688e+00,3.5069288966269596e-03
1.2673982421401888e+00,3.4871880156970292e-03
1.2602192315389402e+00,3.4673318593831937e-03
1.2531682542758062e+00,3.4481097169418717e-03
1.2462087293970399e+00,3.4289163932044175e-03
1.2391851877910085e+00,3.4092907873173317e-03
1.2321707914816216e+00,3.3897804568141510e-03
1.2250923785031773e+00,3.3714516971485864e-03
1.2182334511890076e+00,3.3522295547072645e-03
1.2115208476898260e+00,3.3333532377355368e-03
1.2046070489450358e+00,3.3149380217309954e-03
1.1979676073533483e+00,3.2960905236905091e-03
1.1910080824163742e+00,3.2772430256500229e-03
1.1843594955862500e+00,3.2588566283493492e-03
1.1776468920288607e+00,3.2409889696509708e-03
1.1712086456245743e+00,3.2223432032196797e-03
1.1643954445025884e+00,3.2043890880686376e-03
1.1579937789938413e+00,3.1863485165786187e-03
1.1514549349667504e+00,3.1684808577665535e-03
1.1450532694580033e+00,3.1499503666054807e-03
1.1383772469125688e+00,3.1327743591873514e-03
1.1319115647929721e+00,3.1152813448898087e-03
1.1256562230410054e+00,3.0975001425304072e-03
1.1194740432547405e+00,3.0802376787733010e-03
1.1130906682228670e+00,3.0628311209284220e-03
1.1068078908137977e+00,3.0458280263019333e-03
1.1004062253632583e+00,3.0283350120043906e-03
1.0943795145722106e+00,3.0113895550130110e-03
1.0881333181168884e+00,2.9947034672659356e-03
1.0819237025571056e+00,2.9772969094210566e-03
1.0761896393378265e+00,2.9612736541366758e-03
1.0698154095443897e+00,2.9442417408063193e-03
1.0638984416145831e+00,2.9277862034859936e-03
1.0579357474925928e+00,2.9114171225046448e-03
1.0517352771712467e+00,2.8945004843308197e-03
1.0461383925285190e+00,2.8781602222807123e-03
1.0399470674456097e+00,2.8621369669963315e-03
1.0343776185181923e+00,2.8466324503142459e-03
1.0283509077271447e+00,2.8299175437496160e-03
1.0224705206928775e+00,2.8140960200744303e-03
1.0169650883763097e+00,2.7983033153304859e-03
1.0110389752080664e+00,2.7827987985347136e-03
1.0056341404560953e+00,2.7664585363709193e-03
9.9973546300316229e-01,2.7513574829072240e-03
9.9410199734847993e-01,2.7355071405281706e-03
9.8842280555982143e-01,2.7204637245858976e-03
9.8298138991231099e-01,2.7047862949984847e-03
9.7745766711886972e-01,2.6902616175448202e-03
9.7170531342271715e-01,2.6744977316184304e-03
9.6659312624251470e-01,2.6598001413731254e-03
9.6094137016916648e-01,2.6445838126392118e-03
9.5572858542436734e-01,2.6302032292733202e-03
9.5011341024655849e-01,2.6150445380608289e-03
9.4479088264051825e-01,2.6004045854506330e-03
9.3965125980321318e-01,2.5856205388663511e-03
9.3423727987101302e-01,2.5714705058135223e-03
9.2900620464934036e-01,2.5568017343857719e-03
9.2387572699226439e-01,2.5421906005931305e-03
9.1862636129371822e-01,2.5280693864715431e-03
9.1344101226422936e-01,2.5136023466529878e-03
9.0821908228099346e-01,2.4995099512352681e-03
9.0304287848994136e-01,2.4857633815145164e-03
8.9802214369410649e-01,2.4716998050280381e-03
8.9310200646286830e-01,2.4579532353072864e-03
8.8789836695650592e-01,2.4436879270979261e-03
8.8306053692940623e-01,2.4305465523184466e-03
8.7798493070295081e-01,2.4165117946495229e-03
8.7312881019897759e-01,2.4029381377204118e-03
8.6831841582898051e-01,2.3897103064882685e-03
8.6328853579470888e-01,2.3761078308552896e-03
8.5835010814480484e-01,2.3625918115612876e-03
8.5357629472855479e-01,2.3500268127918389e-03
8.4883906226605177e-01,2.3355021354518612e-03
8.4360798704437912e-01,2.3225624922815769e-03
