1.3212187500000000e+03,-5.1371459960937500e+00
1.3480625000000000e+03,-4.5817871093750000e+00
1.3759687500000000e+03,-4.0154418945312500e+00
1.4050000000000000e+03,-3.4373168945312500e+00
1.4353125000000000e+03,-2.8472290039062500e+00
1.4668750000000000e+03,-2.2456054687500000e+00
1.4998125000000000e+03,-1.6301269531250000e+00
1.5342187500000000e+03,-1.0017700195312500e+00
1.5700937500000000e+03,-3.5894775390625000e-01
1.6077500000000000e+03,2.9791259765625000e-01
1.6470937500000000e+03,9.7167968750000000e-01
1.6883437500000000e+03,1.6597290039062500e+00
1.7316250000000000e+03,2.3670654296875000e+00
1.7770000000000000e+03,3.0900878906250000e+00
1.8247812500000000e+03,3.8326416015625000e+00
1.8750312500000000e+03,4.5946044921875000e+00
1.9280000000000000e+03,5.3784790039062500e+00
1.9838750000000000e+03,6.1837768554687500e+00
2.0428750000000000e+03,7.0126953125000000e+00
2.1052812500000000e+03,7.8668212890625000e+00
2.1713125000000000e+03,8.7460937500000000e+00
2.2414375000000000e+03,9.6535034179687500e+00
2.3159062500000000e+03,1.0591247558593750e+01
2.3950937500000000e+03,1.1560485839843750e+01
2.4794687500000000e+03,1.2562622070312500e+01
2.5695312500000000e+03,1.3602478027343750e+01
2.6658750000000000e+03,1.4678955078125000e+01
2.7691250000000000e+03,1.5798461914062500e+01
2.8800000000000000e+03,1.6962219238281250e+01
2.9991562500000000e+03,1.8172973632812500e+01
3.1277500000000000e+03,1.9437438964843750e+01
3.2666875000000000e+03,2.0757080078125000e+01
3.4172500000000000e+03,2.2137145996093750e+01
3.5807812500000000e+03,2.3585632324218750e+01
3.7590000000000000e+03,2.5105285644531250e+01
3.9536875000000000e+03,2.6705383300781250e+01
4.1670625000000000e+03,2.8391723632812500e+01
4.4016562500000000e+03,3.0174621582031250e+01
4.6605000000000000e+03,3.2063842773437500e+01
4.9472812500000000e+03,3.4072692871093750e+01
5.2661250000000000e+03,3.6211608886718750e+01
5.6219375000000000e+03,3.8499145507812500e+01
6.0210312500000000e+03,4.0951965332031250e+01
6.4704687500000000e+03,4.3592102050781250e+01
6.9790937500000000e+03,4.6442321777343750e+01
7.5577187500000000e+03,4.9534606933593750e+01
8.2192187500000000e+03,5.2901977539062500e+01
8.9796562500000000e+03,5.6586914062500000e+01
9.8583437500000000e+03,6.0639953613281250e+01
1.0879125000000000e+04,6.5117248535156250e+01
1.2070968750000000e+04,7.0089111328125000e+01
1.3468875000000000e+04,7.5642272949218750e+01
1.5114718750000000e+04,8.1874450683593750e+01
1.7057406250000000e+04,8.8905456542968750e+01
1.9351687500000000e+04,9.6870056152343750e+01
2.2056687500000000e+04,1.0592651367187500e+02
2.5230281250000000e+04,1.1625061035156250e+02
2.8921437500000000e+04,1.2802935791015625e+02
3.3160937500000000e+04,1.4145880126953125e+02
3.7951375000000000e+04,1.5672918701171875e+02
4.3266500000000000e+04,1.7402917480468750e+02
4.9058687500000000e+04,1.9353710937500000e+02
5.5281828125000000e+04,2.1544549560546875e+02
6.1921031250000000e+04,2.3997546386718750e+02
6.9020453125000000e+04,2.6740722656250000e+02
7.6700937500000000e+04,2.9810241699218750e+02
8.5168031250000000e+04,3.3252197265625000e+02
9.4712359375000000e+04,3.7122814941406250e+02
1.0570843750000000e+05,4.1487744140625000e+02
1.1861256250000000e+05,4.6416394042968750e+02
1.3395343750000000e+05,5.1971350097656250e+02
1.5229587500000000e+05,5.8184765625000000e+02
1.7415303125000000e+05,6.5014184570312500e+02
1.9981756250000000e+05,7.2277880859375000e+02
2.2914906250000000e+05,7.9586694335937500e+02
2.6150265625000000e+05,8.6333227539062500e+02
2.9614621875000000e+05,9.1801525878906250e+02
3.3327656250000000e+05,9.5338623046875000e+02
3.7480737500000000e+05,9.6347473144531250e+02
4.2308559375000000e+05,9.3892333984375000e+02
4.7642775000000000e+05,8.5966003417968750e+02
5.2601618750000000e+05,6.9048522949218750e+02
5.6263612500000000e+05,3.9722814941406250e+02
5.8504537500000000e+05,-1.2467285156250000e+01
5.9722287500000000e+05,-4.7516787719726562e+02
6.0294125000000000e+05,-9.1784704589843750e+02
6.0430112500000000e+05,-1.3117758789062500e+03
6.0228512500000000e+05,-1.6789042968750000e+03
5.9755450000000000e+05,-2.0379992675781250e+03
5.9080012500000000e+05,-2.3474946289062500e+03
5.8247037500000000e+05,-2.5443879394531250e+03
5.7283581250000000e+05,-2.6216250000000000e+03
5.6223462500000000e+05,-2.5996462402343750e+03
5.4851462500000000e+05,-2.4597797851562500e+03
5.2886993750000000e+05,-2.1758920898437500e+03
5.0442443750000000e+05,-1.7698885498046875e+03
4.7746743750000000e+05,-1.2914279785156250e+03
4.4926162500000000e+05,-7.9447204589843750e+02
4.2053696875000000e+05,-3.2201535034179688e+02
3.9214381250000000e+05,1.0143316650390625e+02
3.6491518750000000e+05,4.6129113769531250e+02
3.3926571875000000e+05,7.4246484375000000e+02
3.1563328125000000e+05,9.3586999511718750e+02
2.9528862500000000e+05,1.0505544433593750e+03
2.7879125000000000e+05,1.1084898681640625e+03
2.6408931250000000e+05,1.1314443359375000e+03
2.4932421875000000e+05,1.1333695068359375e+03
2.3529907812500000e+05,1.1199051513671875e+03
2.2316528125000000e+05,1.0926932373046875e+03
2.1276837500000000e+05,1.0539857177734375e+03
2.0344446875000000e+05,1.0081044921875000e+03
1.9478084375000000e+05,9.5980908203125000e+02
1.8663950000000000e+05,9.1248742675781250e+02
1.7898796875000000e+05,8.6779699707031250e+02
1.7181260937500000e+05,8.2621459960937500e+02
1.6509606250000000e+05,7.8764721679687500e+02
1.5881737500000000e+05,7.5182421875000000e+02
1.5295423437500000e+05,7.1845825195312500e+02
1.4748160937500000e+05,6.8730493164062500e+02
1.4237292187500000e+05,6.5816442871093750e+02
1.3760073437500000e+05,6.3087243652343750e+02
1.3313718750000000e+05,6.0528979492187500e+02
1.2895500000000000e+05,5.8129028320312500e+02
1.2502812500000000e+05,5.5876391601562500e+02
1.2133268750000000e+05,5.3760253906250000e+02
1.1784704687500000e+05,5.1770849609375000e+02
1.1455117187500000e+05,4.9899230957031250e+02
1.1142792187500000e+05,4.8136413574218750e+02
1.0846156250000000e+05,4.6474548339843750e+02
1.0563878125000000e+05,4.4906005859375000e+02
1.0294714062500000e+05,4.3424157714843750e+02
1.0037653125000000e+05,4.2022595214843750e+02
9.7917250000000000e+04,4.0695520019531250e+02
9.5561593750000000e+04,3.9437402343750000e+02
9.3302156250000000e+04,3.8243457031250000e+02
9.1132453125000000e+04,3.7109313964843750e+02
8.9047140625000000e+04,3.6030676269531250e+02
8.7040468750000000e+04,3.5003759765625000e+02
8.5108687500000000e+04,3.4025231933593750e+02
8.3246890625000000e+04,3.3091931152343750e+02
8.1451781250000000e+04,3.2200744628906250e+02
7.9719750000000000e+04,3.1349169921875000e+02
7.8047671875000000e+04,3.0534777832031250e+02
7.6432796875000000e+04,2.9755163574218750e+02
7.4872343750000000e+04,2.9008374023437500e+02
7.3363781250000000e+04,2.8292346191406250e+02
7.1904640625000000e+04,2.7605468750000000e+02
7.0493078125000000e+04,2.6945898437500000e+02
6.9126984375000000e+04,2.6312133789062500e+02
6.7804187500000000e+04,2.5702905273437500e+02
6.6522984375000000e+04,2.5116906738281250e+02
6.5281765625000000e+04,2.4552673339843750e+02
6.4079046875000000e+04,2.4009118652343750e+02
6.2912828125000000e+04,2.3485253906250000e+02
6.1782015625000000e+04,2.2980139160156250e+02
6.0685203125000000e+04,2.2492803955078125e+02
5.9620984375000000e+04,2.2022113037109375e+02
5.8588187500000000e+04,2.1567590332031250e+02
5.7585343750000000e+04,2.1128405761718750e+02
5.6611734375000000e+04,2.0703668212890625e+02
5.5665937500000000e+04,2.0292877197265625e+02
5.4746921875000000e+04,1.9895440673828125e+02
5.3854015625000000e+04,1.9510473632812500e+02
5.2985812500000000e+04,1.9137670898437500e+02
5.2141718750000000e+04,1.8776391601562500e+02
5.1320875000000000e+04,1.8426068115234375e+02
5.0522062500000000e+04,1.8086468505859375e+02
4.9744812500000000e+04,1.7756951904296875e+02
4.8988218750000000e+04,1.7437097167968750e+02
4.8251781250000000e+04,1.7126501464843750e+02
4.7534531250000000e+04,1.6824780273437500e+02
4.6835937500000000e+04,1.6531658935546875e+02
4.6155156250000000e+04,1.6246862792968750e+02
4.5491625000000000e+04,1.5969891357421875e+02
4.4845031250000000e+04,1.5700372314453125e+02
4.4214437500000000e+04,1.5438220214843750e+02
4.3599500000000000e+04,1.5183062744140625e+02
4.2999562500000000e+04,1.4934790039062500e+02
4.2414187500000000e+04,1.4692852783203125e+02
4.1842906250000000e+04,1.4457116699218750e+02
4.1285093750000000e+04,1.4227557373046875e+02
4.0740468750000000e+04,1.4003765869140625e+02
4.0208562500000000e+04,1.3785540771484375e+02
3.9688937500000000e+04,1.3572589111328125e+02
3.9181218750000000e+04,1.3365039062500000e+02
3.8685000000000000e+04,1.3162457275390625e+02
3.8199843750000000e+04,1.2964825439453125e+02
3.7725531250000000e+04,1.2771728515625000e+02
3.7261593750000000e+04,1.2583197021484375e+02
3.6807812500000000e+04,1.2399224853515625e+02
3.6363656250000000e+04,1.2219305419921875e+02
3.5929125000000000e+04,1.2043615722656250e+02
3.5503718750000000e+04,1.1871942138671875e+02
3.5087218750000000e+04,1.1703820800781250e+02
3.4679312500000000e+04,1.1539654541015625e+02
3.4279718750000000e+04,1.1379180908203125e+02
3.3888406250000000e+04,1.1221929931640625e+02
3.3504750000000000e+04,1.1068450927734375e+02
3.3128781250000000e+04,1.0917907714843750e+02
3.2760187500000000e+04,1.0770758056640625e+02
3.2398750000000000e+04,1.0626538085937500e+02
3.2044312500000000e+04,1.0485394287109375e+02
3.1696593750000000e+04,1.0347302246093750e+02
3.1355437500000000e+04,1.0211871337890625e+02
3.1020687500000000e+04,1.0079309082031250e+02
3.0692093750000000e+04,9.9493774414062500e+01
3.0369625000000000e+04,9.8219604492187500e+01
3.0052875000000000e+04,9.6971740722656250e+01
2.9741750000000000e+04,9.5748718261718750e+01
2.9436218750000000e+04,9.4547973632812500e+01
2.9135968750000000e+04,9.3372802734375000e+01
2.8841031250000000e+04,9.2217834472656250e+01
2.8551093750000000e+04,9.1088378906250000e+01
2.8266156250000000e+04,8.9975769042968750e+01
2.7985843750000000e+04,8.8887695312500000e+01
2.7710406250000000e+04,8.7817810058593750e+01
2.7439343750000000e+04,8.6768615722656250e+01
2.7172781250000000e+04,8.5738098144531250e+01
2.6910468750000000e+04,8.4728027343750000e+01
2.6652375000000000e+04,8.3734008789062500e+01
2.6398250000000000e+04,8.2760864257812500e+01
2.6148218750000000e+04,8.1802001953125000e+01
2.5902031250000000e+04,8.0861145019531250e+01
2.5659593750000000e+04,7.9938537597656250e+01
2.5420812500000000e+04,7.9030822753906250e+01
2.5185531250000000e+04,7.8138977050781250e+01
2.4953875000000000e+04,7.7261779785156250e+01
2.4725562500000000e+04,7.6401855468750000e+01
2.4500500000000000e+04,7.5556396484375000e+01
2.4278687500000000e+04,7.4723083496093750e+01
2.4060093750000000e+04,7.3904235839843750e+01
2.3844468750000000e+04,7.3102539062500000e+01
2.3631875000000000e+04,7.2311706542968750e+01
2.3422187500000000e+04,7.1533264160156250e+01
2.3215406250000000e+04,7.0768920898437500e+01
2.3011375000000000e+04,7.0016784667968750e+01
2.2810062500000000e+04,6.9277526855468750e+01
2.2611375000000000e+04,6.8548767089843750e+01
2.2415312500000000e+04,6.7833312988281250e+01
2.2221750000000000e+04,6.7128417968750000e+01
2.2030750000000000e+04,6.6433959960937500e+01
2.1842031250000000e+04,6.5752624511718750e+01
2.1655781250000000e+04,6.5080932617187500e+01
2.1471781250000000e+04,6.4421569824218750e+01
2.1290062500000000e+04,6.3770385742187500e+01
2.1110468750000000e+04,6.3130493164062500e+01
2.0933093750000000e+04,6.2499511718750000e+01
2.0757906250000000e+04,6.1877258300781250e+01
2.0584625000000000e+04,6.1268249511718750e+01
2.0413437500000000e+04,6.0664062500000000e+01
2.0244187500000000e+04,6.0072326660156250e+01
2.0076937500000000e+04,5.9488403320312500e+01
1.9911531250000000e+04,5.8913208007812500e+01
1.9748031250000000e+04,5.8346557617187500e+01
1.9586250000000000e+04,5.7788024902343750e+01
1.9426250000000000e+04,5.7239196777343750e+01
1.9268125000000000e+04,5.6696594238281250e+01
1.9111531250000000e+04,5.6163024902343750e+01
1.8956656250000000e+04,5.5636108398437500e+01
1.8803500000000000e+04,5.5117309570312500e+01
1.8651843750000000e+04,5.4606750488281250e+01
1.8501843750000000e+04,5.4103576660156250e+01
1.8353312500000000e+04,5.3606872558593750e+01
1.8206281250000000e+04,5.3115966796875000e+01
1.8060875000000000e+04,5.2634216308593750e+01
1.7916750000000000e+04,5.2158813476562500e+01
1.7774125000000000e+04,5.1689453125000000e+01
1.7632937500000000e+04,5.1226135253906250e+01
1.7493093750000000e+04,5.0770568847656250e+01
1.7354531250000000e+04,5.0320678710937500e+01
1.7217468750000000e+04,4.9875976562500000e+01
1.7081625000000000e+04,4.9436950683593750e+01
1.6947000000000000e+04,4.9007141113281250e+01
1.6813718750000000e+04,4.8579711914062500e+01
1.6681625000000000e+04,4.8159606933593750e+01
1.6550718750000000e+04,4.7745056152343750e+01
1.6421062500000000e+04,4.7335937500000000e+01
1.6292656250000000e+04,4.6930786132812500e+01
1.6165281250000000e+04,4.6532104492187500e+01
1.6039125000000000e+04,4.6139587402343750e+01
1.5914031250000000e+04,4.5750915527343750e+01
1.5790093750000000e+04,4.5368347167968750e+01
1.5667250000000000e+04,4.4988830566406250e+01
1.5545468750000000e+04,4.4615417480468750e+01
1.5424718750000000e+04,4.4246582031250000e+01
1.5305000000000000e+04,4.3882446289062500e+01
1.5186250000000000e+04,4.3524047851562500e+01
1.5068656250000000e+04,4.3167724609375000e+01
1.4951968750000000e+04,4.2816589355468750e+01
1.4836375000000000e+04,4.2470214843750000e+01
1.4721562500000000e+04,4.2126770019531250e+01
1.4607843750000000e+04,4.1789245605468750e+01
1.4495031250000000e+04,4.1454345703125000e+01
1.4383187500000000e+04,4.1124389648437500e+01
1.4272187500000000e+04,4.0798706054687500e+01
1.4162187500000000e+04,4.0474975585937500e+01
1.4053031250000000e+04,4.0155029296875000e+01
1.3944718750000000e+04,3.9841796875000000e+01
1.3837312500000000e+04,3.9529357910156250e+01
1.3730781250000000e+04,3.9222412109375000e+01
1.3625187500000000e+04,3.8917785644531250e+01
1.3520281250000000e+04,3.8616699218750000e+01
1.3416281250000000e+04,3.8319885253906250e+01
1.3313156250000000e+04,3.8024169921875000e+01
1.3210812500000000e+04,3.7734069824218750e+01
1.3109250000000000e+04,3.7447021484375000e+01
1.3008531250000000e+04,3.7160583496093750e+01
1.2908531250000000e+04,3.6878906250000000e+01
1.2809437500000000e+04,3.6601135253906250e+01
1.2711031250000000e+04,3.6325866699218750e+01
1.2613375000000000e+04,3.6053833007812500e+01
1.2516562500000000e+04,3.5783813476562500e+01
1.2420468750000000e+04,3.5515686035156250e+01
1.2325093750000000e+04,3.5252868652343750e+01
1.2230468750000000e+04,3.4990478515625000e+01
1.2136531250000000e+04,3.4731811523437500e+01
1.2043406250000000e+04,3.4475463867187500e+01
1.1951000000000000e+04,3.4221618652343750e+01
1.1859312500000000e+04,3.3968872070312500e+01
1.1768250000000000e+04,3.3721435546875000e+01
1.1677968750000000e+04,3.3474975585937500e+01
1.1588343750000000e+04,3.3230163574218750e+01
1.1499500000000000e+04,3.2989135742187500e+01
1.1411281250000000e+04,3.2748596191406250e+01
1.1323687500000000e+04,3.2512145996093750e+01
1.1236875000000000e+04,3.2277160644531250e+01
1.1150656250000000e+04,3.2045104980468750e+01
1.1065125000000000e+04,3.1813781738281250e+01
1.0980250000000000e+04,3.1584533691406250e+01
1.0896031250000000e+04,3.1359191894531250e+01
1.0812468750000000e+04,3.1135009765625000e+01
1.0729562500000000e+04,3.0911010742187500e+01
1.0647343750000000e+04,3.0690551757812500e+01
1.0565718750000000e+04,3.0472290039062500e+01
1.0484718750000000e+04,3.0254943847656250e+01
1.0404406250000000e+04,3.0039184570312500e+01
1.0324656250000000e+04,2.9827148437500000e+01
1.0245531250000000e+04,2.9615600585937500e+01
1.0167093750000000e+04,2.9405212402343750e+01
1.0089187500000000e+04,2.9198852539062500e+01
1.0011906250000000e+04,2.8991394042968750e+01
9.9352812500000000e+03,2.8786193847656250e+01
9.8592187500000000e+03,2.8584289550781250e+01
9.7837812500000000e+03,2.8381591796875000e+01
9.7089062500000000e+03,2.8184204101562500e+01
9.6346250000000000e+03,2.7985473632812500e+01
9.5609687500000000e+03,2.7789123535156250e+01
9.4878750000000000e+03,2.7592956542968750e+01
9.4153437500000000e+03,2.7400024414062500e+01
9.3434375000000000e+03,2.7208312988281250e+01
9.2720937500000000e+03,2.7017883300781250e+01
9.2012812500000000e+03,2.6828430175781250e+01
9.1310937500000000e+03,2.6639770507812500e+01
9.0614062500000000e+03,2.6454467773437500e+01
8.9923125000000000e+03,2.6269592285156250e+01
8.9238437500000000e+03,2.6085571289062500e+01
8.8558125000000000e+03,2.5902465820312500e+01
8.7884062500000000e+03,2.5722778320312500e+01
8.7215625000000000e+03,2.5542297363281250e+01
8.6552187500000000e+03,2.5363403320312500e+01
8.5894062500000000e+03,2.5185668945312500e+01
8.5241875000000000e+03,2.5010742187500000e+01
8.4595000000000000e+03,2.4836181640625000e+01
8.3952812500000000e+03,2.4662536621093750e+01
8.3316562500000000e+03,2.4490722656250000e+01
8.2685000000000000e+03,2.4318542480468750e+01
8.2059062500000000e+03,2.4149414062500000e+01
8.1438437500000000e+03,2.3978820800781250e+01
8.0822500000000000e+03,2.3812988281250000e+01
8.0212187500000000e+03,2.3645629882812500e+01
7.9606562500000000e+03,2.3481994628906250e+01
7.9006250000000000e+03,2.3315734863281250e+01
7.8410937500000000e+03,2.3153076171875000e+01
7.7820937500000000e+03,2.2990783691406250e+01
7.7235625000000000e+03,2.2830932617187500e+01
7.6655312500000000e+03,2.2669494628906250e+01
7.6079687500000000e+03,2.2511718750000000e+01
7.5509375000000000e+03,2.2352661132812500e+01
7.4943750000000000e+03,2.2196105957031250e+01
7.4383125000000000e+03,2.2039611816406250e+01
7.3826562500000000e+03,2.1884582519531250e+01
7.3276250000000000e+03,2.1731628417968750e+01
7.2729375000000000e+03,2.1578796386718750e+01
7.2187500000000000e+03,2.1426025390625000e+01
7.1650625000000000e+03,2.1275146484375000e+01
7.1117812500000000e+03,2.1125488281250000e+01
7.0590625000000000e+03,2.0976074218750000e+01
7.0066562500000000e+03,2.0827575683593750e+01
6.9548125000000000e+03,2.0680175781250000e+01
6.9034062500000000e+03,2.0533813476562500e+01
6.8524375000000000e+03,2.0390747070312500e+01
6.8019062500000000e+03,2.0245178222656250e+01
6.7518750000000000e+03,2.0102539062500000e+01
6.7021875000000000e+03,1.9958862304687500e+01
6.6530625000000000e+03,1.9816162109375000e+01
6.6042500000000000e+03,1.9676757812500000e+01
6.5559375000000000e+03,1.9535522460937500e+01
6.5080625000000000e+03,1.9397033691406250e+01
6.4605625000000000e+03,1.9258300781250000e+01
6.4134687500000000e+03,1.9122070312500000e+01
6.3668437500000000e+03,1.8985107421875000e+01
6.3205937500000000e+03,1.8850524902343750e+01
6.2748437500000000e+03,1.8715332031250000e+01
6.2294375000000000e+03,1.8579345703125000e+01
6.1844375000000000e+03,1.8449035644531250e+01
6.1398125000000000e+03,1.8317077636718750e+01
6.0956562500000000e+03,1.8185546875000000e+01
6.0518437500000000e+03,1.8054016113281250e+01
6.0084375000000000e+03,1.7925720214843750e+01
5.9654062500000000e+03,1.7796752929687500e+01
5.9228437500000000e+03,1.7667602539062500e+01
5.8805625000000000e+03,1.7540832519531250e+01
5.8387500000000000e+03,1.7414306640625000e+01
5.7972187500000000e+03,1.7289001464843750e+01
5.7561562500000000e+03,1.7163452148437500e+01
5.7154375000000000e+03,1.7040954589843750e+01
5.6750625000000000e+03,1.6915771484375000e+01
5.6351250000000000e+03,1.6794921875000000e+01
5.5954687500000000e+03,1.6673278808593750e+01
5.5562500000000000e+03,1.6552673339843750e+01
5.5173437500000000e+03,1.6431579589843750e+01
5.4788125000000000e+03,1.6311401367187500e+01
5.4405937500000000e+03,1.6194396972656250e+01
5.4027812500000000e+03,1.6076599121093750e+01
5.3652500000000000e+03,1.5959167480468750e+01
5.3280937500000000e+03,1.5845581054687500e+01
5.2913125000000000e+03,1.5729064941406250e+01
5.2548437500000000e+03,1.5613037109375000e+01
5.2186875000000000e+03,1.5500305175781250e+01
5.1828750000000000e+03,1.5386352539062500e+01
5.1474062500000000e+03,1.5275085449218750e+01
5.1122812500000000e+03,1.5162597656250000e+01
5.0774062500000000e+03,1.5052490234375000e+01
5.0428750000000000e+03,1.4942626953125000e+01
5.0086875000000000e+03,1.4834472656250000e+01
4.9748125000000000e+03,1.4725341796875000e+01
4.9412812500000000e+03,1.4616149902343750e+01
4.9080312500000000e+03,1.4508972167968750e+01
4.8750937500000000e+03,1.4402709960937500e+01
4.8424062500000000e+03,1.4298095703125000e+01
4.8100625000000000e+03,1.4192932128906250e+01
4.7780625000000000e+03,1.4088989257812500e+01
4.7463125000000000e+03,1.3984375000000000e+01
4.7148750000000000e+03,1.3881530761718750e+01
4.6836875000000000e+03,1.3780944824218750e+01
4.6528125000000000e+03,1.3678100585937500e+01
4.6222187500000000e+03,1.3576354980468750e+01
4.5918750000000000e+03,1.3477294921875000e+01
4.5618750000000000e+03,1.3379455566406250e+01
4.5321250000000000e+03,1.3280151367187500e+01
4.5026562500000000e+03,1.3181823730468750e+01
4.4734375000000000e+03,1.3084655761718750e+01
4.4445312500000000e+03,1.2988037109375000e+01
4.4158437500000000e+03,1.2892089843750000e+01
4.3874375000000000e+03,1.2796569824218750e+01
4.3593125000000000e+03,1.2702697753906250e+01
4.3314062500000000e+03,1.2608215332031250e+01
4.3037500000000000e+03,1.2515747070312500e+01
4.2763750000000000e+03,1.2423583984375000e+01
4.2492500000000000e+03,1.2331481933593750e+01
4.2224375000000000e+03,1.2239929199218750e+01
4.1957187500000000e+03,1.2150024414062500e+01
4.1694062500000000e+03,1.2059875488281250e+01
4.1432812500000000e+03,1.1970092773437500e+01
4.1173437500000000e+03,1.1882629394531250e+01
4.0917187500000000e+03,1.1794616699218750e+01
4.0662500000000000e+03,1.1707275390625000e+01
4.0410937500000000e+03,1.1621154785156250e+01
4.0161250000000000e+03,1.1535461425781250e+01
3.9913750000000000e+03,1.1448486328125000e+01
3.9668437500000000e+03,1.1365295410156250e+01
3.9425937500000000e+03,1.1280456542968750e+01
3.9185312500000000e+03,1.1196472167968750e+01
3.8947187500000000e+03,1.1114807128906250e+01
3.8710625000000000e+03,1.1030639648437500e+01
3.8476562500000000e+03,1.0950317382812500e+01
3.8244375000000000e+03,1.0869628906250000e+01
3.8015000000000000e+03,1.0788818359375000e+01
3.7786875000000000e+03,1.0707885742187500e+01
3.7561250000000000e+03,1.0629455566406250e+01
3.7337812500000000e+03,1.0551879882812500e+01
3.7115625000000000e+03,1.0473449707031250e+01
3.6896562500000000e+03,1.0395935058593750e+01
3.6678750000000000e+03,1.0319335937500000e+01
3.6463125000000000e+03,1.0243347167968750e+01
3.6249062500000000e+03,1.0167358398437500e+01
3.6037500000000000e+03,1.0092529296875000e+01
3.5827812500000000e+03,1.0018371582031250e+01
3.5619375000000000e+03,9.9429931640625000e+00
3.5413750000000000e+03,9.8706665039062500e+00
3.5209375000000000e+03,9.7990722656250000e+00
3.5006562500000000e+03,9.7268066406250000e+00
3.4805937500000000e+03,9.6546630859375000e+00
3.4607187500000000e+03,9.5828247070312500e+00
3.4410312500000000e+03,9.5119018554687500e+00
3.4215000000000000e+03,9.4426269531250000e+00
3.4021562500000000e+03,9.3729248046875000e+00
3.3829375000000000e+03,9.3045043945312500e+00
3.3639687500000000e+03,9.2367553710937500e+00
3.3451250000000000e+03,9.1692504882812500e+00
3.3264375000000000e+03,9.1018676757812500e+00
3.3079062500000000e+03,9.0353393554687500e+00
3.2895937500000000e+03,8.9690551757812500e+00
3.2714062500000000e+03,8.9031982421875000e+00
3.2533437500000000e+03,8.8379516601562500e+00
3.2355000000000000e+03,8.7737426757812500e+00
3.2177812500000000e+03,8.7094116210937500e+00
3.2002187500000000e+03,8.6455688476562500e+00
3.1828750000000000e+03,8.5827636718750000e+00
3.1655625000000000e+03,8.5186767578125000e+00
3.1485000000000000e+03,8.4581909179687500e+00
3.1315312500000000e+03,8.3954467773437500e+00
3.1147187500000000e+03,8.3348388671875000e+00
3.0980625000000000e+03,8.2743530273437500e+00
3.0815625000000000e+03,8.2141113281250000e+00
3.0651875000000000e+03,8.1539306640625000e+00
3.0490000000000000e+03,8.0944213867187500e+00
3.0329062500000000e+03,8.0361938476562500e+00
3.0169375000000000e+03,7.9773559570312500e+00
3.0011562500000000e+03,7.9201660156250000e+00
2.9854687500000000e+03,7.8622436523437500e+00
2.9699375000000000e+03,7.8054809570312500e+00
2.9545625000000000e+03,7.7494506835937500e+00
2.9392812500000000e+03,7.6940917968750000e+00
2.9241250000000000e+03,7.6369018554687500e+00
2.9091250000000000e+03,7.5833129882812500e+00
2.8942187500000000e+03,7.5281982421875000e+00
2.8794687500000000e+03,7.4753417968750000e+00
2.8648437500000000e+03,7.4208984375000000e+00
2.8503125000000000e+03,7.3673095703125000e+00
2.8359687500000000e+03,7.3144531250000000e+00
2.8217187500000000e+03,7.2617187500000000e+00
2.8075312500000000e+03,7.2107543945312500e+00
2.7935312500000000e+03,7.1581420898437500e+00
2.7796250000000000e+03,7.1071777343750000e+00
2.7658125000000000e+03,7.0573120117187500e+00
2.7521562500000000e+03,7.0065917968750000e+00
2.7385937500000000e+03,6.9561157226562500e+00
2.7251250000000000e+03,6.9067382812500000e+00
2.7118125000000000e+03,6.8569946289062500e+00
2.6985625000000000e+03,6.8096313476562500e+00
2.6854687500000000e+03,6.7606811523437500e+00
2.6724687500000000e+03,6.7127685546875000e+00
2.6595937500000000e+03,6.6649780273437500e+00
2.6467812500000000e+03,6.6176147460937500e+00
2.6340625000000000e+03,6.5706176757812500e+00
2.6215312500000000e+03,6.5236206054687500e+00
2.6090312500000000e+03,6.4777221679687500e+00
2.5966562500000000e+03,6.4327392578125000e+00
2.5843437500000000e+03,6.3886718750000000e+00
2.5722500000000000e+03,6.3425292968750000e+00
2.5600937500000000e+03,6.2972412109375000e+00
2.5481562500000000e+03,6.2528686523437500e+00
2.5363125000000000e+03,6.2102050781250000e+00
2.5245000000000000e+03,6.1661987304687500e+00
2.5128437500000000e+03,6.1239013671875000e+00
2.5012187500000000e+03,6.0808715820312500e+00
2.4897187500000000e+03,6.0379638671875000e+00
2.4783125000000000e+03,5.9959716796875000e+00
2.4670312500000000e+03,5.9558105468750000e+00
2.4557812500000000e+03,5.9130859375000000e+00
2.4446250000000000e+03,5.8715820312500000e+00
2.4335937500000000e+03,5.8311157226562500e+00
2.4226250000000000e+03,5.7911376953125000e+00
2.4117500000000000e+03,5.7517700195312500e+00
2.4009687500000000e+03,5.7113037109375000e+00
2.3902500000000000e+03,5.6710205078125000e+00
2.3796250000000000e+03,5.6331787109375000e+00
2.3691250000000000e+03,5.5929565429687500e+00
2.3586562500000000e+03,5.5552978515625000e+00
2.3482500000000000e+03,5.5162963867187500e+00
2.3380000000000000e+03,5.4776611328125000e+00
2.3278125000000000e+03,5.4418334960937500e+00
2.3176875000000000e+03,5.4033813476562500e+00
2.3076250000000000e+03,5.3673706054687500e+00
2.2976250000000000e+03,5.3303222656250000e+00
2.2877500000000000e+03,5.2933959960937500e+00
2.2779375000000000e+03,5.2573852539062500e+00
2.2681875000000000e+03,5.2216796875000000e+00
2.2585625000000000e+03,5.1860351562500000e+00
2.2489687500000000e+03,5.1514282226562500e+00
2.2394375000000000e+03,5.1169433593750000e+00
2.2300000000000000e+03,5.0826416015625000e+00
2.2206250000000000e+03,5.0472412109375000e+00
2.2113437500000000e+03,5.0142211914062500e+00
2.2020625000000000e+03,4.9794311523437500e+00
2.1929375000000000e+03,4.9461059570312500e+00
2.1838437500000000e+03,4.9133911132812500e+00
2.1748125000000000e+03,4.8795776367187500e+00
2.1658750000000000e+03,4.8460083007812500e+00
2.1570000000000000e+03,4.8151855468750000e+00
2.1481875000000000e+03,4.7817993164062500e+00
2.1394062500000000e+03,4.7490844726562500e+00
2.1307500000000000e+03,4.7179565429687500e+00
2.1221562500000000e+03,4.6855468750000000e+00
2.1135625000000000e+03,4.6545410156250000e+00
2.1050625000000000e+03,4.6233520507812500e+00
2.0966250000000000e+03,4.5927124023437500e+00
2.0882500000000000e+03,4.5617675781250000e+00
2.0799375000000000e+03,4.5324096679687500e+00
2.0717500000000000e+03,4.5007324218750000e+00
2.0635312500000000e+03,4.4710083007812500e+00
2.0554062500000000e+03,4.4414062500000000e+00
2.0473750000000000e+03,4.4122314453125000e+00
2.0393750000000000e+03,4.3819580078125000e+00
2.0314062500000000e+03,4.3538208007812500e+00
2.0235000000000000e+03,4.3231201171875000e+00
2.0156562500000000e+03,4.2953491210937500e+00
2.0078750000000000e+03,4.2676391601562500e+00
2.0001875000000000e+03,4.2397460937500000e+00
1.9925000000000000e+03,4.2125244140625000e+00
1.9848750000000000e+03,4.1829223632812500e+00
1.9773750000000000e+03,4.1549072265625000e+00
1.9698750000000000e+03,4.1293945312500000e+00
1.9624375000000000e+03,4.1011962890625000e+00
1.9550000000000000e+03,4.0744628906250000e+00
1.9476875000000000e+03,4.0487060546875000e+00
1.9403750000000000e+03,4.0225219726562500e+00
1.9332500000000000e+03,3.9946899414062500e+00
1.9260000000000000e+03,3.9691162109375000e+00
1.9188750000000000e+03,3.9421997070312500e+00
1.9117812500000000e+03,3.9168090820312500e+00
1.9047812500000000e+03,3.8909301757812500e+00
1.8977500000000000e+03,3.8643798828125000e+00
1.8907812500000000e+03,3.8393554687500000e+00
1.8839375000000000e+03,3.8151245117187500e+00
1.8770937500000000e+03,3.7893066406250000e+00
1.8703437500000000e+03,3.7651367187500000e+00
1.8635312500000000e+03,3.7390136718750000e+00
1.8569062500000000e+03,3.7147216796875000e+00
1.8502500000000000e+03,3.6904296875000000e+00
1.8436250000000000e+03,3.6661376953125000e+00
1.8370625000000000e+03,3.6419677734375000e+00
1.8305625000000000e+03,3.6181030273437500e+00
1.8241250000000000e+03,3.5943603515625000e+00
1.8176875000000000e+03,3.5721435546875000e+00
1.8113125000000000e+03,3.5471801757812500e+00
1.8049687500000000e+03,3.5237426757812500e+00
1.7986250000000000e+03,3.5010986328125000e+00
1.7924375000000000e+03,3.4776611328125000e+00
1.7862187500000000e+03,3.4551391601562500e+00
1.7800937500000000e+03,3.4329833984375000e+00
1.7738750000000000e+03,3.4093627929687500e+00
1.7678437500000000e+03,3.3872680664062500e+00
1.7618750000000000e+03,3.3658447265625000e+00
1.7557812500000000e+03,3.3442382812500000e+00
1.7498437500000000e+03,3.3212890625000000e+00
1.7439375000000000e+03,3.2984619140625000e+00
1.7380625000000000e+03,3.2774047851562500e+00
1.7322187500000000e+03,3.2567749023437500e+00
1.7264062500000000e+03,3.2337646484375000e+00
1.7206875000000000e+03,3.2132568359375000e+00
1.7149062500000000e+03,3.1916503906250000e+00
1.7092187500000000e+03,3.1697998046875000e+00
1.7035625000000000e+03,3.1500244140625000e+00
1.6979687500000000e+03,3.1286621093750000e+00
1.6924062500000000e+03,3.1077270507812500e+00
1.6868437500000000e+03,3.0880737304687500e+00
1.6813750000000000e+03,3.0670776367187500e+00
1.6758437500000000e+03,3.0452270507812500e+00
1.6704375000000000e+03,3.0249023437500000e+00
1.6650625000000000e+03,3.0050659179687500e+00
1.6596875000000000e+03,2.9857177734375000e+00
1.6543437500000000e+03,2.9657592773437500e+00
1.6490625000000000e+03,2.9447631835937500e+00
1.6438125000000000e+03,2.9239501953125000e+00
1.6385937500000000e+03,2.9060058593750000e+00
1.6334062500000000e+03,2.8856201171875000e+00
1.6282500000000000e+03,2.8659667968750000e+00
1.6230937500000000e+03,2.8467407226562500e+00
1.6180312500000000e+03,2.8273925781250000e+00
1.6130000000000000e+03,2.8085937500000000e+00
1.6079687500000000e+03,2.7894287109375000e+00
1.6029062500000000e+03,2.7691650390625000e+00
1.5979687500000000e+03,2.7506713867187500e+00
1.5930625000000000e+03,2.7322387695312500e+00
1.5881562500000000e+03,2.7127685546875000e+00
1.5832812500000000e+03,2.6945190429687500e+00
1.5784687500000000e+03,2.6749877929687500e+00
1.5736562500000000e+03,2.6567993164062500e+00
1.5688750000000000e+03,2.6381835937500000e+00
1.5641250000000000e+03,2.6187133789062500e+00
1.5594062500000000e+03,2.6011352539062500e+00
1.5547187500000000e+03,2.5830688476562500e+00
1.5500000000000000e+03,2.5651855468750000e+00
1.5454375000000000e+03,2.5468750000000000e+00
1.5407812500000000e+03,2.5289916992187500e+00
1.5362500000000000e+03,2.5103149414062500e+00
1.5316875000000000e+03,2.4926757812500000e+00
1.5272187500000000e+03,2.4752197265625000e+00
1.5226875000000000e+03,2.4563598632812500e+00
1.5182187500000000e+03,2.4396972656250000e+00
1.5137500000000000e+03,2.4208374023437500e+00
1.5093750000000000e+03,2.4035644531250000e+00
1.5050000000000000e+03,2.3862304687500000e+00
1.5006250000000000e+03,2.3689575195312500e+00
1.4963125000000000e+03,2.3501586914062500e+00
1.4920312500000000e+03,2.3327636718750000e+00
1.4877500000000000e+03,2.3157958984375000e+00
1.4834687500000000e+03,2.2989501953125000e+00
1.4792187500000000e+03,2.2821044921875000e+00
1.4750625000000000e+03,2.2648925781250000e+00
1.4708437500000000e+03,2.2459106445312500e+00
1.4666875000000000e+03,2.2297973632812500e+00
1.4625625000000000e+03,2.2124023437500000e+00
1.4585000000000000e+03,2.1943969726562500e+00
1.4544062500000000e+03,2.1790161132812500e+00
1.4503750000000000e+03,2.1604003906250000e+00
1.4463125000000000e+03,2.1464233398437500e+00
1.4423125000000000e+03,2.1275024414062500e+00
1.4383437500000000e+03,2.1104125976562500e+00
1.4343750000000000e+03,2.0936889648437500e+00
1.4304375000000000e+03,2.0773315429687500e+00
1.4265937500000000e+03,2.0598754882812500e+00
1.4226875000000000e+03,2.0427246093750000e+00
1.4187812500000000e+03,2.0267944335937500e+00
1.4149687500000000e+03,2.0103149414062500e+00
1.4111562500000000e+03,1.9940795898437500e+00
1.4072812500000000e+03,1.9776000976562500e+00
1.4035625000000000e+03,1.9606933593750000e+00
1.3998125000000000e+03,1.9440917968750000e+00
1.3960625000000000e+03,1.9277343750000000e+00
1.3923437500000000e+03,1.9118041992187500e+00
1.3886562500000000e+03,1.8945922851562500e+00
1.3849687500000000e+03,1.8769531250000000e+00
1.3813750000000000e+03,1.8618774414062500e+00
1.3777500000000000e+03,1.8457031250000000e+00
1.3741562500000000e+03,1.8281250000000000e+00
1.3705312500000000e+03,1.8118896484375000e+00
1.3669375000000000e+03,1.7951049804687500e+00
1.3634062500000000e+03,1.7793579101562500e+00
1.3598750000000000e+03,1.7635498046875000e+00
1.3564062500000000e+03,1.7474975585937500e+00
1.3529062500000000e+03,1.7304077148437500e+00
1.3494687500000000e+03,1.7155761718750000e+00
1.3459687500000000e+03,1.6979370117187500e+00
1.3425937500000000e+03,1.6821289062500000e+00
1.3391562500000000e+03,1.6660766601562500e+00
1.3357500000000000e+03,1.6491699218750000e+00
1.3324062500000000e+03,1.6333618164062500e+00
1.3290625000000000e+03,1.6172485351562500e+00
1.3257187500000000e+03,1.6007690429687500e+00
1.3224375000000000e+03,1.5848999023437500e+00
1.3191250000000000e+03,1.5689697265625000e+00
1.3158437500000000e+03,1.5514526367187500e+00
1.3125312500000000e+03,1.5352172851562500e+00
1.3093437500000000e+03,1.5197143554687500e+00
1.3061250000000000e+03,1.5027465820312500e+00
1.3029062500000000e+03,1.4879150390625000e+00
1.2997187500000000e+03,1.4716796875000000e+00
1.2965312500000000e+03,1.4537963867187500e+00
1.2934062500000000e+03,1.4376220703125000e+00
1.2902500000000000e+03,1.4228515625000000e+00
1.2871562500000000e+03,1.4067382812500000e+00
1.2840312500000000e+03,1.3899536132812500e+00
1.2809687500000000e+03,1.3735961914062500e+00
1.2779062500000000e+03,1.3576049804687500e+00
1.2748437500000000e+03,1.3416137695312500e+00
1.2718125000000000e+03,1.3247070312500000e+00
1.2688125000000000e+03,1.3084106445312500e+00
1.2657812500000000e+03,1.2921142578125000e+00
1.2628125000000000e+03,1.2758789062500000e+00
1.2598750000000000e+03,1.2597656250000000e+00
1.2569062500000000e+03,1.2435913085937500e+00
1.2539687500000000e+03,1.2262573242187500e+00
1.2510312500000000e+03,1.2118530273437500e+00
1.2481562500000000e+03,1.1936035156250000e+00
1.2452187500000000e+03,1.1781005859375000e+00
1.2423750000000000e+03,1.1605224609375000e+00
1.2395000000000000e+03,1.1447753906250000e+00
1.2366875000000000e+03,1.1286010742187500e+00
1.2338437500000000e+03,1.1113891601562500e+00
1.2310000000000000e+03,1.0961303710937500e+00
1.2282187500000000e+03,1.0786743164062500e+00
1.2254062500000000e+03,1.0610961914062500e+00
1.2226562500000000e+03,1.0464477539062500e+00
1.2199062500000000e+03,1.0290527343750000e+00
1.2171250000000000e+03,1.0106201171875000e+00
1.2144062500000000e+03,9.9615478515625000e-01
1.2117500000000000e+03,9.7924804687500000e-01
1.2090312500000000e+03,9.6289062500000000e-01
1.2063437500000000e+03,9.4531250000000000e-01
1.2036562500000000e+03,9.2944335937500000e-01
1.2010000000000000e+03,9.1296386718750000e-01
1.1983750000000000e+03,8.9624023437500000e-01
1.1957500000000000e+03,8.7890625000000000e-01
1.1931250000000000e+03,8.6138916015625000e-01
1.1905312500000000e+03,8.4393310546875000e-01
1.1879062500000000e+03,8.2812500000000000e-01
1.1853437500000000e+03,8.1036376953125000e-01
1.1827812500000000e+03,7.9364013671875000e-01
1.1802812500000000e+03,7.7624511718750000e-01
1.1777187500000000e+03,7.5988769531250000e-01
1.1751875000000000e+03,7.4212646484375000e-01
1.1727187500000000e+03,7.2607421875000000e-01
1.1701875000000000e+03,7.0867919921875000e-01
1.1677187500000000e+03,6.9116210937500000e-01
1.1651875000000000e+03,6.7352294921875000e-01
1.1627500000000000e+03,6.5649414062500000e-01
1.1603125000000000e+03,6.3970947265625000e-01
1.1579062500000000e+03,6.2182617187500000e-01
1.1554687500000000e+03,6.0412597656250000e-01
1.1530312500000000e+03,5.8807373046875000e-01
1.1506562500000000e+03,5.7098388671875000e-01
1.1482500000000000e+03,5.5169677734375000e-01
1.1458750000000000e+03,5.3411865234375000e-01
1.1435312500000000e+03,5.1702880859375000e-01
1.1411562500000000e+03,5.0000000000000000e-01
1.1388750000000000e+03,4.8040771484375000e-01
1.1364687500000000e+03,4.6368408203125000e-01
1.1341875000000000e+03,4.4592285156250000e-01
1.1319062500000000e+03,4.2901611328125000e-01
1.1296250000000000e+03,4.1021728515625000e-01
1.1273125000000000e+03,3.9294433593750000e-01
1.1250625000000000e+03,3.7524414062500000e-01
1.1227812500000000e+03,3.5662841796875000e-01
1.1205312500000000e+03,3.3782958984375000e-01
1.1183437500000000e+03,3.2067871093750000e-01
1.1160937500000000e+03,3.0224609375000000e-01
1.1138437500000000e+03,2.8405761718750000e-01
1.1116875000000000e+03,2.6586914062500000e-01
1.1095000000000000e+03,2.4676513671875000e-01
1.1072812500000000e+03,2.2863769531250000e-01
1.1051562500000000e+03,2.1063232421875000e-01
1.1029375000000000e+03,1.9128417968750000e-01
1.1007812500000000e+03,1.7413330078125000e-01
1.0986562500000000e+03,1.5515136718750000e-01
1.0965312500000000e+03,1.3549804687500000e-01
1.0944687500000000e+03,1.1706542968750000e-01
1.0923125000000000e+03,9.9365234375000000e-02
1.0901875000000000e+03,8.1237792968750000e-02
1.0881250000000000e+03,6.3110351562500000e-02
1.0860625000000000e+03,4.2175292968750000e-02
1.0839375000000000e+03,2.3986816406250000e-02
1.0819375000000000e+03,3.8452148437500000e-03
1.0798750000000000e+03,-1.4465332031250000e-02
1.0778437500000000e+03,-3.3325195312500000e-02
1.0758125000000000e+03,-5.4809570312500000e-02
1.0737812500000000e+03,-7.2753906250000000e-02
1.0717812500000000e+03,-9.2346191406250000e-02
1.0697500000000000e+03,-1.1151123046875000e-01
1.0677812500000000e+03,-1.3073730468750000e-01
1.0657812500000000e+03,-1.5002441406250000e-01
1.0637812500000000e+03,-1.6998291015625000e-01
1.0618750000000000e+03,-1.8878173828125000e-01
1.0599062500000000e+03,-2.0910644531250000e-01
1.0579375000000000e+03,-2.2943115234375000e-01
1.0560312500000000e+03,-2.4835205078125000e-01
1.0541250000000000e+03,-2.6922607421875000e-01
1.0521875000000000e+03,-2.8839111328125000e-01
1.0502812500000000e+03,-3.0914306640625000e-01
1.0484062500000000e+03,-3.2800292968750000e-01
1.0465000000000000e+03,-3.4887695312500000e-01
1.0446250000000000e+03,-3.6914062500000000e-01
1.0427500000000000e+03,-3.8928222656250000e-01
1.0408750000000000e+03,-4.0850830078125000e-01
1.0390000000000000e+03,-4.2980957031250000e-01
1.0371875000000000e+03,-4.5001220703125000e-01
1.0353750000000000e+03,-4.7058105468750000e-01
1.0335000000000000e+03,-4.9267578125000000e-01
1.0316562500000000e+03,-5.1257324218750000e-01
1.0299062500000000e+03,-5.3228759765625000e-01
1.0280625000000000e+03,-5.5261230468750000e-01
1.0262500000000000e+03,-5.7470703125000000e-01
1.0244687500000000e+03,-5.9594726562500000e-01
1.0227187500000000e+03,-6.1694335937500000e-01
1.0209375000000000e+03,-6.3757324218750000e-01
1.0191875000000000e+03,-6.5869140625000000e-01
1.0174062500000000e+03,-6.8145751953125000e-01
1.0156562500000000e+03,-7.0080566406250000e-01
1.0139375000000000e+03,-7.2204589843750000e-01
1.0122187500000000e+03,-7.4407958984375000e-01
1.0105000000000000e+03,-7.6562500000000000e-01
1.0087812500000000e+03,-7.8741455078125000e-01
1.0070625000000000e+03,-8.0853271484375000e-01
1.0053437500000000e+03,-8.3044433593750000e-01
1.0037187500000000e+03,-8.5235595703125000e-01
1.0020312500000000e+03,-8.7298583984375000e-01
1.0003437500000000e+03,-8.9544677734375000e-01
9.9865625000000000e+02,-9.1839599609375000e-01
9.9700000000000000e+02,-9.4049072265625000e-01
9.9537500000000000e+02,-9.6258544921875000e-01
9.9371875000000000e+02,-9.8437500000000000e-01
9.9203125000000000e+02,-1.0068359375000000e+00
9.9043750000000000e+02,-1.0292968750000000e+00
9.8881250000000000e+02,-1.0516967773437500e+00
9.8721875000000000e+02,-1.0732421875000000e+00
9.8559375000000000e+02,-1.0969238281250000e+00
9.8400000000000000e+02,-1.1199951171875000e+00
9.8237500000000000e+02,-1.1419677734375000e+00
9.8078125000000000e+02,-1.1660156250000000e+00
9.7921875000000000e+02,-1.1884765625000000e+00
9.7762500000000000e+02,-1.2100830078125000e+00
9.7609375000000000e+02,-1.2347412109375000e+00
9.7453125000000000e+02,-1.2568359375000000e+00
9.7300000000000000e+02,-1.2794189453125000e+00
9.7143750000000000e+02,-1.3041992187500000e+00
9.6990625000000000e+02,-1.3275146484375000e+00
9.6837500000000000e+02,-1.3507690429687500e+00
9.6684375000000000e+02,-1.3743286132812500e+00
9.6531250000000000e+02,-1.3970336914062500e+00
9.6381250000000000e+02,-1.4213256835937500e+00
9.6231250000000000e+02,-1.4453125000000000e+00
9.6078125000000000e+02,-1.4689331054687500e+00
9.5931250000000000e+02,-1.4934082031250000e+00
9.5781250000000000e+02,-1.5164794921875000e+00
9.5634375000000000e+02,-1.5413818359375000e+00
9.5487500000000000e+02,-1.5651245117187500e+00
9.5343750000000000e+02,-1.5897216796875000e+00
9.5196875000000000e+02,-1.6143188476562500e+00
9.5053125000000000e+02,-1.6387939453125000e+00
9.4906250000000000e+02,-1.6621704101562500e+00
9.4765625000000000e+02,-1.6867065429687500e+00
9.4618750000000000e+02,-1.7108154296875000e+00
9.4478125000000000e+02,-1.7367553710937500e+00
9.4334375000000000e+02,-1.7617187500000000e+00
9.4193750000000000e+02,-1.7868041992187500e+00
9.4053125000000000e+02,-1.8115844726562500e+00
9.3912500000000000e+02,-1.8368530273437500e+00
9.3771875000000000e+02,-1.8614501953125000e+00
9.3634375000000000e+02,-1.8870239257812500e+00
9.3496875000000000e+02,-1.9129028320312500e+00
9.3356250000000000e+02,-1.9370727539062500e+00
9.3221875000000000e+02,-1.9639892578125000e+00
9.3084375000000000e+02,-1.9878540039062500e+00
9.2950000000000000e+02,-2.0144653320312500e+00
9.2812500000000000e+02,-2.0395507812500000e+00
9.2678125000000000e+02,-2.0659790039062500e+00
9.2543750000000000e+02,-2.0917968750000000e+00
9.2409375000000000e+02,-2.1177368164062500e+00
9.2278125000000000e+02,-2.1443481445312500e+00
9.2143750000000000e+02,-2.1701660156250000e+00
9.2012500000000000e+02,-2.1966552734375000e+00
9.1884375000000000e+02,-2.2222900390625000e+00
9.1750000000000000e+02,-2.2479858398437500e+00
9.1618750000000000e+02,-2.2744140625000000e+00
9.1490625000000000e+02,-2.3020629882812500e+00
9.1359375000000000e+02,-2.3274536132812500e+00
9.1234375000000000e+02,-2.3547363281250000e+00
9.1103125000000000e+02,-2.3816528320312500e+00
9.0975000000000000e+02,-2.4096679687500000e+00
9.0850000000000000e+02,-2.4360351562500000e+00
9.0725000000000000e+02,-2.4632568359375000e+00
9.0596875000000000e+02,-2.4893188476562500e+00
9.0471875000000000e+02,-2.5177001953125000e+00
9.0350000000000000e+02,-2.5449829101562500e+00
9.0221875000000000e+02,-2.5717163085937500e+00
9.0100000000000000e+02,-2.5993652343750000e+00
8.9975000000000000e+02,-2.6275634765625000e+00
8.9853125000000000e+02,-2.6552124023437500e+00
8.9731250000000000e+02,-2.6825561523437500e+00
8.9609375000000000e+02,-2.7112426757812500e+00
8.9484375000000000e+02,-2.7393188476562500e+00
8.9368750000000000e+02,-2.7669677734375000e+00
8.9246875000000000e+02,-2.7938842773437500e+00
8.9125000000000000e+02,-2.8229370117187500e+00
8.9009375000000000e+02,-2.8504638671875000e+00
8.8890625000000000e+02,-2.8792724609375000e+00
8.8768750000000000e+02,-2.9082641601562500e+00
8.8653125000000000e+02,-2.9364624023437500e+00
8.8534375000000000e+02,-2.9647216796875000e+00
8.8421875000000000e+02,-2.9938354492187500e+00
8.8303125000000000e+02,-3.0207519531250000e+00
8.8184375000000000e+02,-3.0520629882812500e+00
8.8071875000000000e+02,-3.0799560546875000e+00
8.7956250000000000e+02,-3.1101074218750000e+00
8.7843750000000000e+02,-3.1385498046875000e+00
8.7731250000000000e+02,-3.1677856445312500e+00
8.7615625000000000e+02,-3.1970214843750000e+00
8.7503125000000000e+02,-3.2252807617187500e+00
8.7393750000000000e+02,-3.2570800781250000e+00
8.7278125000000000e+02,-3.2848510742187500e+00
8.7165625000000000e+02,-3.3159179687500000e+00
8.7053125000000000e+02,-3.3447265625000000e+00
8.6943750000000000e+02,-3.3742065429687500e+00
8.6837500000000000e+02,-3.4045410156250000e+00
8.6728125000000000e+02,-3.4347534179687500e+00
8.6618750000000000e+02,-3.4640502929687500e+00
8.6509375000000000e+02,-3.4943237304687500e+00
8.6400000000000000e+02,-3.5254516601562500e+00
8.6293750000000000e+02,-3.5556030273437500e+00
8.6184375000000000e+02,-3.5844116210937500e+00
8.6078125000000000e+02,-3.6166992187500000e+00
8.5971875000000000e+02,-3.6475830078125000e+00
8.5865625000000000e+02,-3.6771240234375000e+00
8.5759375000000000e+02,-3.7078247070312500e+00
8.5656250000000000e+02,-3.7393798828125000e+00
8.5550000000000000e+02,-3.7699584960937500e+00
8.5446875000000000e+02,-3.8003540039062500e+00
8.5343750000000000e+02,-3.8318481445312500e+00
8.5240625000000000e+02,-3.8640747070312500e+00
8.5137500000000000e+02,-3.8955078125000000e+00
8.5034375000000000e+02,-3.9252319335937500e+00
8.4928125000000000e+02,-3.9572753906250000e+00
8.4828125000000000e+02,-3.9885864257812500e+00
8.4725000000000000e+02,-4.0200805664062500e+00
8.4625000000000000e+02,-4.0522460937500000e+00
8.4525000000000000e+02,-4.0850219726562500e+00
8.4421875000000000e+02,-4.1166992187500000e+00
8.4325000000000000e+02,-4.1475219726562500e+00
8.4225000000000000e+02,-4.1801147460937500e+00
8.4128125000000000e+02,-4.2122192382812500e+00
8.4028125000000000e+02,-4.2445678710937500e+00
8.3928125000000000e+02,-4.2767333984375000e+00
8.3828125000000000e+02,-4.3106079101562500e+00
8.3737500000000000e+02,-4.3421020507812500e+00
8.3637500000000000e+02,-4.3751220703125000e+00
8.3543750000000000e+02,-4.4073486328125000e+00
8.3443750000000000e+02,-4.4392700195312500e+00
8.3350000000000000e+02,-4.4725952148437500e+00
8.3253125000000000e+02,-4.5046997070312500e+00
8.3156250000000000e+02,-4.5394897460937500e+00
8.3065625000000000e+02,-4.5704956054687500e+00
8.2971875000000000e+02,-4.6046142578125000e+00
8.2875000000000000e+02,-4.6386718750000000e+00
8.2781250000000000e+02,-4.6714477539062500e+00
8.2687500000000000e+02,-4.7045288085937500e+00
8.2593750000000000e+02,-4.7391357421875000e+00
8.2506250000000000e+02,-4.7711181640625000e+00
8.2409375000000000e+02,-4.8054199218750000e+00
8.2321875000000000e+02,-4.8398437500000000e+00
8.2228125000000000e+02,-4.8727416992187500e+00
8.2137500000000000e+02,-4.9071044921875000e+00
8.2046875000000000e+02,-4.9413452148437500e+00
8.1959375000000000e+02,-4.9759521484375000e+00
8.1865625000000000e+02,-5.0097045898437500e+00
8.1778125000000000e+02,-5.0437011718750000e+00
8.1687500000000000e+02,-5.0777587890625000e+00
8.1600000000000000e+02,-5.1132202148437500e+00
8.1509375000000000e+02,-5.1470947265625000e+00
8.1421875000000000e+02,-5.1817016601562500e+00
8.1331250000000000e+02,-5.2172241210937500e+00
8.1253125000000000e+02,-5.2521362304687500e+00
8.1159375000000000e+02,-5.2860107421875000e+00
8.1071875000000000e+02,-5.3207397460937500e+00
8.0987500000000000e+02,-5.3563232421875000e+00
8.0903125000000000e+02,-5.3915405273437500e+00
8.0818750000000000e+02,-5.4264526367187500e+00
8.0728125000000000e+02,-5.4628906250000000e+00
8.0643750000000000e+02,-5.4966430664062500e+00
8.0562500000000000e+02,-5.5335083007812500e+00
8.0475000000000000e+02,-5.5675048828125000e+00
8.0387500000000000e+02,-5.6038208007812500e+00
8.0309375000000000e+02,-5.6400146484375000e+00
8.0225000000000000e+02,-5.6752319335937500e+00
8.0140625000000000e+02,-5.7106323242187500e+00
8.0059375000000000e+02,-5.7465209960937500e+00
7.9978125000000000e+02,-5.7836914062500000e+00
7.9893750000000000e+02,-5.8201293945312500e+00
7.9812500000000000e+02,-5.8553466796875000e+00
7.9728125000000000e+02,-5.8913574218750000e+00
7.9650000000000000e+02,-5.9274291992187500e+00
7.9568750000000000e+02,-5.9641113281250000e+00
7.9484375000000000e+02,-5.9996948242187500e+00
7.9412500000000000e+02,-6.0367431640625000e+00
7.9331250000000000e+02,-6.0737915039062500e+00
7.9253125000000000e+02,-6.1108398437500000e+00
7.9168750000000000e+02,-6.1478271484375000e+00
7.9087500000000000e+02,-6.1844482421875000e+00
7.9012500000000000e+02,-6.2200317382812500e+00
7.8934375000000000e+02,-6.2593994140625000e+00
7.8856250000000000e+02,-6.2962646484375000e+00
7.8778125000000000e+02,-6.3324584960937500e+00
7.8700000000000000e+02,-6.3696899414062500e+00
7.8625000000000000e+02,-6.4066162109375000e+00
7.8550000000000000e+02,-6.4446411132812500e+00
7.8471875000000000e+02,-6.4816894531250000e+00
7.8390625000000000e+02,-6.5198974609375000e+00
7.8321875000000000e+02,-6.5580444335937500e+00
7.8240625000000000e+02,-6.5949707031250000e+00
7.8168750000000000e+02,-6.6329345703125000e+00
7.8090625000000000e+02,-6.6715698242187500e+00
7.8018750000000000e+02,-6.7083129882812500e+00
7.7940625000000000e+02,-6.7465820312500000e+00
7.7868750000000000e+02,-6.7856445312500000e+00
7.7790625000000000e+02,-6.8242797851562500e+00
7.7725000000000000e+02,-6.8618164062500000e+00
7.7650000000000000e+02,-6.8996582031250000e+00
7.7575000000000000e+02,-6.9394531250000000e+00
7.7503125000000000e+02,-6.9772338867187500e+00
7.7431250000000000e+02,-7.0161132812500000e+00
7.7356250000000000e+02,-7.0546875000000000e+00
7.7287500000000000e+02,-7.0938110351562500e+00
7.7212500000000000e+02,-7.1312255859375000e+00
7.7140625000000000e+02,-7.1712036132812500e+00
7.7071875000000000e+02,-7.2092285156250000e+00
7.7000000000000000e+02,-7.2493286132812500e+00
7.6931250000000000e+02,-7.2882690429687500e+00
7.6862500000000000e+02,-7.3262939453125000e+00
7.6793750000000000e+02,-7.3654174804687500e+00
7.6721875000000000e+02,-7.4056396484375000e+00
7.6653125000000000e+02,-7.4445190429687500e+00
7.6581250000000000e+02,-7.4843750000000000e+00
7.6512500000000000e+02,-7.5236816406250000e+00
7.6446875000000000e+02,-7.5625610351562500e+00
7.6375000000000000e+02,-7.6036376953125000e+00
7.6309375000000000e+02,-7.6433715820312500e+00
7.6240625000000000e+02,-7.6817626953125000e+00
7.6165625000000000e+02,-7.7217407226562500e+00
7.6100000000000000e+02,-7.7628173828125000e+00
7.6034375000000000e+02,-7.8028564453125000e+00
7.5971875000000000e+02,-7.8433837890625000e+00
7.5900000000000000e+02,-7.8837280273437500e+00
7.5840625000000000e+02,-7.9238281250000000e+00
7.5775000000000000e+02,-7.9638061523437500e+00
7.5703125000000000e+02,-8.0043334960937500e+00
7.5640625000000000e+02,-8.0445556640625000e+00
7.5571875000000000e+02,-8.0860595703125000e+00
7.5509375000000000e+02,-8.1256713867187500e+00
7.5446875000000000e+02,-8.1672973632812500e+00
7.5381250000000000e+02,-8.2064819335937500e+00
7.5315625000000000e+02,-8.2478027343750000e+00
7.5253125000000000e+02,-8.2886962890625000e+00
7.5190625000000000e+02,-8.3295288085937500e+00
7.5121875000000000e+02,-8.3712768554687500e+00
7.5062500000000000e+02,-8.4119873046875000e+00
7.4993750000000000e+02,-8.4523315429687500e+00
7.4934375000000000e+02,-8.4942626953125000e+00
7.4871875000000000e+02,-8.5354614257812500e+00
7.4806250000000000e+02,-8.5767822265625000e+00
7.4746875000000000e+02,-8.6190795898437500e+00
7.4684375000000000e+02,-8.6602783203125000e+00
7.4618750000000000e+02,-8.7022705078125000e+00
7.4562500000000000e+02,-8.7427978515625000e+00
7.4503125000000000e+02,-8.7846679687500000e+00
7.4440625000000000e+02,-8.8264160156250000e+00
7.4375000000000000e+02,-8.8682861328125000e+00
7.4315625000000000e+02,-8.9114379882812500e+00
7.4259375000000000e+02,-8.9522705078125000e+00
7.4196875000000000e+02,-8.9946289062500000e+00
7.4137500000000000e+02,-9.0369262695312500e+00
7.4078125000000000e+02,-9.0790405273437500e+00
7.4015625000000000e+02,-9.1213378906250000e+00
7.3959375000000000e+02,-9.1623535156250000e+00
7.3900000000000000e+02,-9.2051391601562500e+00
7.3837500000000000e+02,-9.2474365234375000e+00
7.3778125000000000e+02,-9.2908935546875000e+00
7.3721875000000000e+02,-9.3335571289062500e+00
7.3665625000000000e+02,-9.3758544921875000e+00
7.3609375000000000e+02,-9.4186401367187500e+00
7.3550000000000000e+02,-9.4602050781250000e+00
7.3493750000000000e+02,-9.5032348632812500e+00
7.3437500000000000e+02,-9.5468750000000000e+00
7.3378125000000000e+02,-9.5891113281250000e+00
7.3321875000000000e+02,-9.6323852539062500e+00
7.3262500000000000e+02,-9.6754150390625000e+00
7.3206250000000000e+02,-9.7179565429687500e+00
7.3153125000000000e+02,-9.7623901367187500e+00
7.3096875000000000e+02,-9.8049316406250000e+00
7.3040625000000000e+02,-9.8474121093750000e+00
7.2984375000000000e+02,-9.8921508789062500e+00
7.2931250000000000e+02,-9.9354858398437500e+00
7.2875000000000000e+02,-9.9783935546875000e+00
7.2815625000000000e+02,-1.0021362304687500e+01
7.2768750000000000e+02,-1.0064453125000000e+01
7.2712500000000000e+02,-1.0108764648437500e+01
7.2656250000000000e+02,-1.0152770996093750e+01
7.2600000000000000e+02,-1.0196411132812500e+01
7.2546875000000000e+02,-1.0240417480468750e+01
7.2493750000000000e+02,-1.0283813476562500e+01
7.2440625000000000e+02,-1.0328125000000000e+01
7.2384375000000000e+02,-1.0372192382812500e+01
7.2334375000000000e+02,-1.0415161132812500e+01
7.2278125000000000e+02,-1.0459777832031250e+01
7.2228125000000000e+02,-1.0503967285156250e+01
7.2175000000000000e+02,-1.0548461914062500e+01
7.2121875000000000e+02,-1.0592346191406250e+01
7.2065625000000000e+02,-1.0636596679687500e+01
7.2018750000000000e+02,-1.0681396484375000e+01
7.1968750000000000e+02,-1.0725463867187500e+01
7.1912500000000000e+02,-1.0769226074218750e+01
7.1865625000000000e+02,-1.0814636230468750e+01
7.1809375000000000e+02,-1.0857910156250000e+01
7.1759375000000000e+02,-1.0903503417968750e+01
7.1712500000000000e+02,-1.0946899414062500e+01
7.1659375000000000e+02,-1.0992980957031250e+01
7.1609375000000000e+02,-1.1037414550781250e+01
7.1559375000000000e+02,-1.1082580566406250e+01
7.1509375000000000e+02,-1.1127685546875000e+01
7.1459375000000000e+02,-1.1172241210937500e+01
7.1409375000000000e+02,-1.1216491699218750e+01
7.1359375000000000e+02,-1.1262451171875000e+01
7.1309375000000000e+02,-1.1308166503906250e+01
7.1262500000000000e+02,-1.1353271484375000e+01
7.1209375000000000e+02,-1.1397460937500000e+01
7.1162500000000000e+02,-1.1443298339843750e+01
7.1112500000000000e+02,-1.1488830566406250e+01
7.1065625000000000e+02,-1.1533630371093750e+01
7.1015625000000000e+02,-1.1580078125000000e+01
7.0971875000000000e+02,-1.1625183105468750e+01
7.0921875000000000e+02,-1.1669250488281250e+01
7.0875000000000000e+02,-1.1715942382812500e+01
7.0825000000000000e+02,-1.1761840820312500e+01
7.0778125000000000e+02,-1.1806884765625000e+01
7.0731250000000000e+02,-1.1852111816406250e+01
7.0684375000000000e+02,-1.1898193359375000e+01
7.0634375000000000e+02,-1.1944274902343750e+01
7.0590625000000000e+02,-1.1990173339843750e+01
7.0543750000000000e+02,-1.2035461425781250e+01
7.0500000000000000e+02,-1.2081848144531250e+01
7.0453125000000000e+02,-1.2127624511718750e+01
7.0403125000000000e+02,-1.2173767089843750e+01
7.0359375000000000e+02,-1.2219299316406250e+01
7.0309375000000000e+02,-1.2265197753906250e+01
7.0268750000000000e+02,-1.2311096191406250e+01
7.0221875000000000e+02,-1.2358154296875000e+01
7.0178125000000000e+02,-1.2403198242187500e+01
7.0128125000000000e+02,-1.2450378417968750e+01
7.0087500000000000e+02,-1.2494995117187500e+01
7.0040625000000000e+02,-1.2544433593750000e+01
6.9996875000000000e+02,-1.2589782714843750e+01
6.9953125000000000e+02,-1.2635498046875000e+01
6.9906250000000000e+02,-1.2682006835937500e+01
6.9865625000000000e+02,-1.2728088378906250e+01
6.9818750000000000e+02,-1.2775817871093750e+01
6.9778125000000000e+02,-1.2821411132812500e+01
6.9734375000000000e+02,-1.2868896484375000e+01
6.9690625000000000e+02,-1.2914489746093750e+01
6.9646875000000000e+02,-1.2961669921875000e+01
6.9603125000000000e+02,-1.3008361816406250e+01
6.9559375000000000e+02,-1.3055541992187500e+01
6.9515625000000000e+02,-1.3101745605468750e+01
6.9471875000000000e+02,-1.3148193359375000e+01
6.9428125000000000e+02,-1.3195129394531250e+01
6.9390625000000000e+02,-1.3242858886718750e+01
6.9346875000000000e+02,-1.3290832519531250e+01
6.9303125000000000e+02,-1.3337280273437500e+01
6.9265625000000000e+02,-1.3383972167968750e+01
6.9221875000000000e+02,-1.3432250976562500e+01
6.9178125000000000e+02,-1.3479125976562500e+01
6.9137500000000000e+02,-1.3525756835937500e+01
6.9093750000000000e+02,-1.3572814941406250e+01
6.9056250000000000e+02,-1.3620849609375000e+01
6.9012500000000000e+02,-1.3667602539062500e+01
6.8971875000000000e+02,-1.3714355468750000e+01
6.8934375000000000e+02,-1.3761413574218750e+01
6.8893750000000000e+02,-1.3809570312500000e+01
6.8853125000000000e+02,-1.3856567382812500e+01
6.8809375000000000e+02,-1.3903259277343750e+01
6.8768750000000000e+02,-1.3951416015625000e+01
6.8731250000000000e+02,-1.3998901367187500e+01
6.8687500000000000e+02,-1.4045898437500000e+01
6.8650000000000000e+02,-1.4094909667968750e+01
6.8612500000000000e+02,-1.4142028808593750e+01
6.8571875000000000e+02,-1.4189636230468750e+01
6.8531250000000000e+02,-1.4237304687500000e+01
6.8490625000000000e+02,-1.4285888671875000e+01
6.8456250000000000e+02,-1.4332885742187500e+01
6.8412500000000000e+02,-1.4380126953125000e+01
6.8375000000000000e+02,-1.4428039550781250e+01
6.8334375000000000e+02,-1.4476013183593750e+01
6.8296875000000000e+02,-1.4524658203125000e+01
6.8262500000000000e+02,-1.4572937011718750e+01
6.8225000000000000e+02,-1.4618835449218750e+01
6.8184375000000000e+02,-1.4668029785156250e+01
6.8146875000000000e+02,-1.4717285156250000e+01
6.8106250000000000e+02,-1.4764099121093750e+01
6.8071875000000000e+02,-1.4812072753906250e+01
6.8034375000000000e+02,-1.4860839843750000e+01
6.7993750000000000e+02,-1.4906799316406250e+01
6.7959375000000000e+02,-1.4955932617187500e+01
6.7925000000000000e+02,-1.5004516601562500e+01
6.7884375000000000e+02,-1.5055114746093750e+01
6.7850000000000000e+02,-1.5101135253906250e+01
6.7809375000000000e+02,-1.5149780273437500e+01
6.7771875000000000e+02,-1.5198486328125000e+01
6.7737500000000000e+02,-1.5247802734375000e+01
6.7700000000000000e+02,-1.5295898437500000e+01
6.7662500000000000e+02,-1.5343200683593750e+01
6.7631250000000000e+02,-1.5391784667968750e+01
6.7593750000000000e+02,-1.5439514160156250e+01
6.7556250000000000e+02,-1.5488159179687500e+01
6.7518750000000000e+02,-1.5536804199218750e+01
6.7484375000000000e+02,-1.5585998535156250e+01
6.7450000000000000e+02,-1.5634948730468750e+01
6.7415625000000000e+02,-1.5682556152343750e+01
6.7381250000000000e+02,-1.5732116699218750e+01
6.7343750000000000e+02,-1.5779724121093750e+01
6.7306250000000000e+02,-1.5829406738281250e+01
6.7275000000000000e+02,-1.5876892089843750e+01
6.7237500000000000e+02,-1.5926147460937500e+01
6.7200000000000000e+02,-1.5974914550781250e+01
6.7171875000000000e+02,-1.6024597167968750e+01
6.7134375000000000e+02,-1.6072021484375000e+01
6.7100000000000000e+02,-1.6121826171875000e+01
6.7068750000000000e+02,-1.6169433593750000e+01
6.7031250000000000e+02,-1.6218322753906250e+01
6.7000000000000000e+02,-1.6267578125000000e+01
6.6965625000000000e+02,-1.6316711425781250e+01
6.6931250000000000e+02,-1.6364562988281250e+01
6.6900000000000000e+02,-1.6413879394531250e+01
6.6862500000000000e+02,-1.6463500976562500e+01
6.6828125000000000e+02,-1.6512939453125000e+01
6.6796875000000000e+02,-1.6561279296875000e+01
6.6762500000000000e+02,-1.6611206054687500e+01
6.6728125000000000e+02,-1.6658630371093750e+01
6.6696875000000000e+02,-1.6708190917968750e+01
6.6662500000000000e+02,-1.6757934570312500e+01
6.6631250000000000e+02,-1.6806762695312500e+01
6.6596875000000000e+02,-1.6855590820312500e+01
6.6568750000000000e+02,-1.6904357910156250e+01
6.6534375000000000e+02,-1.6953735351562500e+01
6.6500000000000000e+02,-1.7003356933593750e+01
6.6468750000000000e+02,-1.7053100585937500e+01
6.6437500000000000e+02,-1.7102111816406250e+01
6.6406250000000000e+02,-1.7151184082031250e+01
6.6378125000000000e+02,-1.7200866699218750e+01
6.6343750000000000e+02,-1.7248840332031250e+01
6.6312500000000000e+02,-1.7298767089843750e+01
6.6278125000000000e+02,-1.7347167968750000e+01
6.6246875000000000e+02,-1.7398193359375000e+01
6.6218750000000000e+02,-1.7446960449218750e+01
6.6187500000000000e+02,-1.7496215820312500e+01
6.6156250000000000e+02,-1.7544921875000000e+01
6.6125000000000000e+02,-1.7594665527343750e+01
6.6093750000000000e+02,-1.7645141601562500e+01
6.6065625000000000e+02,-1.7691894531250000e+01
6.6031250000000000e+02,-1.7742431640625000e+01
6.6000000000000000e+02,-1.7791320800781250e+01
6.5971875000000000e+02,-1.7842529296875000e+01
6.5940625000000000e+02,-1.7890991210937500e+01
6.5909375000000000e+02,-1.7940307617187500e+01
6.5881250000000000e+02,-1.7990356445312500e+01
6.5846875000000000e+02,-1.8040466308593750e+01
6.5815625000000000e+02,-1.8087646484375000e+01
6.5787500000000000e+02,-1.8137878417968750e+01
6.5759375000000000e+02,-1.8187377929687500e+01
6.5734375000000000e+02,-1.8238098144531250e+01
6.5703125000000000e+02,-1.8286376953125000e+01
6.5675000000000000e+02,-1.8336975097656250e+01
6.5643750000000000e+02,-1.8386901855468750e+01
6.5612500000000000e+02,-1.8435302734375000e+01
6.5584375000000000e+02,-1.8485229492187500e+01
6.5556250000000000e+02,-1.8536071777343750e+01
6.5528125000000000e+02,-1.8584716796875000e+01
6.5500000000000000e+02,-1.8634460449218750e+01
6.5471875000000000e+02,-1.8684448242187500e+01
6.5440625000000000e+02,-1.8733581542968750e+01
6.5409375000000000e+02,-1.8783691406250000e+01
6.5384375000000000e+02,-1.8832214355468750e+01
6.5356250000000000e+02,-1.8883056640625000e+01
6.5331250000000000e+02,-1.8934020996093750e+01
6.5300000000000000e+02,-1.8982482910156250e+01
6.5275000000000000e+02,-1.9031494140625000e+01
6.5240625000000000e+02,-1.9081726074218750e+01
6.5212500000000000e+02,-1.9131530761718750e+01
6.5187500000000000e+02,-1.9180297851562500e+01
6.5159375000000000e+02,-1.9232543945312500e+01
6.5131250000000000e+02,-1.9280578613281250e+01
6.5106250000000000e+02,-1.9331726074218750e+01
6.5075000000000000e+02,-1.9382324218750000e+01
6.5050000000000000e+02,-1.9430236816406250e+01
6.5021875000000000e+02,-1.9480285644531250e+01
6.4993750000000000e+02,-1.9529785156250000e+01
6.4965625000000000e+02,-1.9579895019531250e+01
6.4943750000000000e+02,-1.9631286621093750e+01
6.4912500000000000e+02,-1.9680847167968750e+01
6.4887500000000000e+02,-1.9729309082031250e+01
6.4862500000000000e+02,-1.9779052734375000e+01
6.4834375000000000e+02,-1.9829833984375000e+01
6.4809375000000000e+02,-1.9878540039062500e+01
6.4781250000000000e+02,-1.9929748535156250e+01
6.4756250000000000e+02,-1.9978149414062500e+01
6.4728125000000000e+02,-2.0028808593750000e+01
6.4703125000000000e+02,-2.0077636718750000e+01
6.4678125000000000e+02,-2.0129211425781250e+01
6.4653125000000000e+02,-2.0177856445312500e+01
6.4625000000000000e+02,-2.0228454589843750e+01
6.4600000000000000e+02,-2.0277282714843750e+01
6.4575000000000000e+02,-2.0327880859375000e+01
6.4546875000000000e+02,-2.0379089355468750e+01
6.4521875000000000e+02,-2.0428833007812500e+01
6.4500000000000000e+02,-2.0477294921875000e+01
6.4471875000000000e+02,-2.0528137207031250e+01
6.4446875000000000e+02,-2.0578247070312500e+01
6.4421875000000000e+02,-2.0628479003906250e+01
6.4400000000000000e+02,-2.0676818847656250e+01
6.4371875000000000e+02,-2.0727478027343750e+01
6.4343750000000000e+02,-2.0777893066406250e+01
6.4325000000000000e+02,-2.0827819824218750e+01
6.4296875000000000e+02,-2.0878112792968750e+01
6.4271875000000000e+02,-2.0927551269531250e+01
6.4246875000000000e+02,-2.0979309082031250e+01
6.4221875000000000e+02,-2.1027770996093750e+01
6.4193750000000000e+02,-2.1077453613281250e+01
6.4171875000000000e+02,-2.1127197265625000e+01
6.4150000000000000e+02,-2.1177124023437500e+01
6.4125000000000000e+02,-2.1228149414062500e+01
6.4103125000000000e+02,-2.1277770996093750e+01
6.4078125000000000e+02,-2.1326354980468750e+01
6.4056250000000000e+02,-2.1377258300781250e+01
6.4028125000000000e+02,-2.1427124023437500e+01
6.4006250000000000e+02,-2.1477539062500000e+01
6.3984375000000000e+02,-2.1526733398437500e+01
6.3956250000000000e+02,-2.1577331542968750e+01
6.3934375000000000e+02,-2.1626770019531250e+01
6.3909375000000000e+02,-2.1677368164062500e+01
6.3887500000000000e+02,-2.1726806640625000e+01
6.3862500000000000e+02,-2.1777404785156250e+01
6.3834375000000000e+02,-2.1827514648437500e+01
6.3821875000000000e+02,-2.1876708984375000e+01
6.3793750000000000e+02,-2.1926147460937500e+01
6.3771875000000000e+02,-2.1977355957031250e+01
6.3746875000000000e+02,-2.2026611328125000e+01
6.3725000000000000e+02,-2.2077026367187500e+01
6.3703125000000000e+02,-2.2126342773437500e+01
6.3681250000000000e+02,-2.2177124023437500e+01
6.3653125000000000e+02,-2.2226928710937500e+01
6.3631250000000000e+02,-2.2277221679687500e+01
6.3609375000000000e+02,-2.2327392578125000e+01
6.3590625000000000e+02,-2.2378051757812500e+01
6.3562500000000000e+02,-2.2426757812500000e+01
6.3543750000000000e+02,-2.2478454589843750e+01
6.3521875000000000e+02,-2.2526916503906250e+01
6.3503125000000000e+02,-2.2576660156250000e+01
6.3478125000000000e+02,-2.2626586914062500e+01
6.3456250000000000e+02,-2.2676025390625000e+01
6.3434375000000000e+02,-2.2726806640625000e+01
6.3409375000000000e+02,-2.2776123046875000e+01
6.3387500000000000e+02,-2.2826049804687500e+01
6.3368750000000000e+02,-2.2874450683593750e+01
6.3346875000000000e+02,-2.2926147460937500e+01
6.3321875000000000e+02,-2.2976379394531250e+01
6.3300000000000000e+02,-2.3025695800781250e+01
6.3281250000000000e+02,-2.3074890136718750e+01
6.3259375000000000e+02,-2.3126708984375000e+01
6.3237500000000000e+02,-2.3176025390625000e+01
6.3212500000000000e+02,-2.3227478027343750e+01
6.3193750000000000e+02,-2.3275695800781250e+01
6.3175000000000000e+02,-2.3326110839843750e+01
6.3153125000000000e+02,-2.3375183105468750e+01
6.3131250000000000e+02,-2.3425659179687500e+01
6.3112500000000000e+02,-2.3474182128906250e+01
6.3090625000000000e+02,-2.3524841308593750e+01
6.3068750000000000e+02,-2.3574645996093750e+01
6.3046875000000000e+02,-2.3623718261718750e+01
6.3025000000000000e+02,-2.3674987792968750e+01
6.3006250000000000e+02,-2.3724670410156250e+01
6.2987500000000000e+02,-2.3773681640625000e+01
6.2965625000000000e+02,-2.3824218750000000e+01
6.2946875000000000e+02,-2.3873718261718750e+01
6.2928125000000000e+02,-2.3922729492187500e+01
6.2906250000000000e+02,-2.3973693847656250e+01
6.2884375000000000e+02,-2.4023498535156250e+01
6.2865625000000000e+02,-2.4072998046875000e+01
6.2840625000000000e+02,-2.4124511718750000e+01
6.2825000000000000e+02,-2.4173461914062500e+01
6.2803125000000000e+02,-2.4222961425781250e+01
6.2784375000000000e+02,-2.4272827148437500e+01
6.2762500000000000e+02,-2.4322937011718750e+01
6.2743750000000000e+02,-2.4371826171875000e+01
6.2725000000000000e+02,-2.4420593261718750e+01
6.2706250000000000e+02,-2.4471740722656250e+01
6.2681250000000000e+02,-2.4520874023437500e+01
6.2665625000000000e+02,-2.4570007324218750e+01
6.2646875000000000e+02,-2.4620666503906250e+01
6.2625000000000000e+02,-2.4669616699218750e+01
6.2603125000000000e+02,-2.4718811035156250e+01
6.2587500000000000e+02,-2.4770629882812500e+01
6.2565625000000000e+02,-2.4819458007812500e+01
6.2546875000000000e+02,-2.4869323730468750e+01
6.2531250000000000e+02,-2.4919189453125000e+01
6.2509375000000000e+02,-2.4968444824218750e+01
6.2487500000000000e+02,-2.5018554687500000e+01
6.2471875000000000e+02,-2.5067810058593750e+01
6.2450000000000000e+02,-2.5117004394531250e+01
6.2434375000000000e+02,-2.5166503906250000e+01
6.2415625000000000e+02,-2.5216735839843750e+01
6.2396875000000000e+02,-2.5266357421875000e+01
6.2375000000000000e+02,-2.5316040039062500e+01
6.2359375000000000e+02,-2.5364990234375000e+01
6.2340625000000000e+02,-2.5413879394531250e+01
6.2321875000000000e+02,-2.5465148925781250e+01
6.2303125000000000e+02,-2.5514709472656250e+01
6.2284375000000000e+02,-2.5564270019531250e+01
6.2265625000000000e+02,-2.5612731933593750e+01
6.2250000000000000e+02,-2.5662658691406250e+01
6.2228125000000000e+02,-2.5712890625000000e+01
6.2212500000000000e+02,-2.5762023925781250e+01
6.2193750000000000e+02,-2.5811828613281250e+01
6.2175000000000000e+02,-2.5861267089843750e+01
6.2156250000000000e+02,-2.5910827636718750e+01
6.2137500000000000e+02,-2.5959838867187500e+01
6.2118750000000000e+02,-2.6009094238281250e+01
6.2103125000000000e+02,-2.6060180664062500e+01
6.2081250000000000e+02,-2.6108642578125000e+01
6.2068750000000000e+02,-2.6157592773437500e+01
6.2050000000000000e+02,-2.6208679199218750e+01
6.2031250000000000e+02,-2.6256896972656250e+01
6.2015625000000000e+02,-2.6305603027343750e+01
6.2000000000000000e+02,-2.6355712890625000e+01
6.1978125000000000e+02,-2.6405944824218750e+01
6.1959375000000000e+02,-2.6454406738281250e+01
6.1943750000000000e+02,-2.6505065917968750e+01
6.1928125000000000e+02,-2.6553283691406250e+01
6.1909375000000000e+02,-2.6602478027343750e+01
6.1893750000000000e+02,-2.6651794433593750e+01
6.1871875000000000e+02,-2.6701171875000000e+01
6.1856250000000000e+02,-2.6750061035156250e+01
6.1837500000000000e+02,-2.6800659179687500e+01
6.1825000000000000e+02,-2.6848937988281250e+01
6.1809375000000000e+02,-2.6899169921875000e+01
6.1790625000000000e+02,-2.6947692871093750e+01
6.1775000000000000e+02,-2.6997375488281250e+01
6.1756250000000000e+02,-2.7047058105468750e+01
6.1740625000000000e+02,-2.7096069335937500e+01
6.1718750000000000e+02,-2.7145446777343750e+01
6.1706250000000000e+02,-2.7194946289062500e+01
6.1690625000000000e+02,-2.7242004394531250e+01
6.1671875000000000e+02,-2.7292602539062500e+01
6.1653125000000000e+02,-2.7340942382812500e+01
6.1637500000000000e+02,-2.7389709472656250e+01
6.1621875000000000e+02,-2.7440307617187500e+01
6.1603125000000000e+02,-2.7488830566406250e+01
6.1590625000000000e+02,-2.7538513183593750e+01
6.1571875000000000e+02,-2.7587951660156250e+01
6.1559375000000000e+02,-2.7637023925781250e+01
6.1540625000000000e+02,-2.7685424804687500e+01
6.1525000000000000e+02,-2.7734375000000000e+01
6.1506250000000000e+02,-2.7785339355468750e+01
6.1487500000000000e+02,-2.7832763671875000e+01
6.1475000000000000e+02,-2.7882019042968750e+01
6.1459375000000000e+02,-2.7930725097656250e+01
6.1443750000000000e+02,-2.7980407714843750e+01
6.1428125000000000e+02,-2.8028808593750000e+01
6.1409375000000000e+02,-2.8078979492187500e+01
6.1393750000000000e+02,-2.8126464843750000e+01
6.1378125000000000e+02,-2.8176147460937500e+01
6.1362500000000000e+02,-2.8225463867187500e+01
6.1346875000000000e+02,-2.8273193359375000e+01
6.1334375000000000e+02,-2.8322814941406250e+01
6.1315625000000000e+02,-2.8371398925781250e+01
6.1303125000000000e+02,-2.8420959472656250e+01
6.1284375000000000e+02,-2.8469299316406250e+01
6.1268750000000000e+02,-2.8519104003906250e+01
6.1253125000000000e+02,-2.8568176269531250e+01
6.1237500000000000e+02,-2.8616333007812500e+01
6.1221875000000000e+02,-2.8665771484375000e+01
6.1209375000000000e+02,-2.8713439941406250e+01
6.1193750000000000e+02,-2.8762145996093750e+01
6.1178125000000000e+02,-2.8811340332031250e+01
6.1162500000000000e+02,-2.8860534667968750e+01
6.1146875000000000e+02,-2.8909179687500000e+01
6.1131250000000000e+02,-2.8957885742187500e+01
6.1115625000000000e+02,-2.9006225585937500e+01
6.1100000000000000e+02,-2.9055603027343750e+01
6.1090625000000000e+02,-2.9104980468750000e+01
6.1071875000000000e+02,-2.9151977539062500e+01
6.1059375000000000e+02,-2.9201660156250000e+01
6.1043750000000000e+02,-2.9251281738281250e+01
6.1025000000000000e+02,-2.9298522949218750e+01
6.1012500000000000e+02,-2.9347839355468750e+01
6.0996875000000000e+02,-2.9396362304687500e+01
6.0981250000000000e+02,-2.9445190429687500e+01
6.0968750000000000e+02,-2.9494079589843750e+01
6.0956250000000000e+02,-2.9541931152343750e+01
6.0940625000000000e+02,-2.9591186523437500e+01
6.0921875000000000e+02,-2.9639404296875000e+01
6.0909375000000000e+02,-2.9688049316406250e+01
6.0893750000000000e+02,-2.9736572265625000e+01
6.0884375000000000e+02,-2.9785400390625000e+01
6.0868750000000000e+02,-2.9834045410156250e+01
6.0853125000000000e+02,-2.9882263183593750e+01
6.0837500000000000e+02,-2.9930603027343750e+01
6.0825000000000000e+02,-2.9978637695312500e+01
6.0809375000000000e+02,-3.0028015136718750e+01
6.0796875000000000e+02,-3.0076049804687500e+01
6.0781250000000000e+02,-3.0123596191406250e+01
6.0768750000000000e+02,-3.0173828125000000e+01
6.0753125000000000e+02,-3.0221496582031250e+01
6.0734375000000000e+02,-3.0269714355468750e+01
6.0728125000000000e+02,-3.0317199707031250e+01
6.0712500000000000e+02,-3.0366210937500000e+01
6.0700000000000000e+02,-3.0415283203125000e+01
6.0684375000000000e+02,-3.0463256835937500e+01
6.0668750000000000e+02,-3.0510742187500000e+01
6.0653125000000000e+02,-3.0559814453125000e+01
6.0643750000000000e+02,-3.0608520507812500e+01
6.0628125000000000e+02,-3.0656738281250000e+01
6.0615625000000000e+02,-3.0704223632812500e+01
6.0600000000000000e+02,-3.0752380371093750e+01
6.0584375000000000e+02,-3.0801025390625000e+01
6.0575000000000000e+02,-3.0848632812500000e+01
6.0559375000000000e+02,-3.0897766113281250e+01
6.0543750000000000e+02,-3.0946350097656250e+01
6.0531250000000000e+02,-3.0995300292968750e+01
6.0515625000000000e+02,-3.1042846679687500e+01
6.0503125000000000e+02,-3.1090698242187500e+01
6.0493750000000000e+02,-3.1137939453125000e+01
6.0478125000000000e+02,-3.1186218261718750e+01
6.0465625000000000e+02,-3.1234069824218750e+01
6.0453125000000000e+02,-3.1283935546875000e+01
6.0440625000000000e+02,-3.1330810546875000e+01
6.0421875000000000e+02,-3.1378601074218750e+01
6.0412500000000000e+02,-3.1427673339843750e+01
6.0403125000000000e+02,-3.1473999023437500e+01
6.0384375000000000e+02,-3.1522583007812500e+01
6.0375000000000000e+02,-3.1571105957031250e+01
6.0359375000000000e+02,-3.1618713378906250e+01
6.0346875000000000e+02,-3.1666992187500000e+01
6.0334375000000000e+02,-3.1716125488281250e+01
6.0318750000000000e+02,-3.1763061523437500e+01
6.0306250000000000e+02,-3.1811035156250000e+01
6.0293750000000000e+02,-3.1858947753906250e+01
6.0281250000000000e+02,-3.1907531738281250e+01
6.0271875000000000e+02,-3.1955322265625000e+01
6.0256250000000000e+02,-3.2001464843750000e+01
6.0243750000000000e+02,-3.2051574707031250e+01
6.0231250000000000e+02,-3.2098815917968750e+01
6.0218750000000000e+02,-3.2146179199218750e+01
6.0206250000000000e+02,-3.2193908691406250e+01
6.0193750000000000e+02,-3.2241821289062500e+01
6.0178125000000000e+02,-3.2288635253906250e+01
6.0168750000000000e+02,-3.2336242675781250e+01
6.0156250000000000e+02,-3.2385437011718750e+01
6.0140625000000000e+02,-3.2433959960937500e+01
6.0128125000000000e+02,-3.2480651855468750e+01
6.0118750000000000e+02,-3.2528442382812500e+01
6.0103125000000000e+02,-3.2576477050781250e+01
6.0090625000000000e+02,-3.2623657226562500e+01
6.0081250000000000e+02,-3.2671752929687500e+01
6.0068750000000000e+02,-3.2718811035156250e+01
6.0056250000000000e+02,-3.2766479492187500e+01
6.0043750000000000e+02,-3.2814514160156250e+01
6.0031250000000000e+02,-3.2862548828125000e+01
6.0018750000000000e+02,-3.2909851074218750e+01
6.0006250000000000e+02,-3.2957641601562500e+01
5.9993750000000000e+02,-3.3005493164062500e+01
5.9984375000000000e+02,-3.3052551269531250e+01
5.9968750000000000e+02,-3.3100891113281250e+01
5.9959375000000000e+02,-3.3147460937500000e+01
5.9943750000000000e+02,-3.3195861816406250e+01
5.9931250000000000e+02,-3.3242431640625000e+01
5.9921875000000000e+02,-3.3291320800781250e+01
5.9909375000000000e+02,-3.3338562011718750e+01
5.9896875000000000e+02,-3.3385192871093750e+01
5.9884375000000000e+02,-3.3432617187500000e+01
5.9875000000000000e+02,-3.3480468750000000e+01
5.9862500000000000e+02,-3.3528869628906250e+01
5.9853125000000000e+02,-3.3574218750000000e+01
5.9840625000000000e+02,-3.3622253417968750e+01
5.9828125000000000e+02,-3.3669616699218750e+01
5.9815625000000000e+02,-3.3717468261718750e+01
5.9806250000000000e+02,-3.3763549804687500e+01
5.9793750000000000e+02,-3.3812011718750000e+01
5.9778125000000000e+02,-3.3859741210937500e+01
5.9768750000000000e+02,-3.3907592773437500e+01
5.9753125000000000e+02,-3.3954040527343750e+01
5.9746875000000000e+02,-3.4000793457031250e+01
5.9731250000000000e+02,-3.4048339843750000e+01
5.9721875000000000e+02,-3.4096862792968750e+01
5.9712500000000000e+02,-3.4143432617187500e+01
5.9696875000000000e+02,-3.4189697265625000e+01
5.9687500000000000e+02,-3.4237915039062500e+01
5.9675000000000000e+02,-3.4283630371093750e+01
5.9665625000000000e+02,-3.4331176757812500e+01
5.9656250000000000e+02,-3.4378112792968750e+01
5.9640625000000000e+02,-3.4425964355468750e+01
5.9631250000000000e+02,-3.4472595214843750e+01
5.9621875000000000e+02,-3.4520080566406250e+01
5.9609375000000000e+02,-3.4567138671875000e+01
5.9600000000000000e+02,-3.4613830566406250e+01
5.9584375000000000e+02,-3.4662231445312500e+01
5.9575000000000000e+02,-3.4710205078125000e+01
5.9565625000000000e+02,-3.4756591796875000e+01
5.9553125000000000e+02,-3.4803161621093750e+01
5.9543750000000000e+02,-3.4850219726562500e+01
5.9531250000000000e+02,-3.4896423339843750e+01
5.9518750000000000e+02,-3.4943603515625000e+01
5.9506250000000000e+02,-3.4989868164062500e+01
5.9496875000000000e+02,-3.5037597656250000e+01
5.9487500000000000e+02,-3.5084045410156250e+01
5.9475000000000000e+02,-3.5131347656250000e+01
5.9465625000000000e+02,-3.5178344726562500e+01
5.9453125000000000e+02,-3.5225036621093750e+01
5.9440625000000000e+02,-3.5273010253906250e+01
5.9437500000000000e+02,-3.5319580078125000e+01
5.9418750000000000e+02,-3.5365905761718750e+01
5.9412500000000000e+02,-3.5412475585937500e+01
5.9400000000000000e+02,-3.5458984375000000e+01
5.9387500000000000e+02,-3.5505737304687500e+01
5.9375000000000000e+02,-3.5553710937500000e+01
5.9368750000000000e+02,-3.5600585937500000e+01
5.9359375000000000e+02,-3.5647338867187500e+01
5.9346875000000000e+02,-3.5694152832031250e+01
5.9334375000000000e+02,-3.5740173339843750e+01
5.9325000000000000e+02,-3.5787414550781250e+01
5.9315625000000000e+02,-3.5833862304687500e+01
5.9303125000000000e+02,-3.5880249023437500e+01
5.9290625000000000e+02,-3.5927185058593750e+01
5.9287500000000000e+02,-3.5973754882812500e+01
5.9271875000000000e+02,-3.6020996093750000e+01
5.9262500000000000e+02,-3.6067932128906250e+01
5.9250000000000000e+02,-3.6114624023437500e+01
5.9243750000000000e+02,-3.6159362792968750e+01
5.9228125000000000e+02,-3.6208129882812500e+01
5.9221875000000000e+02,-3.6253845214843750e+01
5.9212500000000000e+02,-3.6300537109375000e+01
5.9196875000000000e+02,-3.6345397949218750e+01
5.9187500000000000e+02,-3.6393432617187500e+01
5.9178125000000000e+02,-3.6440429687500000e+01
5.9168750000000000e+02,-3.6486450195312500e+01
5.9159375000000000e+02,-3.6533447265625000e+01
5.9150000000000000e+02,-3.6578613281250000e+01
5.9137500000000000e+02,-3.6626342773437500e+01
5.9128125000000000e+02,-3.6672912597656250e+01
5.9118750000000000e+02,-3.6718383789062500e+01
5.9109375000000000e+02,-3.6765991210937500e+01
5.9100000000000000e+02,-3.6812561035156250e+01
5.9087500000000000e+02,-3.6858764648437500e+01
5.9075000000000000e+02,-3.6905212402343750e+01
5.9065625000000000e+02,-3.6951049804687500e+01
5.9056250000000000e+02,-3.6997070312500000e+01
5.9046875000000000e+02,-3.7043579101562500e+01
5.9034375000000000e+02,-3.7090576171875000e+01
5.9028125000000000e+02,-3.7137084960937500e+01
5.9018750000000000e+02,-3.7183349609375000e+01
5.9009375000000000e+02,-3.7227844238281250e+01
5.9000000000000000e+02,-3.7275207519531250e+01
5.8987500000000000e+02,-3.7321716308593750e+01
5.8981250000000000e+02,-3.7369140625000000e+01
5.8968750000000000e+02,-3.7414123535156250e+01
5.8959375000000000e+02,-3.7460571289062500e+01
5.8950000000000000e+02,-3.7506774902343750e+01
5.8940625000000000e+02,-3.7552795410156250e+01
5.8931250000000000e+02,-3.7599731445312500e+01
5.8918750000000000e+02,-3.7644714355468750e+01
5.8909375000000000e+02,-3.7691040039062500e+01
5.8900000000000000e+02,-3.7738525390625000e+01
5.8890625000000000e+02,-3.7784179687500000e+01
5.8881250000000000e+02,-3.7829833984375000e+01
5.8871875000000000e+02,-3.7875671386718750e+01
5.8862500000000000e+02,-3.7920959472656250e+01
5.8853125000000000e+02,-3.7967468261718750e+01
5.8843750000000000e+02,-3.8012878417968750e+01
5.8834375000000000e+02,-3.8060180664062500e+01
5.8825000000000000e+02,-3.8105163574218750e+01
5.8812500000000000e+02,-3.8152648925781250e+01
5.8803125000000000e+02,-3.8198425292968750e+01
5.8796875000000000e+02,-3.8244262695312500e+01
5.8787500000000000e+02,-3.8290283203125000e+01
5.8778125000000000e+02,-3.8336608886718750e+01
5.8765625000000000e+02,-3.8381591796875000e+01
5.8759375000000000e+02,-3.8429077148437500e+01
5.8746875000000000e+02,-3.8473205566406250e+01
5.8740625000000000e+02,-3.8519897460937500e+01
5.8731250000000000e+02,-3.8566833496093750e+01
5.8725000000000000e+02,-3.8611328125000000e+01
5.8712500000000000e+02,-3.8656860351562500e+01
5.8703125000000000e+02,-3.8704650878906250e+01
5.8693750000000000e+02,-3.8749145507812500e+01
5.8684375000000000e+02,-3.8794250488281250e+01
5.8675000000000000e+02,-3.8841003417968750e+01
5.8665625000000000e+02,-3.8886535644531250e+01
5.8653125000000000e+02,-3.8932800292968750e+01
5.8646875000000000e+02,-3.8978881835937500e+01
5.8637500000000000e+02,-3.9023681640625000e+01
5.8628125000000000e+02,-3.9070068359375000e+01
5.8618750000000000e+02,-3.9115234375000000e+01
5.8609375000000000e+02,-3.9160827636718750e+01
5.8600000000000000e+02,-3.9207397460937500e+01
5.8593750000000000e+02,-3.9253601074218750e+01
5.8584375000000000e+02,-3.9298400878906250e+01
5.8571875000000000e+02,-3.9344177246093750e+01
5.8562500000000000e+02,-3.9389709472656250e+01
5.8556250000000000e+02,-3.9433959960937500e+01
5.8546875000000000e+02,-3.9479858398437500e+01
5.8537500000000000e+02,-3.9525085449218750e+01
5.8528125000000000e+02,-3.9571899414062500e+01
5.8521875000000000e+02,-3.9617431640625000e+01
5.8509375000000000e+02,-3.9662536621093750e+01
5.8500000000000000e+02,-3.9708496093750000e+01
5.8493750000000000e+02,-3.9753845214843750e+01
5.8487500000000000e+02,-3.9798706054687500e+01
5.8478125000000000e+02,-3.9845153808593750e+01
5.8468750000000000e+02,-3.9889648437500000e+01
5.8459375000000000e+02,-3.9934875488281250e+01
5.8446875000000000e+02,-3.9980651855468750e+01
5.8440625000000000e+02,-4.0027343750000000e+01
5.8431250000000000e+02,-4.0071960449218750e+01
5.8425000000000000e+02,-4.0118347167968750e+01
5.8412500000000000e+02,-4.0163024902343750e+01
5.8403125000000000e+02,-4.0208374023437500e+01
5.8396875000000000e+02,-4.0254089355468750e+01
5.8387500000000000e+02,-4.0299072265625000e+01
5.8378125000000000e+02,-4.0343872070312500e+01
5.8375000000000000e+02,-4.0388977050781250e+01
5.8362500000000000e+02,-4.0434387207031250e+01
5.8353125000000000e+02,-4.0480773925781250e+01
5.8343750000000000e+02,-4.0525512695312500e+01
5.8337500000000000e+02,-4.0571289062500000e+01
5.8328125000000000e+02,-4.0616699218750000e+01
5.8318750000000000e+02,-4.0661193847656250e+01
5.8309375000000000e+02,-4.0706726074218750e+01
5.8306250000000000e+02,-4.0750854492187500e+01
5.8296875000000000e+02,-4.0797119140625000e+01
5.8284375000000000e+02,-4.0841308593750000e+01
5.8275000000000000e+02,-4.0885925292968750e+01
5.8268750000000000e+02,-4.0932128906250000e+01
5.8262500000000000e+02,-4.0976684570312500e+01
5.8253125000000000e+02,-4.1022888183593750e+01
5.8243750000000000e+02,-4.1067871093750000e+01
5.8234375000000000e+02,-4.1111633300781250e+01
5.8225000000000000e+02,-4.1156616210937500e+01
5.8218750000000000e+02,-4.1202270507812500e+01
5.8212500000000000e+02,-4.1247802734375000e+01
5.8200000000000000e+02,-4.1292724609375000e+01
5.8193750000000000e+02,-4.1337951660156250e+01
5.8187500000000000e+02,-4.1383544921875000e+01
5.8178125000000000e+02,-4.1427551269531250e+01
5.8168750000000000e+02,-4.1472839355468750e+01
5.8159375000000000e+02,-4.1517272949218750e+01
5.8153125000000000e+02,-4.1562438964843750e+01
5.8140625000000000e+02,-4.1606872558593750e+01
5.8137500000000000e+02,-4.1651977539062500e+01
5.8128125000000000e+02,-4.1696655273437500e+01
5.8118750000000000e+02,-4.1740783691406250e+01
5.8112500000000000e+02,-4.1786437988281250e+01
5.8103125000000000e+02,-4.1831481933593750e+01
5.8096875000000000e+02,-4.1874938964843750e+01
5.8084375000000000e+02,-4.1921142578125000e+01
5.8075000000000000e+02,-4.1965332031250000e+01
5.8068750000000000e+02,-4.2009277343750000e+01
5.8062500000000000e+02,-4.2054321289062500e+01
5.8056250000000000e+02,-4.2099670410156250e+01
5.8046875000000000e+02,-4.2144409179687500e+01
5.8037500000000000e+02,-4.2189514160156250e+01
5.8028125000000000e+02,-4.2233520507812500e+01
5.8025000000000000e+02,-4.2279418945312500e+01
5.8015625000000000e+02,-4.2323425292968750e+01
5.8006250000000000e+02,-4.2367065429687500e+01
5.8000000000000000e+02,-4.2412109375000000e+01
5.7990625000000000e+02,-4.2456604003906250e+01
5.7981250000000000e+02,-4.2501647949218750e+01
5.7975000000000000e+02,-4.2545593261718750e+01
5.7968750000000000e+02,-4.2590576171875000e+01
5.7959375000000000e+02,-4.2635131835937500e+01
5.7953125000000000e+02,-4.2678100585937500e+01
5.7940625000000000e+02,-4.2724304199218750e+01
5.7937500000000000e+02,-4.2769653320312500e+01
5.7928125000000000e+02,-4.2812561035156250e+01
5.7921875000000000e+02,-4.2857543945312500e+01
5.7912500000000000e+02,-4.2900573730468750e+01
5.7906250000000000e+02,-4.2946655273437500e+01
5.7893750000000000e+02,-4.2991027832031250e+01
5.7887500000000000e+02,-4.3034484863281250e+01
5.7881250000000000e+02,-4.3078491210937500e+01
5.7875000000000000e+02,-4.3123474121093750e+01
5.7862500000000000e+02,-4.3169006347656250e+01
5.7856250000000000e+02,-4.3211547851562500e+01
5.7850000000000000e+02,-4.3255737304687500e+01
5.7840625000000000e+02,-4.3300903320312500e+01
5.7837500000000000e+02,-4.3344421386718750e+01
5.7828125000000000e+02,-4.3388366699218750e+01
5.7818750000000000e+02,-4.3433654785156250e+01
5.7812500000000000e+02,-4.3477722167968750e+01
5.7803125000000000e+02,-4.3521789550781250e+01
5.7796875000000000e+02,-4.3565002441406250e+01
5.7790625000000000e+02,-4.3609191894531250e+01
5.7781250000000000e+02,-4.3653259277343750e+01
5.7775000000000000e+02,-4.3697998046875000e+01
5.7765625000000000e+02,-4.3741699218750000e+01
5.7759375000000000e+02,-4.3785583496093750e+01
5.7750000000000000e+02,-4.3830810546875000e+01
5.7743750000000000e+02,-4.3873474121093750e+01
5.7740625000000000e+02,-4.3918273925781250e+01
5.7731250000000000e+02,-4.3960998535156250e+01
5.7721875000000000e+02,-4.4005126953125000e+01
5.7715625000000000e+02,-4.4049743652343750e+01
5.7706250000000000e+02,-4.4093383789062500e+01
5.7696875000000000e+02,-4.4137634277343750e+01
5.7690625000000000e+02,-4.4181457519531250e+01
5.7684375000000000e+02,-4.4224365234375000e+01
5.7675000000000000e+02,-4.4269531250000000e+01
5.7671875000000000e+02,-4.4313537597656250e+01
5.7662500000000000e+02,-4.4355773925781250e+01
5.7656250000000000e+02,-4.4399902343750000e+01
5.7646875000000000e+02,-4.4444702148437500e+01
5.7640625000000000e+02,-4.4489257812500000e+01
5.7634375000000000e+02,-4.4531311035156250e+01
5.7625000000000000e+02,-4.4576110839843750e+01
5.7618750000000000e+02,-4.4619323730468750e+01
5.7612500000000000e+02,-4.4662963867187500e+01
5.7603125000000000e+02,-4.4707824707031250e+01
5.7593750000000000e+02,-4.4750671386718750e+01
5.7590625000000000e+02,-4.4793457031250000e+01
5.7581250000000000e+02,-4.4837097167968750e+01
5.7571875000000000e+02,-4.4881408691406250e+01
5.7565625000000000e+02,-4.4924377441406250e+01
5.7562500000000000e+02,-4.4967407226562500e+01
5.7553125000000000e+02,-4.5011901855468750e+01
5.7546875000000000e+02,-4.5055297851562500e+01
5.7537500000000000e+02,-4.5098510742187500e+01
5.7534375000000000e+02,-4.5141906738281250e+01
5.7521875000000000e+02,-4.5185607910156250e+01
5.7518750000000000e+02,-4.5228637695312500e+01
5.7512500000000000e+02,-4.5271789550781250e+01
5.7503125000000000e+02,-4.5314819335937500e+01
5.7496875000000000e+02,-4.5358093261718750e+01
5.7487500000000000e+02,-4.5402160644531250e+01
5.7481250000000000e+02,-4.5445312500000000e+01
5.7471875000000000e+02,-4.5488220214843750e+01
5.7468750000000000e+02,-4.5533020019531250e+01
5.7462500000000000e+02,-4.5574279785156250e+01
5.7459375000000000e+02,-4.5618286132812500e+01
5.7443750000000000e+02,-4.5660278320312500e+01
5.7434375000000000e+02,-4.5705383300781250e+01
5.7434375000000000e+02,-4.5747131347656250e+01
5.7425000000000000e+02,-4.5791992187500000e+01
5.7418750000000000e+02,-4.5833435058593750e+01
5.7412500000000000e+02,-4.5876831054687500e+01
5.7403125000000000e+02,-4.5920288085937500e+01
5.7396875000000000e+02,-4.5962158203125000e+01
5.7387500000000000e+02,-4.6006408691406250e+01
5.7387500000000000e+02,-4.6049133300781250e+01
5.7378125000000000e+02,-4.6092468261718750e+01
5.7368750000000000e+02,-4.6133361816406250e+01
5.7362500000000000e+02,-4.6177368164062500e+01
5.7356250000000000e+02,-4.6219726562500000e+01
5.7350000000000000e+02,-4.6264099121093750e+01
5.7340625000000000e+02,-4.6304992675781250e+01
5.7337500000000000e+02,-4.6348388671875000e+01
5.7331250000000000e+02,-4.6390625000000000e+01
5.7321875000000000e+02,-4.6434692382812500e+01
5.7312500000000000e+02,-4.6476562500000000e+01
5.7309375000000000e+02,-4.6519653320312500e+01
5.7296875000000000e+02,-4.6561035156250000e+01
5.7296875000000000e+02,-4.6603942871093750e+01
5.7287500000000000e+02,-4.6647827148437500e+01
5.7284375000000000e+02,-4.6688781738281250e+01
5.7275000000000000e+02,-4.6733032226562500e+01
5.7268750000000000e+02,-4.6775634765625000e+01
5.7262500000000000e+02,-4.6816955566406250e+01
5.7253125000000000e+02,-4.6860473632812500e+01
5.7250000000000000e+02,-4.6903564453125000e+01
5.7240625000000000e+02,-4.6944519042968750e+01
5.7234375000000000e+02,-4.6986816406250000e+01
5.7231250000000000e+02,-4.7029418945312500e+01
5.7221875000000000e+02,-4.7072692871093750e+01
5.7218750000000000e+02,-4.7114440917968750e+01
5.7209375000000000e+02,-4.7157287597656250e+01
5.7200000000000000e+02,-4.7198669433593750e+01
5.7193750000000000e+02,-4.7240600585937500e+01
5.7187500000000000e+02,-4.7282409667968750e+01
5.7181250000000000e+02,-4.7326721191406250e+01
5.7175000000000000e+02,-4.7367797851562500e+01
5.7168750000000000e+02,-4.7409240722656250e+01
5.7165625000000000e+02,-4.7452514648437500e+01
5.7156250000000000e+02,-4.7493530273437500e+01
5.7150000000000000e+02,-4.7536254882812500e+01
5.7146875000000000e+02,-4.7577819824218750e+01
5.7137500000000000e+02,-4.7619812011718750e+01
5.7128125000000000e+02,-4.7661926269531250e+01
5.7121875000000000e+02,-4.7703796386718750e+01
5.7115625000000000e+02,-4.7745117187500000e+01
5.7106250000000000e+02,-4.7787536621093750e+01
5.7103125000000000e+02,-4.7829467773437500e+01
5.7096875000000000e+02,-4.7870544433593750e+01
5.7090625000000000e+02,-4.7912292480468750e+01
5.7081250000000000e+02,-4.7954589843750000e+01
5.7081250000000000e+02,-4.7996948242187500e+01
5.7071875000000000e+02,-4.8038085937500000e+01
5.7065625000000000e+02,-4.8080139160156250e+01
5.7059375000000000e+02,-4.8123291015625000e+01
5.7050000000000000e+02,-4.8164672851562500e+01
5.7043750000000000e+02,-4.8204284667968750e+01
5.7040625000000000e+02,-4.8245422363281250e+01
5.7034375000000000e+02,-4.8287719726562500e+01
5.7025000000000000e+02,-4.8330322265625000e+01
5.7018750000000000e+02,-4.8371154785156250e+01
5.7015625000000000e+02,-4.8411132812500000e+01
5.7009375000000000e+02,-4.8454101562500000e+01
5.7000000000000000e+02,-4.8494201660156250e+01
5.6993750000000000e+02,-4.8535888671875000e+01
5.6987500000000000e+02,-4.8578247070312500e+01
5.6981250000000000e+02,-4.8619995117187500e+01
5.6975000000000000e+02,-4.8659851074218750e+01
5.6968750000000000e+02,-4.8700256347656250e+01
5.6965625000000000e+02,-4.8741638183593750e+01
5.6959375000000000e+02,-4.8784118652343750e+01
5.6950000000000000e+02,-4.8824523925781250e+01
5.6943750000000000e+02,-4.8865173339843750e+01
5.6937500000000000e+02,-4.8906005859375000e+01
5.6931250000000000e+02,-4.8947631835937500e+01
5.6925000000000000e+02,-4.8989318847656250e+01
5.6918750000000000e+02,-4.9029418945312500e+01
5.6915625000000000e+02,-4.9070312500000000e+01
5.6906250000000000e+02,-4.9110595703125000e+01
5.6903125000000000e+02,-4.9152648925781250e+01
5.6893750000000000e+02,-4.9192504882812500e+01
5.6887500000000000e+02,-4.9233215332031250e+01
5.6884375000000000e+02,-4.9273925781250000e+01
5.6875000000000000e+02,-4.9314392089843750e+01
5.6871875000000000e+02,-4.9355590820312500e+01
5.6865625000000000e+02,-4.9395996093750000e+01
5.6859375000000000e+02,-4.9436462402343750e+01
5.6853125000000000e+02,-4.9477416992187500e+01
5.6846875000000000e+02,-4.9517211914062500e+01
5.6837500000000000e+02,-4.9558105468750000e+01
5.6834375000000000e+02,-4.9598388671875000e+01
